Number,Player,TEAM,AGE,GP,W,L,MIN,DEF RTG,DREB,DREB%,%DREB,STL,STL%,BLK,%BLK,OPP PTS_OFF TOV,OPP PTS 2ND CHANCE,OPP PTS FB,OPP PTS PAINT,DEF WS
1,Giannis Antetokounmpo,MIL,25,57,48,9,30.9,96.5,11.5,0.305,0.407,1,21.1,1,0.236,9,6.7,7.8,23.5,0.206
2,Justise Winslow,MEM,24,11,7,4,32,99.9,5.2,0.154,0.214,0.6,11.9,0.5,0.135,12.2,7.7,9.6,27.6,0.18
3,Khris Middleton,MIL,28,55,44,11,30.1,99.6,5.5,0.156,0.207,0.9,19.1,0.1,0.034,9,6.4,8.1,22.1,0.172
4,Naz Mitrou-Long,IND,26,3,2,1,14.2,79.1,2,0.115,0.143,0.3,25,0.3,0.167,4.7,2,2.7,10.7,0.172
5,Luka Samanic,SAS,20,1,0,1,12,73.1,2,0.133,0.143,0,0,0,0,0,3,2,10,0.167
6,LeBron James,LAL,35,60,47,13,34.9,103,6.9,0.187,0.263,1.2,20.2,0.5,0.095,12.3,8.4,12.1,32.3,0.163
7,Joel Embiid,PHI,26,44,28,16,30.2,101.4,9,0.278,0.387,0.9,18.1,1.3,0.403,10.1,7,8.6,26.7,0.158
8,Eric Bledsoe,MIL,30,56,47,9,27.2,99.6,3.9,0.119,0.158,0.9,23.8,0.4,0.118,8.6,5.8,7.1,22.2,0.157
9,Jayson Tatum,BOS,22,59,41,18,34.6,103.5,6.1,0.168,0.242,1.4,22.2,0.9,0.215,9.9,9.3,9.2,30.2,0.156
10,Pascal Siakam,TOR,26,53,40,13,35.5,104,6.5,0.166,0.245,1,14.7,0.9,0.285,11.5,9.3,8.7,31.6,0.155
11,Wesley Matthews,MIL,33,62,50,12,24.7,97.8,2.2,0.076,0.099,0.6,14.9,0.1,0.053,7.4,5.4,7.1,19.5,0.155
12,Brook Lopez,MIL,32,61,50,11,26.6,99.5,3.8,0.119,0.157,0.7,16.9,2.4,0.616,8.1,6,6.8,21.2,0.153
13,Marc Gasol,TOR,35,36,28,8,27.5,100.2,5.5,0.18,0.267,0.8,14.4,0.9,0.34,8.9,7.4,7.1,23.9,0.151
14,Kyle Lowry,TOR,34,52,36,16,36.6,105,4.3,0.108,0.159,1.3,19.7,0.4,0.12,12.6,10,9.8,32.2,0.15
15,Fred VanVleet,TOR,26,48,35,13,35.8,104.8,3.4,0.087,0.13,1.9,29.7,0.3,0.078,12.4,10.1,9.3,30.3,0.147
16,Dennis Schroder,OKC,26,63,39,24,31,103.1,3.4,0.1,0.151,0.7,14,0.2,0.062,10.2,8.2,6.6,30.7,0.147
17,Zion Williamson,NOP,19,19,10,9,29.7,103.1,3.9,0.114,0.161,0.8,16,0.5,0.145,12.1,7.3,10.6,31.9,0.143
18,Marcus Smart,BOS,26,53,34,19,32.5,104.3,3.1,0.089,0.129,1.6,27,0.5,0.138,9.6,9.1,8.4,27.8,0.14
19,Donte DiVincenzo,MIL,23,59,51,8,23.1,98.5,3.9,0.143,0.196,1.4,33.8,0.3,0.111,8.2,5.4,7.2,19.7,0.14
20,Gordon Hayward,BOS,30,45,29,16,33.4,104.9,5.5,0.156,0.228,0.8,13,0.4,0.116,9.6,9.8,9.3,30.5,0.138
21,Zach Collins,POR,22,3,2,1,28.8,103.2,2.7,0.082,0.116,0,0,0.7,0.222,8.3,9.7,5,17.3,0.137
22,Kawhi Leonard,LAC,29,51,38,13,32.2,104.3,6.3,0.18,0.251,1.8,36.2,0.6,0.187,10.5,7.2,9.3,27.8,0.135
23,Anthony Davis,LAL,27,55,43,12,34.3,105.6,7.1,0.197,0.278,1.5,23.2,2.4,0.482,12.7,8.4,12.9,33,0.135
24,Josh Richardson,PHI,26,48,29,19,30.7,104.2,2.6,0.08,0.117,0.9,18.8,0.7,0.187,9.3,7.7,8.3,29.6,0.133
25,Russell Westbrook,HOU,31,53,34,19,35.9,106.7,6.3,0.16,0.241,1.7,23.9,0.3,0.085,12.8,10.2,11.5,39.3,0.133
26,Norman Powell,TOR,27,44,33,11,28.8,104,3.1,0.095,0.146,1.3,21.7,0.4,0.133,9.6,9.3,7.7,26.7,0.129
27,Ben Simmons,PHI,23,54,33,21,35.7,106.9,5.8,0.158,0.219,2.1,33.8,0.6,0.147,12.1,8.8,10.6,35.2,0.127
28,Domantas Sabonis,IND,24,62,37,25,34.8,106.8,9.4,0.262,0.383,0.8,14.4,0.5,0.149,10.2,8.5,9.7,33.5,0.123
29,Tobias Harris,PHI,27,65,39,26,34.5,106.7,5.9,0.171,0.233,0.8,13.1,0.5,0.146,11,7.6,9.8,34.1,0.122
30,Joe Ingles,UTA,32,64,41,23,29.9,105.1,3.6,0.114,0.162,0.9,22.4,0.1,0.052,10.3,7.7,7.4,28.9,0.122
31,Rudy Gobert,UTA,28,62,40,22,34.6,106.8,10.3,0.279,0.388,0.8,17.9,2,0.693,12.2,8.5,9.4,32.4,0.122
32,Paul Millsap,DEN,35,44,27,17,24.4,102.2,3.9,0.158,0.227,0.9,18.4,0.6,0.311,7.5,5.5,6.3,23,0.12
33,Jaylen Brown,BOS,23,50,33,17,34,106.9,5.3,0.148,0.215,1.1,19.9,0.3,0.087,10.1,9.1,9.2,31,0.119
34,Jonathan Isaac,ORL,22,32,13,19,29.7,105.2,5.2,0.174,0.246,1.6,28.1,2.4,0.605,8.4,7.3,7.5,27.1,0.119
35,OG Anunoby,TOR,22,63,45,18,30.1,105.5,4.2,0.134,0.195,1.4,24,0.7,0.253,10.2,8.5,8,27,0.119
36,Malcolm Brogdon,IND,27,48,30,18,30.7,105.7,3.9,0.123,0.179,0.7,14.5,0.2,0.05,9.5,7.5,8.3,30.2,0.118
37,Al-Farouq Aminu,ORL,29,18,7,11,21.1,100.1,3.5,0.158,0.223,1,26.5,0.4,0.148,7.8,4.9,5.5,18.7,0.117
38,Al Horford,PHI,34,60,35,25,30.8,106,5.3,0.17,0.234,0.9,16.5,0.9,0.286,10,7.1,8.7,31,0.117
39,Patrick Beverley,LAC,31,48,37,11,27.1,104,4.2,0.144,0.205,1.1,24.7,0.5,0.179,9.2,6.4,7.4,22.3,0.117
40,Wendell Carter Jr.,CHI,21,43,15,28,29.2,105.3,6.2,0.216,0.306,0.8,12.9,0.8,0.391,11.5,7.3,8,28.1,0.117
41,Will Barton,DEN,29,58,38,20,33,106.9,5,0.147,0.217,1.1,18.2,0.5,0.159,10.1,8.7,8.1,33.7,0.115
42,Jamal Murray,DEN,23,55,37,18,32.8,107,3.2,0.097,0.14,1.2,22.5,0.3,0.105,10.6,7.3,8.3,32.6,0.113
43,James Harden,HOU,30,61,39,22,36.7,108.2,5.3,0.132,0.198,1.7,26.8,0.9,0.215,13.3,10.8,12.5,37.8,0.113
44,Kris Dunn,CHI,26,51,19,32,24.9,103.6,3.2,0.132,0.19,2,34.1,0.3,0.16,9.1,6.2,6.5,23.7,0.113
45,Serge Ibaka,TOR,30,50,36,14,27.5,105,6.2,0.202,0.302,0.5,9.5,0.8,0.318,9.1,8,7,23.8,0.113
46,Paul George,LAC,30,42,30,12,29.1,105.7,5.2,0.165,0.236,1.3,27.5,0.5,0.148,10.2,6.7,9.2,26.4,0.112
47,Bam Adebayo,MIA,22,65,41,24,34.4,107.7,8,0.224,0.31,1.2,23.8,1.3,0.423,11.9,8.4,7.5,30.9,0.111
48,Duncan Robinson,MIA,26,65,41,24,30,106.2,3.1,0.101,0.14,0.5,12.5,0.2,0.084,10.9,6.6,7.4,26.8,0.111
49,Clint Capela,ATL,26,39,22,17,32.8,107.4,9.5,0.265,0.386,0.8,15.4,1.8,0.49,12.8,9.1,11.5,35.8,0.111
50,Victor Oladipo,IND,28,13,7,6,26,104.3,2.6,0.094,0.135,0.8,22,0.2,0.081,8.1,5.2,8.7,23.1,0.111
51,Garrett Temple,BKN,34,55,26,29,28.1,105.7,2.9,0.091,0.131,0.8,22.3,0.5,0.177,10.2,7.7,7.3,25.8,0.109
52,Gary Harris,DEN,25,56,37,19,31.8,107.1,2.4,0.077,0.113,1.4,24.6,0.3,0.093,10.4,7.9,8.2,31.5,0.109
53,T.J. Warren,IND,26,61,38,23,32.5,107.4,3,0.088,0.13,1.1,23.2,0.4,0.123,9.9,7.9,9.1,32.7,0.109
54,Myles Turner,IND,24,55,32,23,29.6,106.2,5.3,0.171,0.251,0.8,16.3,2.2,0.585,8.8,7.3,8.8,27.7,0.109
55,Kristaps Porzingis,DAL,24,51,30,21,31.3,107.1,7.7,0.222,0.315,0.7,16.2,2.1,0.57,9.1,8.1,11,28,0.109
56,Montrezl Harrell,LAC,26,63,44,19,27.8,105.8,4.5,0.141,0.211,0.6,16.5,1.1,0.398,9.7,7.7,7.7,26.4,0.108
57,Avery Bradley,LAL,29,49,36,13,24.2,104,2,0.077,0.11,0.9,20.1,0.1,0.03,9.2,6.2,10.1,24.4,0.108
58,George Hill,MIL,34,52,44,8,21.2,101.4,2.1,0.085,0.119,0.8,24.4,0.1,0.032,7.1,4.9,5.8,15.7,0.108
59,Lou Williams,LAC,33,60,41,19,29.3,106.6,2.6,0.079,0.118,0.7,17.1,0.2,0.058,10.4,8.3,8.8,28.2,0.108
60,D.J. Augustin,ORL,32,49,25,24,24.8,104.1,1.9,0.071,0.103,0.6,14.6,0,0.006,7.9,6.3,7.3,22.9,0.107
61,Chris Paul,OKC,35,63,40,23,31.8,107.6,4.6,0.141,0.206,1.6,27.8,0.1,0.049,9.5,7.8,6.9,31.2,0.105
62,Kyle Kuzma,LAL,24,54,43,11,24.6,104.5,3.6,0.134,0.2,0.4,9.2,0.4,0.116,8.5,6.3,7.6,24.3,0.105
63,Bojan Bogdanovic,UTA,31,63,41,22,33.1,108,3.5,0.1,0.138,0.5,13.9,0.1,0.042,12,8.2,9.3,31.6,0.105
64,Nikola Jokic,DEN,25,65,43,22,32.3,107.7,7.8,0.244,0.352,1.2,21.6,0.7,0.23,10,7.9,8.3,32,0.104
65,Daniel Theis,BOS,28,58,37,21,23.8,104.1,4.3,0.172,0.25,0.6,14,1.3,0.439,6.7,6.3,6.5,20.4,0.104
66,Danny Green,LAL,33,61,48,13,25.1,105,2.7,0.1,0.141,1.2,25.4,0.5,0.126,9.5,6.5,10.2,24.1,0.103
67,Jimmy Butler,MIA,30,54,36,18,34.3,108.5,4.8,0.137,0.191,1.7,31.1,0.5,0.188,10.9,8.4,7.7,31.4,0.103
68,Lauri Markkanen,CHI,23,50,18,32,29.8,107.3,5.1,0.174,0.252,0.8,14.1,0.5,0.183,11.7,7.9,7.7,31.4,0.102
69,Deandre Ayton,PHX,21,30,12,18,33.2,108.4,7.9,0.229,0.337,0.7,13.1,1.7,0.505,11.4,8.6,9.8,34,0.102
70,Ricky Rubio,PHX,29,57,24,33,31.6,108.2,3.9,0.124,0.174,1.5,29.9,0.2,0.059,10.7,7.9,8.4,32.4,0.1
71,Donovan Mitchell,UTA,23,63,40,23,34.4,109,3.7,0.102,0.144,1,24.6,0.2,0.071,11.9,8.4,9.2,32.9,0.1
72,Mychal Mulder,GSW,26,7,3,4,29.1,107.1,2.9,0.093,0.14,0.3,8,0.1,0.063,9.1,9.9,9.4,28,0.099
73,Alex Caruso,LAL,26,58,45,13,17.8,100.3,1.7,0.088,0.127,1,31.3,0.3,0.125,5.9,4.5,4.6,16.7,0.098
74,David Nwaba,BKN,27,20,8,12,13.4,94.9,1.9,0.109,0.157,0.6,29.7,0.6,0.414,5.7,4.1,3.4,9.1,0.098
75,Shai Gilgeous-Alexander,OKC,21,63,39,24,35.1,109.4,5.4,0.149,0.216,1.1,19.7,0.7,0.205,11.3,9.3,7.3,37,0.098
76,P.J. Tucker,HOU,35,64,40,24,34.4,109.2,5.3,0.143,0.214,1.1,18.3,0.5,0.129,12.3,10.1,11.7,35.8,0.097
77,Jake Layman,MIN,26,23,11,12,22,104.6,1.7,0.075,0.111,0.7,16.3,0.4,0.2,8.2,6.2,5.1,21.1,0.097
78,Patrick McCaw,TOR,24,37,27,10,24.5,105.5,1.8,0.068,0.1,1.1,24.4,0.1,0.048,10,7.2,6.9,22.5,0.097
79,Kemba Walker,BOS,30,50,33,17,31.8,108.5,3.4,0.104,0.154,0.9,17.2,0.5,0.135,9.1,8.7,9.3,28.6,0.097
80,Royce O'Neale,UTA,27,64,41,23,29.1,107.7,5,0.159,0.221,0.7,20.5,0.4,0.187,10,7.3,7.7,27.8,0.096
81,Eric Mika,SAC,25,1,0,1,19,102.4,5,0.263,0.357,0,0,0,0,3,3,8,10,0.096
82,Joe Harris,BKN,28,63,30,33,30.9,108.3,3.4,0.1,0.141,0.6,14.8,0.3,0.085,9.6,7.4,9,31.5,0.095
83,Mike Conley,UTA,32,41,24,17,28.6,107.6,2.6,0.086,0.121,0.8,22,0.1,0.041,10,7.6,8.1,27.4,0.095
84,Tim Hardaway Jr.,DAL,28,63,38,25,28.8,107.7,2.8,0.086,0.124,0.6,16,0.1,0.027,7.9,8.1,10,28.2,0.095
85,Justin Holiday,IND,31,65,39,26,24.9,106.3,2.7,0.101,0.157,1.2,29.4,0.6,0.246,7.6,8,6.6,25,0.095
86,Kent Bazemore,SAC,30,64,31,33,25.1,106.4,4,0.143,0.212,1.1,29.3,0.6,0.197,7.5,7.2,7,23.1,0.094
87,Steven Adams,OKC,26,58,37,21,27,107.1,6,0.211,0.306,0.9,22.3,1.1,0.445,8.7,6.5,5.3,26.7,0.094
88,Ja Morant,MEM,20,59,31,28,30,108.3,2.8,0.082,0.118,0.9,20.5,0.3,0.076,11.3,9,8.7,28.3,0.093
89,Hamidou Diallo,OKC,21,38,21,17,18.4,102.4,2.4,0.119,0.173,0.7,30.4,0.2,0.1,6.1,4.5,3.7,18.3,0.093
90,Terrence Ross,ORL,29,63,29,34,27.3,107.5,3,0.107,0.158,1.1,23.9,0.3,0.099,8.4,6.6,7,25,0.091
91,Landry Shamet,LAC,23,47,31,16,27.5,107.6,1.8,0.058,0.086,0.4,11.3,0.2,0.068,9.9,7.3,7,25.8,0.091
92,Jrue Holiday,NOP,30,55,24,31,34.9,109.9,3.6,0.096,0.139,1.7,29.2,0.8,0.214,13.2,9.6,11.6,36,0.091
93,Chris Chiozza,BKN,24,21,9,12,11.8,93.5,1.4,0.111,0.167,0.7,30.6,0.1,0.071,3.9,2.9,1.9,9,0.09
94,Kentavious Caldwell-Pope,LAL,27,63,49,14,25.5,107,1.5,0.056,0.082,0.8,19.2,0.2,0.058,8.7,6.4,8.5,24.1,0.089
95,Matisse Thybulle,PHI,23,57,36,21,19.5,103.6,0.9,0.046,0.064,1.4,36,0.7,0.299,7.1,4.4,6,19.9,0.089
96,Taurean Prince,BKN,26,64,30,34,29,108.4,5.2,0.162,0.234,0.9,23.4,0.4,0.146,9.1,7.4,7.6,29.2,0.089
97,Caris LeVert,BKN,25,39,18,21,29,108.5,3.1,0.095,0.137,1.1,28.4,0.2,0.074,10.2,7.6,8.3,28.9,0.089
98,Darius Bazley,OKC,20,53,32,21,17.2,101.6,3.3,0.173,0.255,0.4,15.3,0.7,0.321,6.3,4.8,3.6,17.2,0.089
99,Dwight Powell,DAL,28,40,25,15,26.5,107.4,3.8,0.132,0.191,0.9,24.1,0.6,0.224,9,7.2,8.5,26.9,0.089
100,Harrison Barnes,SAC,28,64,28,36,34.9,110.3,3.8,0.108,0.158,0.6,10.8,0.2,0.052,11.7,8.5,9.3,33.7,0.089
101,Jonas Valanciunas,MEM,28,62,30,32,26.3,107.4,8.2,0.277,0.382,0.4,10.8,1.1,0.381,9.7,6.8,7.9,24.5,0.088
102,Reggie Jackson,LAC,30,23,11,12,24.2,105.9,2.3,0.088,0.131,0.4,15.9,0.2,0.098,6.4,6.4,5,23.7,0.088
103,Rondae Hollis-Jefferson,TOR,25,52,36,16,19.2,103.4,2.9,0.141,0.215,0.8,23.7,0.4,0.191,6.9,5.6,5.3,14.8,0.088
104,Furkan Korkmaz,PHI,22,64,38,26,21.8,105.5,2.1,0.09,0.129,0.6,15.6,0.2,0.096,7.1,4.8,6.9,22.6,0.088
105,Josh Gray,NOP,26,2,1,1,11.4,91.5,0.5,0.04,0.067,0,0,0,0,7,4,5.5,11,0.087
106,Lonzo Ball,NOP,22,56,24,32,32.4,109.7,5.1,0.144,0.206,1.4,27.8,0.5,0.142,13.2,9,11,35.9,0.087
107,Kendrick Nunn,MIA,24,62,40,22,29.8,108.9,2.4,0.079,0.108,0.8,17.8,0.2,0.071,10.8,7.8,6.6,27,0.087
108,Nikola Vucevic,ORL,29,54,25,29,32.6,109.8,8.6,0.27,0.365,0.9,14.7,0.9,0.288,8.9,6.8,7.3,31.3,0.086
109,Mikal Bridges,PHX,23,65,26,39,27.3,108.2,3.1,0.109,0.16,1.4,29.9,0.6,0.25,9.3,7,6.7,28,0.086
110,Spencer Dinwiddie,BKN,27,64,30,34,31.2,109.4,3,0.085,0.123,0.6,17,0.3,0.115,10.3,8.3,8.8,30.4,0.086
111,Pat Connaughton,MIL,27,61,51,10,18.3,103.2,3.3,0.153,0.213,0.3,13.3,0.5,0.226,6.5,4.7,5.6,15.7,0.086
112,Danuel House Jr.,HOU,27,58,36,22,30,109.2,3.3,0.102,0.15,1.1,22,0.6,0.158,11.1,8.1,9.6,31.8,0.086
113,DeAndre Jordan,BKN,31,56,27,29,22,105.8,7.5,0.293,0.414,0.3,11.8,0.9,0.5,8.6,6.1,5.7,19.4,0.085
114,Kelly Oubre Jr.,PHX,24,56,22,34,34.5,110.4,5.3,0.151,0.22,1.3,22.3,0.7,0.248,12.1,8.9,9.5,36.4,0.085
115,Tomas Satoransky,CHI,28,65,22,43,28.9,108.8,2.7,0.101,0.145,1.2,21,0.1,0.047,11.5,7.9,7.4,31,0.085
116,Goran Dragic,MIA,34,54,34,20,28.4,108.7,2.6,0.086,0.126,0.6,13.4,0.1,0.053,10.9,8.1,6.6,26.1,0.085
117,Aaron Gordon,ORL,24,58,28,30,33,110.1,5.8,0.175,0.245,0.9,16.4,0.6,0.173,9.4,7.7,7.8,31.4,0.085
118,Caleb Martin,CHA,24,18,6,12,17.6,102.4,1.6,0.086,0.129,0.7,27.3,0.4,0.241,5.2,4.1,4.2,15.4,0.085
119,Dorian Finney-Smith,DAL,27,64,38,26,29.7,109.1,3.5,0.11,0.16,0.7,17.8,0.6,0.202,9.1,8.4,10.2,29.8,0.084
120,Richaun Holmes,SAC,26,39,15,24,28.9,108.8,5.3,0.187,0.276,1,21.7,1.4,0.495,9.8,7,6.4,27.6,0.084
121,JaMychal Green,LAC,30,55,38,17,20.5,105.2,5,0.21,0.303,0.5,15.9,0.4,0.177,7,5.6,5.7,19.6,0.084
122,Maxi Kleber,DAL,28,66,39,27,25.7,107.9,3.9,0.14,0.201,0.3,10,1.2,0.441,7.3,7.6,8.7,26.4,0.084
123,Wes Iwundu,ORL,25,45,21,24,18,103.2,2,0.109,0.153,0.6,16.9,0.2,0.133,4.9,4,4.5,17.2,0.084
124,Otto Porter Jr.,CHI,27,14,5,9,23.6,107,2.5,0.108,0.17,1.1,24.6,0.4,0.194,7.9,7.4,5.7,25.1,0.083
125,Dillon Brooks,MEM,24,65,32,33,28.5,108.9,2.3,0.075,0.106,0.9,19.8,0.4,0.118,10.4,8.2,8.7,27.1,0.083
126,Evan Fournier,ORL,27,61,26,35,31.7,110,2.3,0.073,0.102,1.1,20.9,0.2,0.065,8.5,7.1,6.9,30.2,0.083
127,Terence Davis,TOR,23,64,46,18,17,102.4,2.7,0.139,0.215,0.5,17.9,0.2,0.089,6.3,5.2,4.2,14.2,0.083
128,Tyler Herro,MIA,20,47,31,16,27.2,108.6,3.7,0.126,0.182,0.6,16.1,0.1,0.061,10.8,7.4,6.9,26.7,0.082
129,Sterling Brown,MIL,25,45,36,9,14.8,100,3,0.173,0.24,0.5,20.4,0.2,0.092,6.2,3.8,3.7,12.3,0.082
130,Gorgui Dieng,MEM,30,58,18,40,17.5,102.9,4.3,0.227,0.336,0.8,26.4,1,0.4,6.8,4.8,5.1,16.7,0.082
131,Derrick Favors,NOP,28,45,22,23,24.2,107.4,6.6,0.248,0.35,0.6,14.5,1,0.373,9.7,6.2,8.5,25.5,0.081
132,Doug McDermott,IND,28,62,37,25,20,105.4,2.1,0.098,0.152,0.1,5.3,0.1,0.036,6,6.4,5.5,19.5,0.081
133,Kyle Korver,MIL,39,50,40,10,16.7,102.7,1.8,0.088,0.127,0.4,19.1,0.2,0.11,6.1,4.2,4.6,14.5,0.081
134,Brad Wanamaker,BOS,30,63,43,20,19.3,104.8,1.7,0.079,0.117,0.8,26.4,0.2,0.086,6.3,5.6,5.5,17.9,0.08
135,Robert Covington,HOU,29,62,23,39,30.1,109.7,5.5,0.177,0.26,1.5,27.7,1.3,0.328,10.7,7.7,8.4,29.8,0.08
136,Thaddeus Young,CHI,32,64,22,42,24.9,108.1,3.5,0.145,0.214,1.4,26.4,0.4,0.173,9.3,6.5,6.8,25.5,0.08
137,De'Anthony Melton,MEM,22,52,25,27,19.4,105.2,3,0.139,0.203,1.3,34.4,0.3,0.148,7.2,5.4,5.6,18.4,0.08
138,Cory Joseph,SAC,28,64,28,36,24,107.6,2,0.083,0.119,0.7,19.2,0.3,0.165,8.2,5.5,5.7,23.3,0.079
139,Aaron Holiday,IND,23,58,36,22,23.6,107.4,1.9,0.076,0.113,0.8,22.2,0.2,0.09,6.6,6.7,6.8,23.3,0.079
140,Marcus Morris Sr.,LAC,30,55,22,33,31.4,109.9,4.1,0.128,0.183,0.8,16.1,0.5,0.162,10.4,7.4,9,27.1,0.079
141,Luka Doncic,DAL,21,54,34,20,33.3,110.8,8,0.222,0.32,1.1,25,0.2,0.055,10.2,9.4,10.8,34,0.079
142,Damion Lee,GSW,27,49,12,37,29,109.7,4.2,0.144,0.207,1,20.1,0.1,0.043,10.3,7.9,9,28.3,0.079
143,Meyers Leonard,MIA,28,49,34,15,20.1,105.5,4.5,0.217,0.293,0.3,8.2,0.3,0.197,7.4,4.6,5.5,18.6,0.078
144,Brandon Ingram,NOP,22,56,23,33,34.3,111.1,5.4,0.144,0.211,1,18.5,0.7,0.172,13.4,9.7,12.1,37.3,0.078
145,Trevor Ariza,POR,35,53,22,31,28.2,109.3,4,0.137,0.202,1.3,30.1,0.3,0.09,9.6,7.3,8.9,26.3,0.078
146,Timothe Luwawu-Cabarrot,BKN,25,39,15,24,17.2,103.8,1.7,0.085,0.126,0.4,16.1,0.2,0.098,6.5,5,3.9,14.7,0.078
147,P.J. Washington,CHA,21,58,22,36,30.3,110.1,4.4,0.145,0.214,0.9,21.2,0.8,0.301,10.5,8.3,7.5,32.6,0.078
148,Ivica Zubac,LAC,23,64,44,20,18.1,104.1,4.6,0.233,0.324,0.2,6.7,0.9,0.465,6.1,4.1,5.6,15.9,0.077
149,Zach LaVine,CHI,25,60,20,40,34.8,111.2,4.1,0.125,0.182,1.5,20.8,0.5,0.172,13.6,9.9,9.2,37.2,0.077
150,Grant Williams,BOS,21,62,43,19,15.6,102.4,1.7,0.103,0.149,0.5,17,0.5,0.295,4.9,4,4.6,13.6,0.077
151,Enes Kanter,BOS,28,51,32,19,17.5,103.7,5,0.266,0.382,0.4,16.9,0.7,0.481,5.2,4.8,4.7,16.8,0.077
152,Josh Jackson,MEM,23,18,9,9,19.8,105.9,2.6,0.117,0.176,1,25,0.5,0.2,6,4.7,5.9,18.2,0.077
153,Coby White,CHI,20,65,22,43,25.8,108.8,3.1,0.128,0.191,0.8,14,0.1,0.042,9,6.6,7.1,26.8,0.077
154,Brandon Clarke,MEM,23,50,27,23,21.7,107.1,4.3,0.177,0.263,0.5,14.7,0.8,0.313,8.8,6.7,6.6,21.2,0.077
155,Kelan Martin,MIN,24,31,12,19,16,103.1,2.7,0.154,0.231,0.2,7.3,0.3,0.136,5.6,4.3,3.2,16.1,0.076
156,Dragan Bender,GSW,22,16,10,6,17.8,104.8,3.6,0.183,0.254,0.3,11.4,0.6,0.321,7.4,4.8,6,16.1,0.075
157,Mike Scott,PHI,31,63,37,26,17.8,104.8,2.7,0.147,0.211,0.3,10.3,0.1,0.04,5.8,4.4,5.4,18.3,0.075
158,Keldon Johnson,SAS,20,9,3,6,10.2,95.7,1.3,0.121,0.162,0.6,23.8,0.1,0.083,2.7,3,0.7,10.7,0.075
159,Jarrett Allen,BKN,22,64,30,34,25.7,108.9,6.4,0.228,0.332,0.6,17.1,1.3,0.518,8.1,6.7,7.2,25.9,0.075
160,Kyle Anderson,MEM,26,59,30,29,19.3,105.9,3.4,0.156,0.229,0.8,24.5,0.5,0.221,7.6,5.7,5.8,18.3,0.075
161,Jeremy Lamb,IND,28,46,27,19,28.1,109.8,3.8,0.135,0.203,1.2,28.8,0.5,0.157,9.1,7.1,7.7,28.3,0.074
162,Markelle Fultz,ORL,22,64,30,34,28.3,110,2.8,0.099,0.137,1.3,26.3,0.2,0.055,7.8,6,6.4,27.3,0.074
163,Eric Gordon,HOU,31,34,21,13,28.6,110.3,1.7,0.054,0.083,0.6,14,0.4,0.117,9.8,9.5,8.7,32.4,0.074
164,Buddy Hield,SAC,27,64,28,36,32,111,3.9,0.124,0.181,0.9,18.3,0.3,0.097,11.3,8.5,8.9,31.6,0.073
165,Monte Morris,DEN,25,65,43,22,21.6,107.5,1.4,0.063,0.095,0.8,22.3,0.2,0.099,6.6,6,5.5,22,0.073
166,Shabazz Napier,WAS,28,51,16,35,24.2,108.6,2.4,0.1,0.146,1.3,26.9,0.2,0.078,8.9,6.3,6,24.1,0.073
167,Maurice Harkless,NYK,27,62,39,23,23,108.5,3,0.117,0.169,0.9,25.8,0.5,0.2,8.6,6,7,21.9,0.073
168,Luke Kennard,DET,24,28,11,17,32.9,111.3,3.2,0.095,0.143,0.4,10.3,0.2,0.061,12.4,9,9.9,35.2,0.073
169,Andre Iguodala,MIA,36,14,7,7,18.5,106.4,3.1,0.142,0.219,0.6,18.6,1.1,0.4,8,4.6,4.9,14.6,0.072
170,Devonte' Graham,CHA,25,63,23,40,35.1,111.8,2.7,0.078,0.119,1,20.1,0.2,0.081,11.8,9.9,8.3,36.7,0.072
171,Nerlens Noel,OKC,26,55,35,20,18.4,105.7,3.4,0.176,0.272,1,30.6,1.5,0.636,6.2,5.4,4.6,18.3,0.072
172,Draymond Green,GSW,30,43,10,33,28.4,110.4,5.7,0.192,0.276,1.4,28.4,0.8,0.264,10.7,7.3,8.1,26.8,0.071
173,Luguentz Dort,OKC,21,29,22,7,22,107.8,1.3,0.058,0.086,0.8,20,0.1,0.029,6.3,6.3,5.1,21.2,0.071
174,Dwight Howard,LAL,34,62,49,13,19.2,106,4.9,0.25,0.354,0.4,13.9,1.2,0.547,6.6,4.6,6.4,17.6,0.071
175,Abdel Nader,OKC,26,48,33,15,15.8,103.9,1.6,0.095,0.141,0.4,18.3,0.4,0.208,5.4,3.8,3.5,16.3,0.071
176,Bogdan Bogdanovic,SAC,27,53,26,27,28.5,110.3,2.9,0.103,0.152,1,24.1,0.3,0.106,9.3,6.5,6.5,26.2,0.07
177,Jalen Brunson,DAL,23,57,34,23,17.9,105.6,2,0.1,0.146,0.4,17.7,0.1,0.039,5.1,4.8,6.3,17.7,0.07
178,Ky Bowman,GSW,23,45,9,36,22.6,108.2,2.2,0.093,0.138,1,25.4,0.2,0.114,8.6,5.6,6.3,22.5,0.07
179,Robin Lopez,MIL,32,60,49,11,14.4,102.4,1.6,0.091,0.128,0.2,8.3,0.7,0.441,5.8,3.6,4.6,11.9,0.07
180,JaVale McGee,LAL,32,61,48,13,16.8,104.7,4,0.216,0.312,0.5,16,1.5,0.505,6.1,4.7,6.2,16.5,0.07
181,Ersan Ilyasova,MIL,33,56,45,11,16,104.3,3.9,0.211,0.29,0.4,16.7,0.3,0.139,5,3.5,4.7,13.1,0.07
182,Bruce Brown,DET,23,58,18,40,28.2,110.4,3.7,0.131,0.194,1.1,25.3,0.5,0.171,10.7,8.1,6.7,30.2,0.07
183,Raul Neto,PHI,28,49,27,22,11.5,98.7,0.8,0.069,0.099,0.4,23.2,0.1,0.082,4.5,2.8,3,12,0.069
184,Rajon Rondo,LAL,34,48,37,11,20.5,107.3,2.5,0.119,0.176,0.8,23.7,0,0.016,6.8,4.9,6.4,19.9,0.069
185,CJ McCollum,POR,28,62,28,34,36,112.2,3.4,0.086,0.13,0.7,16.2,0.6,0.132,10.4,11.9,11.5,36.2,0.069
186,Kenrich Williams,NOP,25,35,12,23,22.3,108.2,3.7,0.158,0.229,0.7,20.8,0.6,0.259,8.6,5.9,6.3,22.2,0.069
187,Julius Randle,NYK,25,64,21,43,32.5,111.6,7.4,0.223,0.316,0.8,15.1,0.3,0.116,11.7,8.1,9.4,29,0.069
188,Seth Curry,DAL,29,59,36,23,24.5,109.3,1.9,0.072,0.105,0.6,21.1,0.1,0.051,7.5,7.2,8.2,24.9,0.069
189,Alec Burks,PHI,28,59,17,42,27.3,110.4,3.7,0.134,0.201,1,21.9,0.3,0.106,9.8,7.4,8.6,27.8,0.069
190,Dion Waiters,LAL,28,3,1,2,14,102.2,3.7,0.208,0.306,0,0,0.7,0.286,3,4.7,1.3,12,0.069
191,Michael Kidd-Gilchrist,DAL,26,21,10,11,11,97.7,2,0.163,0.24,0.1,6.7,0.2,0.185,2.9,2.8,2.8,8.9,0.068
192,Iman Shumpert,BKN,30,13,9,4,18.5,106.2,1.9,0.092,0.147,0.9,37.5,0.2,0.087,8.6,6.6,6,14,0.068
193,Patty Mills,SAS,31,63,27,36,22.7,108.9,1.3,0.052,0.076,0.8,22.8,0.1,0.033,6.4,6.4,5.6,21.1,0.068
194,Mo Bamba,ORL,22,60,28,32,14.5,103,3.4,0.217,0.334,0.4,14.7,1.4,0.582,4.5,3.7,3.8,13,0.068
195,Derrick White,SAS,25,61,27,34,24.1,109.4,2.7,0.104,0.148,0.6,19.1,0.9,0.318,7.4,6.8,6.1,22.4,0.068
196,Mitchell Robinson,NYK,22,61,20,41,23.2,109.1,4,0.16,0.233,0.9,23.6,2,0.626,8.7,6.1,6.2,19.4,0.067
197,Rodions Kurucs,BKN,22,39,13,26,12.8,101.7,2,0.132,0.198,0.4,23,0.1,0.077,5.2,3.9,2.8,11.5,0.067
198,Joe Chealey,CHA,24,4,1,3,8.4,93,0,0,0,1,44.4,0,0,5,2,4,7.5,0.067
199,Jarrett Culver,MIN,21,63,19,44,23.9,109.3,2.3,0.092,0.133,0.9,21.1,0.6,0.197,8.1,6.5,6.3,25.2,0.067
200,Willie Cauley-Stein,DAL,26,54,16,38,20.3,107.7,4.3,0.202,0.294,0.9,24.9,1.1,0.469,6.6,6.1,6.5,18.7,0.067
201,Devin Booker,PHX,23,62,26,36,36.1,112.5,3.7,0.103,0.15,0.7,13,0.3,0.084,12.8,9.6,9.7,37.7,0.067
202,Rudy Gay,SAS,33,60,25,35,21.5,108.5,4.4,0.195,0.277,0.4,13.1,0.5,0.172,7.1,5.7,6,19.4,0.067
203,Frank Kaminsky,PHX,27,32,12,20,22.4,108.9,4,0.177,0.258,0.4,10.7,0.3,0.192,7.7,5.6,5.6,25.3,0.067
204,Wilson Chandler,BKN,33,35,16,19,21,108.2,3.8,0.164,0.231,0.5,16.7,0.3,0.179,8.6,5.6,6.2,19,0.066
205,John Collins,ATL,22,41,15,26,33.2,112.1,7.3,0.208,0.305,0.8,15,1.6,0.431,13.6,10,10.8,36.6,0.066
206,Jerome Robinson,WAS,23,55,35,20,13.6,103.2,1.8,0.115,0.173,0.4,18.2,0.3,0.209,4.3,3.9,4,14.1,0.066
207,T.J. McConnell,IND,28,63,38,25,18.9,107.3,2.1,0.104,0.161,0.7,25.3,0.2,0.098,5.7,5.7,5.5,19.5,0.066
208,Josh Hart,NOP,25,57,24,33,27.4,110.7,5.5,0.19,0.272,1,23.6,0.4,0.144,11.2,7.3,8.3,30.2,0.065
209,Andre Drummond,CLE,26,57,21,36,33,112,10.8,0.336,0.486,1.9,37.2,1.6,0.511,12.8,8.6,9.6,36,0.065
210,Svi Mykhailiuk,DET,23,56,17,39,22.6,109.2,1.6,0.071,0.104,0.7,19.2,0.1,0.036,6.9,5.7,5.7,23.7,0.065
211,Emmanuel Mudiay,UTA,24,48,32,16,15.7,105.3,2,0.117,0.167,0.4,20.7,0.2,0.127,6.3,4.1,3.9,16,0.065
212,Delon Wright,DAL,28,65,39,26,21.7,108.8,3,0.126,0.184,1.2,39.8,0.3,0.14,6.8,6,7.4,22.2,0.065
213,Mason Plumlee,DEN,30,53,35,18,17,106.4,3.6,0.199,0.301,0.5,20.6,0.6,0.333,5.5,4.9,4.3,17,0.065
214,Reggie Bullock,NYK,29,29,9,20,23.6,109.6,1.9,0.082,0.115,0.9,22.3,0.1,0.048,8.3,5.4,7,22.3,0.064
215,Ryan Arcidiacono,CHI,26,58,21,37,16,105.4,1.6,0.098,0.148,0.5,14,0.1,0.038,4.9,4,3.8,15.3,0.064
216,John Henson,DET,29,40,8,32,15,104.7,2.9,0.191,0.271,0.6,25.5,1.1,0.677,5.6,3.8,3.4,14.1,0.064
217,Shaquille Harrison,CHI,26,43,14,29,11.3,99.7,1.5,0.139,0.202,0.8,28.1,0.4,0.358,3.6,2.7,2.3,10.3,0.064
218,Cameron Johnson,PHX,24,49,20,29,20.3,108.3,2.1,0.101,0.148,0.6,19.6,0.3,0.193,7.7,5.6,5.4,20.6,0.064
219,Alex Len,SAC,27,49,15,34,18.3,107.5,4.1,0.195,0.287,0.4,16.4,0.9,0.422,7.1,5.2,5.6,18.2,0.064
220,Ben McLemore,HOU,27,63,40,23,22.8,109.4,1.9,0.077,0.12,0.6,14.7,0.2,0.084,8.3,6.8,6.9,24.8,0.064
221,Khem Birch,ORL,27,40,16,24,19.4,107.6,2.8,0.145,0.207,0.4,12,0.5,0.239,6,4.7,4.9,18.8,0.064
222,Christian Wood,DET,24,62,20,42,21.4,108.8,4.6,0.214,0.317,0.5,17.4,0.9,0.412,7.2,5.9,5.2,22.4,0.064
223,Derrick Jones Jr.,MIA,23,51,31,20,24.5,110.1,3.1,0.118,0.167,1.1,28.4,0.7,0.31,9.3,6.1,5.5,22.9,0.063
224,Rodney Hood,POR,27,21,8,13,29.5,111.6,3,0.092,0.137,0.8,23.6,0.2,0.048,9.2,9.7,8.1,30.3,0.063
225,Theo Pinson,BKN,24,33,15,18,11.1,99.7,1.3,0.101,0.159,0.5,28.3,0.1,0.118,4.6,4,3,8.7,0.063
226,Henry Ellenson,BKN,23,5,2,3,3,54.3,0.8,0.19,0.25,0,0,0,0,0.6,0.6,0.8,2.4,0.063
227,Danilo Gallinari,OKC,31,55,33,22,30.7,111.8,4.9,0.16,0.232,0.7,15,0.1,0.026,9.9,8,6.8,31.6,0.063
228,Cody Martin,CHA,24,48,16,32,18.8,107.7,2.5,0.14,0.212,0.8,27.9,0.2,0.123,5.7,4.1,4.4,17.9,0.063
229,Larry Nance Jr.,CLE,27,56,16,40,26.3,110.7,5.4,0.209,0.294,1,24.6,0.4,0.198,9.8,6.9,6.6,26.7,0.063
230,Quinndary Weatherspoon,SAS,23,3,0,3,5,79.4,0.3,0.056,0.059,0,0,0,0,1.3,1,0.7,3.3,0.063
231,Michael Carter-Williams,ORL,28,42,19,23,18.4,107.3,2.3,0.124,0.186,1.1,32.6,0.5,0.179,5.8,4.4,4.7,17,0.063
232,Matt Mooney,CLE,23,4,0,4,4.7,75,0.8,0.158,0.231,0.5,66.7,0.3,0.25,0.8,1,0.8,3.5,0.063
233,Skal Labissiere,ATL,24,33,14,19,17.2,106.5,3.2,0.155,0.233,0.2,10.8,0.9,0.437,5.6,5.9,4.2,16.8,0.062
234,Chris Boucher,TOR,27,55,39,16,13.2,102.9,2.7,0.182,0.286,0.4,17.4,1,0.52,5.3,4.1,3.5,10.8,0.062
235,Frank Ntilikina,NYK,21,57,19,38,20.8,108.7,1.7,0.082,0.12,0.9,28.1,0.3,0.15,7.3,5.6,5.3,18.2,0.062
236,Semi Ojeleye,BOS,25,61,41,20,14.6,104.5,1.6,0.103,0.154,0.3,14,0.1,0.051,4.5,4.2,3.9,13.1,0.062
237,Marques Bolden,CLE,22,1,0,1,2.8,57.1,2,0.5,0.667,1,100,0,0,0,0,0,0,0.062
238,Jaylen Nowell,MIN,20,15,2,13,10.1,98.5,0.7,0.065,0.095,0.2,10.3,0.1,0.067,3.5,1.8,3.3,11.1,0.062
239,Damian Lillard,POR,29,58,27,31,36.9,113.1,3.8,0.091,0.139,1,22.2,0.4,0.071,10.6,12.2,11.3,36.4,0.061
240,Paul Watson,TOR,25,5,3,2,5.2,81,0.8,0.143,0.267,0.2,14.3,0.2,0.25,1.6,0.4,1,4.8,0.061
241,Evan Turner,MIN,31,19,3,16,13.2,103.6,1.6,0.107,0.174,0.5,17,0.4,0.258,7.2,4.5,3.7,14,0.061
242,Andrew Wiggins,GSW,25,54,15,39,34.4,112.8,3.9,0.11,0.16,0.8,15,1,0.229,13.5,9.5,10,34.5,0.061
243,Wayne Ellington,NYK,32,36,9,27,15.5,105.5,1.7,0.104,0.153,0.4,16.7,0.1,0.057,6.1,4.2,3.7,13.9,0.061
244,Hassan Whiteside,POR,31,61,29,32,31.3,112.2,10.2,0.296,0.441,0.4,10.5,3.1,0.645,8.9,9.8,10.1,29.6,0.06
245,Daniel Gafford,CHI,21,43,15,28,14.2,104.5,1.3,0.092,0.148,0.3,10.4,1.3,0.7,4.9,3.8,3.8,13.9,0.06
246,Jaren Jackson Jr.,MEM,20,54,28,26,28,111.5,3.7,0.124,0.177,0.7,14.9,1.6,0.473,10.6,8.2,8.5,27.1,0.06
247,Tony Snell,DET,28,59,18,41,27.8,111.4,1.7,0.064,0.095,0.5,12.6,0.3,0.103,10.1,7.5,7.2,30.6,0.06
248,Nemanja Bjelica,SAC,32,64,28,36,28.5,111.6,4.8,0.173,0.249,0.8,19.9,0.5,0.212,9.5,6.9,7.9,27.9,0.06
249,Isaac Bonga,WAS,20,58,21,37,17.7,107.4,2.1,0.121,0.177,0.6,19.1,0.4,0.226,6.4,4.7,5,16.6,0.06
250,Matthew Dellavedova,CLE,29,57,17,40,14.4,105,1,0.067,0.093,0.4,16.3,0,0.032,5.4,3.4,3.2,13.6,0.059
251,Jerami Grant,DEN,26,64,42,22,26.2,111.2,2.7,0.102,0.154,0.7,17.3,0.8,0.289,8.8,7.2,6.8,27.7,0.059
252,Quinn Cook,LAL,27,38,30,8,10.8,100.3,0.9,0.071,0.103,0.3,16.7,0,0.017,3.3,2.9,3.6,10.4,0.059
253,Austin Rivers,HOU,27,60,39,21,23.4,110.3,2,0.079,0.12,0.7,17.4,0.2,0.075,8,6.4,7,25.9,0.059
254,Carmelo Anthony,POR,36,50,22,28,32.5,112.5,5,0.142,0.209,0.8,20.8,0.5,0.106,8.8,9.4,10.8,32.4,0.059
255,Tyler Johnson,PHX,28,31,11,20,16.6,107.2,1.4,0.076,0.113,0.4,16.4,0.3,0.17,5.6,4.4,5,16.6,0.059
256,Jordan Poole,GSW,21,57,12,45,22.3,110,1.9,0.087,0.13,0.6,15.7,0.2,0.099,8.4,5.6,7,23.8,0.059
257,Josh Okogie,MIN,21,62,19,43,25,111,2.9,0.114,0.17,1.1,22.7,0.4,0.16,9.6,7.3,7,26.6,0.058
258,Jordan Clarkson,UTA,28,63,31,32,24.2,110.7,1.9,0.076,0.109,0.7,21,0.2,0.133,8,6,6.4,23.9,0.058
259,Jeff Green,HOU,33,40,24,16,18.9,108.3,2.3,0.112,0.17,0.5,17.6,0.4,0.197,7.3,4.7,6.1,19.5,0.058
260,Justin Robinson,WAS,22,9,2,7,5.4,81,0.4,0.098,0.143,0,0,0.1,0.5,1.1,0.9,0.7,3.1,0.057
261,Blake Griffin,DET,31,18,8,10,28.5,111.9,3.7,0.128,0.185,0.4,10.8,0.4,0.149,9.8,7.4,9.1,29.9,0.057
262,Damyean Dotson,NYK,26,48,14,34,17.4,107.8,1.7,0.091,0.131,0.5,18.1,0.1,0.053,6.7,4.7,3.7,15.8,0.057
263,Chandler Hutchison,CHI,24,28,8,20,18.8,108.9,3.2,0.18,0.264,1,26.7,0.3,0.184,8.1,4.5,5.3,22.2,0.057
264,Tyrone Wallace,ATL,26,14,3,11,11.5,102.3,1.4,0.123,0.19,0.5,22.6,0.1,0.063,3.7,2.7,2.5,9.1,0.056
265,Kelly Olynyk,MIA,29,59,38,21,18.5,108.7,3.8,0.192,0.279,0.6,22.6,0.3,0.184,7.2,4.8,4.2,17.1,0.056
266,Jae Crowder,MIA,29,58,26,32,29.2,112.5,5.3,0.171,0.248,1.2,23.7,0.4,0.113,11.2,8.7,8.5,28.7,0.056
267,Denzel Valentine,CHI,26,36,12,24,13.6,104.7,1.8,0.138,0.209,0.7,27.7,0.2,0.111,4.6,3,3.6,13.4,0.056
268,Charles Brown Jr.,ATL,23,10,1,9,4,73,0.2,0.048,0.071,0.2,20,0.2,0.667,0.2,0.6,0,2.2,0.056
269,Kyrie Irving,BKN,28,20,8,12,32.9,113.1,4.1,0.12,0.172,1.4,26.7,0.5,0.133,11.9,7.6,8.3,37.7,0.056
270,Kevin Knox II,NYK,20,65,21,44,17.9,108.6,2.4,0.128,0.186,0.4,12.8,0.4,0.222,6.4,5,4.3,17.6,0.055
271,Romeo Langford,BOS,20,27,19,8,11,102.1,0.7,0.057,0.077,0.3,20,0.2,0.167,2.7,2.4,3.1,9.2,0.055
272,Noah Vonleh,DEN,24,33,13,20,11,103.3,2.6,0.208,0.339,0.3,17.7,0.2,0.136,3.9,3.8,3.2,11.4,0.055
273,Naz Reid,MIN,20,30,8,22,16.5,107.6,3,0.176,0.25,0.6,23.2,0.7,0.44,5.8,3.7,4.6,19,0.055
274,Tyus Jones,MEM,24,65,32,33,19,109.2,1.4,0.071,0.105,0.9,26.2,0.1,0.039,7.2,5.2,6.5,19.4,0.055
275,Troy Daniels,DEN,28,42,32,10,10.9,102.6,0.8,0.067,0.104,0.2,10.1,0.1,0.056,3.6,3.3,3.4,10.4,0.055
276,Frank Mason,MIL,26,6,5,1,8.8,97.4,0.8,0.081,0.125,0.3,22.2,0,0,4,2.2,2.7,7.7,0.055
277,Terrance Ferguson,OKC,22,50,30,20,23.4,110.8,1,0.041,0.061,0.5,14.7,0.3,0.142,8.5,6.2,5.6,23.1,0.054
278,Carsen Edwards,BOS,22,35,24,11,9,99.4,1.1,0.108,0.155,0.3,21.7,0.1,0.081,3.4,2.2,3.5,8.7,0.054
279,Terry Rozier,CHA,26,63,21,42,34.4,113.4,3.6,0.107,0.159,1,21.6,0.2,0.052,12,9.1,8.1,36.4,0.054
280,Luke Kornet,CHI,24,36,11,25,15.5,107,1.7,0.118,0.172,0.3,10.1,0.7,0.605,4.6,4.2,3.1,16.3,0.054
281,Patrick Patterson,LAC,31,51,34,17,11.9,103.6,1.8,0.138,0.198,0.1,6.5,0.1,0.059,4.2,2.5,3.5,11.3,0.054
282,Bobby Portis,NYK,25,66,21,45,21.1,110.2,3.9,0.18,0.257,0.5,15.4,0.3,0.138,7.6,5.7,4.9,19.2,0.054
283,Dewayne Dedmon,ATL,30,44,17,27,17.6,108.1,4.3,0.241,0.354,0.6,19.8,0.9,0.471,5.8,5,4,15.6,0.054
284,Jalen McDaniels,CHA,22,16,7,9,18.3,108.8,3.1,0.172,0.26,0.5,17.8,0.2,0.167,6.6,4.6,5.1,16.6,0.053
285,Daryl Macon,MIA,24,4,4,0,3.5,71,0,0,0,0,0,0,0,1,1,0.8,2.5,0.053
286,Markieff Morris,LAL,30,52,20,32,21.3,110.2,3.2,0.144,0.217,0.5,16.1,0.3,0.139,8.4,5.8,5.9,21.5,0.053
287,Elfrid Payton,NYK,26,45,17,28,27.7,112.3,3.6,0.126,0.176,1.6,33.2,0.4,0.144,10.4,6.9,7.8,24.8,0.053
288,Garrison Mathews,WAS,23,18,8,10,12.6,104.7,1,0.075,0.119,0.4,19,0.1,0.063,3.9,4.3,1.9,12.3,0.053
289,DeAndre' Bembry,ATL,25,43,10,33,21.3,110.6,2.7,0.123,0.189,1.3,31.3,0.4,0.202,9.4,7.1,6.1,21.4,0.052
290,Rodney McGruder,LAC,28,50,33,17,15,107.5,2,0.12,0.179,0.5,23.2,0.2,0.099,5.7,4.5,3.7,15.6,0.052
291,Jevon Carter,PHX,24,50,21,29,15.1,107.2,1.5,0.095,0.151,0.8,26.8,0.3,0.203,5.4,4.3,3.9,15.1,0.052
292,Jakob Poeltl,SAS,24,58,25,33,16.6,108.6,3.6,0.198,0.286,0.5,19.5,1.4,0.583,4.6,4.7,4.2,15.6,0.052
293,Derrick Rose,DET,31,50,17,33,26,112.2,1.9,0.071,0.107,0.8,18.8,0.3,0.119,9.8,7.1,7.6,28.5,0.052
294,Tremont Waters,BOS,22,10,8,2,8.9,99.5,0.9,0.089,0.127,0.5,35.7,0.2,0.143,3.2,2.8,2.3,8.2,0.052
295,LaMarcus Aldridge,SAS,34,53,23,30,33.1,113.4,5.5,0.162,0.224,0.7,15,1.6,0.524,10.2,8.5,9.7,32.5,0.052
296,Dwayne Bacon,CHA,24,39,10,29,17.6,109.1,2.2,0.124,0.191,0.6,22.5,0.1,0.039,6.3,4.6,4.9,20.4,0.052
297,Langston Galloway,DET,28,66,20,46,25.8,112.1,1.8,0.068,0.103,0.7,18.8,0.2,0.07,9.8,7.3,6.8,27.6,0.052
298,Mike Muscala,OKC,28,41,23,18,12,104.9,2,0.161,0.219,0.2,11,0.3,0.244,3.5,2.9,2.2,12.5,0.052
299,Justin Wright-Foreman,UTA,22,1,0,1,1.5,0,0,0,0,0,0,0,0,0,0,0,0,0.051
300,Willy Hernangomez,CHA,26,31,7,24,12.1,104.8,2.9,0.243,0.358,0.3,18.5,0.2,0.259,5.1,2.5,3.2,11.7,0.051
301,TJ Leaf,IND,23,25,14,11,7.7,97.6,1.7,0.184,0.277,0.3,34.8,0.1,0.115,2.9,2.2,2.2,7.4,0.051
302,JaKarr Sampson,IND,27,26,15,11,13.1,106,1.7,0.127,0.181,0.3,18.4,0.3,0.265,4.1,2.7,4.1,12.5,0.051
303,Keita Bates-Diop,DEN,24,39,10,29,17.1,109.4,2.3,0.129,0.192,0.4,17,0.5,0.236,6.4,5,4.6,18.5,0.05
304,JJ Redick,NOP,36,54,24,30,26.4,112.4,2.4,0.086,0.128,0.4,8,0.2,0.059,11.1,8,8.9,29.1,0.05
305,Isaiah Hartenstein,HOU,22,23,16,7,11.6,104.6,2.7,0.2,0.311,0.4,25.7,0.5,0.5,4.8,3.6,3.9,12.4,0.05
306,Anzejs Pasecniks,WAS,24,24,9,15,16.9,108.9,2.5,0.151,0.227,0.3,11,0.5,0.375,4.4,4.8,3,18.5,0.049
307,Yogi Ferrell,SAC,27,44,17,27,11,103.8,1,0.091,0.135,0.3,20,0.1,0.098,3.3,2.1,2.1,9.2,0.049
308,Dante Exum,CLE,24,35,10,25,13.9,107.1,1.6,0.109,0.154,0.4,21.7,0.2,0.182,5.5,4,2.8,14.3,0.049
309,Dario Saric,PHX,26,58,24,34,24.9,112.1,4.4,0.178,0.256,0.6,16.1,0.3,0.133,9.4,7.1,7,26.5,0.049
310,De'Andre Hunter,ATL,22,63,19,44,32,113.6,3.8,0.116,0.173,0.7,13.6,0.3,0.089,12.7,9.4,10.6,35.9,0.049
311,DeMar DeRozan,SAS,30,61,26,35,34.3,113.9,5,0.142,0.205,1,20.2,0.2,0.062,10.5,10.3,10.1,34.5,0.049
312,Trey Burke,PHI,27,25,13,12,13.1,105.9,0.8,0.061,0.09,0.3,14.6,0,0.028,3.6,3.5,3.3,11.4,0.048
313,Jared Dudley,LAL,34,40,29,11,7.8,97.5,1,0.113,0.164,0.3,23.5,0.1,0.086,2.8,2.1,2.1,6.9,0.048
314,De'Aaron Fox,SAC,22,45,19,26,31.7,113.7,3.4,0.106,0.154,1.4,28.2,0.5,0.187,10.5,8.1,9.5,31.6,0.048
315,Marvin Williams,MIL,34,52,20,32,19.4,110,2.5,0.126,0.194,0.7,24.6,0.5,0.268,7.7,5.3,5.1,19.4,0.048
316,Kevin Huerter,ATL,21,56,19,37,31.4,113.6,3.4,0.106,0.158,0.9,19.5,0.5,0.141,13,9.5,10.3,35.9,0.048
317,J.J. Barea,DAL,36,26,13,13,15,108,1.5,0.098,0.143,0.2,7.3,0.1,0.054,4,3.9,5.2,16.1,0.048
318,Matt Thomas,TOR,25,33,24,9,9.7,102.1,1.2,0.108,0.156,0.2,19.5,0,0,4.2,2.5,2.5,8.8,0.048
319,Nicolas Batum,CHA,31,22,6,16,23,111.9,3.4,0.146,0.227,0.8,26.2,0.4,0.16,7.9,5.8,5.1,22.7,0.047
320,James Ennis III,ORL,29,61,39,22,17.3,109.8,2.3,0.131,0.183,0.5,15.3,0.3,0.169,6.2,4.4,4.7,18.6,0.047
321,Omari Spellman,MIN,22,49,11,38,18.1,109.7,2.9,0.155,0.235,0.7,22.6,0.5,0.279,6.5,4.8,5.4,19.4,0.047
322,Georges Niang,UTA,27,58,38,20,13.3,107.2,1.7,0.119,0.174,0.2,13.8,0.1,0.086,4.7,3.4,3,13,0.047
323,Aron Baynes,PHX,33,42,19,23,22.2,111.7,4,0.178,0.249,0.2,7.8,0.5,0.365,8.1,6,5.7,21.8,0.047
324,Jaxson Hayes,NOP,20,56,26,30,17,109.8,2.5,0.137,0.207,0.4,14.5,0.9,0.482,6.8,4.8,5.4,18.3,0.047
325,Dzanan Musa,BKN,21,35,17,18,11.5,105.5,1.5,0.112,0.172,0.4,21,0,0.024,4.8,3.5,3.8,10.2,0.047
326,Oshae Brissett,TOR,22,19,15,4,7.1,96.5,0.9,0.109,0.159,0.2,19,0.1,0.059,2.9,2.3,1.3,5.9,0.047
327,Bismack Biyombo,CHA,27,53,18,35,19.4,110.8,3.5,0.178,0.271,0.2,7.9,0.9,0.45,6.6,5.5,5.2,20.1,0.046
328,Malik Beasley,MIN,23,55,30,25,22,111.6,2.4,0.107,0.16,0.7,18.5,0.1,0.071,7.2,5.7,6.6,24.7,0.046
329,Jordan McLaughlin,MIN,24,30,7,23,19.7,111.1,1.4,0.079,0.115,1.1,28.3,0.1,0.067,7.1,5.5,5,23,0.045
330,Moritz Wagner,WAS,23,37,14,23,19.1,111.1,3.8,0.203,0.305,0.6,19.1,0.5,0.34,6.8,6.5,4.5,20.1,0.045
331,Juan Toscano-Anderson,GSW,27,13,3,10,20.9,111.5,3.3,0.163,0.247,1,28.9,0.4,0.217,7.5,5.6,7.5,20,0.045
332,Tim Frazier,DET,29,27,9,18,13.1,107.4,0.9,0.071,0.107,0.5,21.5,0.1,0.133,5.2,3.5,3.4,13.4,0.045
333,Darius Garland,CLE,20,59,17,42,30.9,113.8,1.4,0.046,0.066,0.7,17.6,0.1,0.034,13.1,8.2,9.7,35.4,0.045
334,Cam Reddish,ATL,20,58,17,41,26.7,113.2,3.1,0.11,0.167,1.1,25.6,0.5,0.157,10.3,8.6,8.6,31.6,0.045
335,Josh Magette,ORL,30,8,3,5,4.7,87.3,0.6,0.128,0.185,0.4,27.3,0.1,0.2,1.6,1.4,0.8,3.8,0.045
336,Solomon Hill,MIA,29,54,28,26,18.4,111,2.4,0.12,0.184,0.7,20.9,0.2,0.103,7.3,5.6,5.7,18.8,0.044
337,DeMarre Carroll,HOU,33,21,10,11,11,105,1.7,0.143,0.208,0.2,12.1,0.2,0.167,4.4,2.7,2.7,10.1,0.044
338,E'Twaun Moore,NOP,31,51,26,25,18.8,110.7,1.8,0.095,0.137,0.5,19,0.2,0.104,7.1,5.4,5.4,21.5,0.044
339,Gabe Vincent,MIA,24,6,4,2,6.9,97.7,0.5,0.07,0.088,0.2,12.5,0,0,3.8,0.3,0.8,3.3,0.044
340,Treveon Graham,ATL,26,55,21,34,16.9,110.1,1.8,0.099,0.15,0.4,16.3,0.1,0.056,5.7,5.3,3.7,17.2,0.043
341,Robert Williams III,BOS,22,23,15,8,14,108.6,3.2,0.214,0.341,0.9,28.2,1.2,0.622,5,5,3.5,11.6,0.043
342,Marco Belinelli,SAS,34,52,23,29,15,109.2,1.7,0.103,0.147,0.2,9.3,0,0.01,4.5,4.1,3.4,15,0.043
343,Miles Bridges,CHA,22,65,23,42,30.7,114,4.2,0.138,0.206,0.6,15.7,0.7,0.304,11,8.7,7.8,33.2,0.043
344,Gary Clark,ORL,25,35,20,15,12.1,107.4,1.7,0.124,0.196,0.1,7,0.4,0.259,3.9,3.3,3.3,11.7,0.043
345,Davis Bertans,WAS,27,54,20,34,29.3,113.9,3.9,0.13,0.198,0.7,15.4,0.6,0.231,9.4,9.9,6.8,31.7,0.043
346,D'Angelo Russell,MIN,24,45,11,34,32.3,114.3,3.6,0.107,0.16,1.1,18.5,0.3,0.09,11.9,10.6,10.5,35,0.043
347,John Konchar,MEM,24,15,7,8,11.1,105.2,1.9,0.161,0.257,0.5,19.4,0.2,0.143,3.7,3,3.4,8.4,0.043
348,Brian Bowen II,IND,21,5,4,1,5.8,93.1,1.2,0.182,0.24,0,0,0.2,0.167,1.4,0.8,1.8,5.2,0.043
349,Shake Milton,PHI,23,32,19,13,19.1,111.3,1.8,0.095,0.13,0.6,21.3,0.2,0.109,6.6,4.2,5.8,19.4,0.042
350,Derrick Walton Jr.,DET,25,26,15,11,9.6,104.6,0.5,0.054,0.082,0.3,17.9,0,0,3.2,2.1,3,10.2,0.042
351,Adam Mokoka,CHI,21,11,3,8,10.2,104.4,0.3,0.029,0.045,0.4,16.7,0,0,2.7,3,2.1,8.7,0.042
352,Bruno Fernando,ATL,21,56,18,38,12.7,107.6,2.3,0.179,0.263,0.3,17.1,0.3,0.315,5.8,3.8,3.7,13.8,0.042
353,D.J. Wilson,MIL,24,31,27,4,9,103.1,1.9,0.169,0.241,0.1,6.5,0.2,0.156,5.2,2.8,3,8.1,0.042
354,Justin Anderson,BKN,26,3,2,1,5.6,94.6,0.7,0.091,0.111,0,0,0.3,0.5,3.3,1.7,1.3,4,0.042
355,Malik Monk,CHA,22,55,18,37,21.3,112.3,2.4,0.108,0.174,0.5,16.6,0.3,0.15,7.8,6.7,5.2,22.3,0.041
356,Justin James,SAC,23,34,13,21,6.4,98.3,0.7,0.11,0.163,0.2,19.4,0.3,0.375,2,1.2,1.4,5.5,0.041
357,DaQuan Jeffries,SAC,22,6,1,5,3.2,83.7,0,0,0,0.2,20,0,0,0.3,1,0.3,2,0.041
358,Juancho Hernangomez,MIN,24,48,24,24,17.4,110.9,3.2,0.184,0.266,0.4,13.6,0.2,0.114,5.7,4.4,5.4,20.9,0.041
359,PJ Dozier,DEN,23,21,15,6,11.1,107.1,1.2,0.101,0.14,0.3,14.3,0.2,0.227,3.3,2.3,2.9,10.1,0.041
360,Lonnie Walker IV,SAS,21,53,24,29,14.5,109.4,1.8,0.118,0.169,0.5,24.3,0.2,0.131,4.5,4.1,3,13.5,0.04
361,Ish Smith,WAS,31,60,22,38,26.2,113.6,2.7,0.1,0.154,0.9,19.3,0.4,0.162,8,8.2,5.6,28.3,0.04
362,Nicolo Melli,NOP,29,52,24,28,17.1,110.8,2.3,0.134,0.197,0.6,21.4,0.4,0.229,6.8,5,5.6,19.8,0.04
363,Brandon Goodwin,ATL,24,34,13,21,12.7,108.2,1.8,0.132,0.197,0.4,17.6,0.1,0.083,4.5,3.9,2.9,12.4,0.04
364,Torrey Craig,DEN,29,50,35,15,17.4,111.1,2.2,0.122,0.182,0.4,14.5,0.6,0.356,6,4.5,4.9,18.3,0.04
365,Tony Bradley,UTA,22,50,33,17,10.7,106.8,2.5,0.22,0.314,0.2,20.7,0.5,0.61,3.6,3.1,2.2,11.6,0.04
366,Terance Mann,LAC,23,35,22,13,7.7,102.2,0.8,0.098,0.145,0.2,16.7,0.1,0.161,2.8,2.3,2.3,8.3,0.04
367,Glenn Robinson III,PHI,26,60,17,43,29.1,114.2,3,0.104,0.156,0.9,17.7,0.3,0.094,11,8.4,8.4,30,0.039
368,Nigel Williams-Goss,UTA,25,9,5,4,3.1,79.4,0.3,0.086,0.107,0.1,100,0.1,0.5,1,0.4,0.7,2,0.039
369,Jeremy Pargo,GSW,34,3,0,3,14.8,109.7,0.7,0.048,0.071,0.3,9.1,0,0,4.7,5,4.3,13.3,0.039
370,Javonte Green,BOS,26,44,30,14,9.4,105.1,1.4,0.135,0.196,0.5,31.9,0.2,0.123,3.8,2,2.4,8.9,0.039
371,Thabo Sefolosha,HOU,36,41,27,14,10.6,106.7,1.8,0.152,0.231,0.6,29.6,0.3,0.293,3.2,3.2,3,11.2,0.039
372,Stanton Kidd,UTA,28,4,3,1,3.8,88.9,0.8,0.158,0.2,0,0,0,0,2.3,0.5,1,4,0.038
373,Kevin Porter Jr.,CLE,20,50,15,35,23.2,113.2,2.8,0.121,0.177,0.9,22.9,0.3,0.154,9,6.9,6.6,22.9,0.038
374,RJ Barrett,NYK,20,56,17,39,30.4,114.5,4.1,0.134,0.194,1,19.3,0.3,0.11,10.6,8.7,8.6,27.9,0.038
375,Goga Bitadze,IND,20,49,29,20,8.4,104.1,1.5,0.155,0.245,0.1,11.3,0.7,0.653,2.8,2.5,2.4,9.1,0.038
376,Tyson Chandler,HOU,37,26,15,11,8.4,104.1,1.6,0.172,0.243,0.2,14.6,0.3,0.571,2.8,2,2.2,8.6,0.038
377,Juwan Morgan,UTA,23,16,10,6,4.6,92.6,0.9,0.161,0.226,0,0,0.1,0.167,2.1,0.8,0.8,4.1,0.038
378,Troy Brown Jr.,WAS,20,61,23,38,24.9,113.7,4.3,0.171,0.268,1.2,28.5,0.1,0.047,7.7,7.9,5.8,27.6,0.038
379,Courtney Lee,DAL,34,24,15,9,14.4,110.1,1,0.07,0.099,0.8,33.3,0.3,0.154,4.3,4.3,6.1,16.3,0.038
380,Marko Guduric,MEM,25,42,18,24,11.3,107.7,1.4,0.114,0.169,0.3,13.8,0.2,0.157,5.3,3.6,3.1,10.1,0.038
381,Amile Jefferson,ORL,27,18,5,13,4.1,88.4,0.7,0.163,0.236,0.1,6.7,0.2,0.429,0.7,1,0.9,3.8,0.038
382,Eric Paschall,GSW,23,60,14,46,27.6,114.2,3.2,0.116,0.176,0.5,11.6,0.2,0.091,10.9,7.9,9.6,28.5,0.037
383,Devon Hall,OKC,24,5,3,2,3.9,88.4,0.2,0.043,0.063,0,0,0,0,0.4,0.8,0.4,4.8,0.037
384,Vince Carter,ATL,43,60,19,41,14.6,110.1,1.8,0.114,0.176,0.4,18.4,0.4,0.272,5.7,4.5,3.7,15.3,0.037
385,Jeff Teague,ATL,32,59,22,37,24.8,113.7,1.9,0.074,0.113,0.7,18.6,0.3,0.12,8.8,8.3,6.2,26.1,0.037
386,Elie Okobo,PHX,22,54,22,32,13.1,109.1,1.3,0.101,0.161,0.4,21.1,0.1,0.07,4.3,4,3.1,13.6,0.037
387,Jacob Evans,MIN,23,29,8,21,14.4,110,1.1,0.077,0.114,0.4,14.5,0.4,0.316,4.1,3.3,4.4,14,0.037
388,Dejounte Murray,SAS,23,58,24,34,25,113.8,4.6,0.184,0.255,1.7,43.7,0.3,0.103,7.8,6.8,7.4,25.4,0.037
389,Bruno Caboclo,HOU,24,27,10,17,8.1,104,1.1,0.135,0.205,0.4,21.4,0.6,0.516,3.8,2.8,2.4,6.4,0.037
390,Louis King,DET,21,10,3,7,6.2,98.4,0.9,0.141,0.188,0.2,22.2,0,0,1,2.2,0.8,5.2,0.036
391,Tacko Fall,BOS,24,6,5,1,4,90.9,1.8,0.367,0.458,0,0,0.3,0.667,1.8,0.3,0.7,1.3,0.036
392,Justin Jackson,DAL,25,58,36,22,16,111.3,2,0.12,0.17,0.2,10.3,0.2,0.111,4.7,4.4,6.4,18.3,0.036
393,Edmond Sumner,IND,24,25,11,14,13.8,110.2,1.1,0.073,0.118,0.6,26.3,0.3,0.205,3.9,4.9,3.2,14.4,0.036
394,Malik Newman,CLE,23,1,0,1,3.7,87.5,0,0,0,0,0,0,0,2,3,0,4,0.036
395,Grayson Allen,MEM,24,30,14,16,16.6,111.6,2,0.118,0.174,0.2,7.6,0,0.021,6.7,5.8,5.3,18.1,0.036
396,Cody Zeller,CHA,27,58,18,40,23.1,113.6,4.3,0.197,0.295,0.7,22.1,0.4,0.266,8,6.1,5.2,24.8,0.035
397,Ryan Anderson,HOU,32,2,1,1,7,103,3.5,0.467,0.7,0.5,100,0,0,3.5,3,2,9,0.035
398,Deonte Burton,OKC,26,34,20,14,8.4,105.2,1.2,0.124,0.188,0.1,14.7,0.3,0.303,2.4,2.5,1.9,8.9,0.035
399,Max Strus,CHI,24,2,0,2,3.1,87.5,0,0,0,0,0,0,0,0.5,0,0,1,0.035
400,BJ Johnson,ORL,24,8,4,4,5.8,100,0.6,0.093,0.139,0.3,15.4,0,0,2.5,1,1.5,5.5,0.035
401,Nicolas Claxton,BKN,21,15,5,10,12.5,109.7,1.7,0.112,0.188,0.1,3.8,0.5,0.364,6,4.8,5.1,13.1,0.034
402,Jarrell Brantley,UTA,24,5,2,3,2.7,81.3,1,0.313,0.385,0,0,0.4,0.5,1,0,1,2.8,0.034
403,Ed Davis,UTA,31,25,15,10,10.7,108.2,2.6,0.24,0.371,0.4,24.4,0.4,0.45,4.2,1.9,3.3,9.4,0.034
404,Marquese Chriss,GSW,22,59,15,44,20.3,113.2,4.3,0.212,0.317,0.7,20.5,1.1,0.504,7.8,5.6,5.7,21.3,0.034
405,Karl-Anthony Towns,MIN,24,35,10,25,33.9,115.4,8.1,0.24,0.335,0.9,16.7,1.2,0.341,11.8,8.9,8.6,35,0.033
406,Jordan McRae,DET,29,37,12,25,21.2,113.7,2.9,0.139,0.205,0.6,15.7,0.4,0.205,6.8,6.1,5.1,24.3,0.033
407,Allen Crabbe,MIN,28,37,5,32,17.6,112.5,1.8,0.098,0.152,0.4,15.2,0.1,0.055,7.4,5.4,5.4,20.1,0.033
408,Gary Trent Jr.,POR,21,53,23,30,20,113.2,1.3,0.058,0.091,0.7,28.1,0.2,0.101,6.3,6.3,7.2,20.1,0.033
409,Michael Porter Jr.,DEN,22,48,33,15,14,111.1,3,0.216,0.309,0.4,17.2,0.4,0.292,4.7,4,4.1,14.3,0.033
410,Stanley Johnson,TOR,24,20,15,5,4.8,96.1,1,0.162,0.244,0.2,30.8,0.1,0.111,2.3,1.5,1.3,4.4,0.033
411,Marvin Bagley III,SAC,21,13,2,11,25.7,114.6,5.2,0.201,0.283,0.5,17.1,0.9,0.48,9.4,6.8,8.1,27.5,0.032
412,Tristan Thompson,CLE,29,57,19,38,30.2,115.2,6.2,0.207,0.294,0.6,15,0.9,0.515,13.9,7.4,10.5,35.7,0.032
413,Kevin Love,CLE,31,56,16,40,31.8,115.4,8.8,0.286,0.407,0.6,13.9,0.3,0.188,13.2,7.7,11.1,36.9,0.031
414,Admiral Schofield,WAS,23,27,9,18,10.8,109,1,0.092,0.152,0.3,17.4,0.1,0.1,3.1,3.8,2.3,10.4,0.031
415,Kevon Looney,GSW,24,20,6,14,13.1,110.9,1.9,0.151,0.22,0.6,21.4,0.3,0.25,5.7,3.6,4.2,13,0.031
416,Cedi Osman,CLE,25,65,19,46,29.4,115.2,3,0.103,0.147,0.8,21.3,0.2,0.15,12.9,7.9,9.5,34.6,0.031
417,Cheick Diallo,PHX,23,44,17,27,10.6,109,2.3,0.212,0.324,0.2,12.2,0.3,0.324,3.8,2.6,2.8,10.9,0.03
418,Yuta Watanabe,MEM,25,16,8,8,6.2,101.9,0.7,0.111,0.175,0.3,20,0.1,0.1,2.4,1.8,1.3,5.1,0.03
419,Trey Lyles,SAS,24,63,27,36,20.2,113.7,4.6,0.228,0.315,0.4,14.1,0.4,0.237,6.3,5.4,5.9,21,0.03
420,Mario Hezonja,POR,25,47,20,27,16.3,112.7,2.9,0.154,0.239,0.6,26.2,0.2,0.107,5.2,5.9,5,15.5,0.03
421,Anfernee Simons,POR,21,65,28,37,21.5,114.1,1.9,0.079,0.12,0.4,16.7,0.2,0.061,7.2,7,6.7,21.6,0.03
422,Jeremiah Martin,BKN,24,3,3,0,5.3,100,0.7,0.1,0.154,0.3,100,0.3,0.5,0.7,1.3,0,4,0.03
423,Ian Mahinmi,WAS,33,38,15,23,21.3,114,3.7,0.176,0.259,0.8,21.4,1.2,0.5,7.9,6.1,6.3,21,0.03
424,Kevin Hervey,OKC,23,7,3,4,2.8,86.7,0.3,0.1,0.167,0,0,0,0,0.6,0.6,0.6,3.1,0.029
425,Malcolm Miller,TOR,27,25,21,4,5,98.9,0.5,0.09,0.13,0.2,22.2,0.1,0.133,1.7,2.1,1,4.3,0.029
426,James Johnson,MIN,33,32,14,18,19.4,113.8,2.9,0.145,0.212,0.8,25,1,0.464,7.2,5.9,5.1,21.1,0.029
427,Bryn Forbes,SAS,26,63,27,36,25.1,114.8,1.8,0.071,0.1,0.5,15.1,0,0,7.8,7.1,7.7,26.1,0.029
428,Alen Smailagic,GSW,19,14,1,13,9.9,109.2,1.2,0.11,0.175,0.2,15.8,0.3,0.286,3.1,3.9,4.2,8.1,0.029
429,Trae Young,ATL,21,60,18,42,35.3,116.1,3.7,0.1,0.153,1.1,19.8,0.1,0.036,14.6,11.3,11.4,41.9,0.028
430,Chris Clemons,HOU,22,29,18,11,8.7,107.9,0.7,0.071,0.114,0.2,18.8,0.2,0.217,3.2,3,2.8,9.3,0.028
431,Dennis Smith Jr.,NYK,22,34,7,27,15.8,112.8,1.7,0.102,0.147,0.8,38.4,0.2,0.143,6.3,4.4,3.6,15.4,0.028
432,Allonzo Trier,NYK,24,24,2,22,12.1,111.1,1,0.078,0.112,0.1,8.1,0.2,0.108,4.6,3.2,3.3,11.7,0.028
433,Melvin Frazier Jr.,ORL,23,15,4,11,3.4,93.8,0.2,0.058,0.094,0.3,26.7,0.1,0.4,1.3,0.9,0.9,3.5,0.027
434,Boban Marjanovic,DAL,31,37,19,18,9.1,109,2.7,0.284,0.383,0.2,17.5,0.2,0.304,3,2.2,3.4,9.1,0.027
435,Chasson Randle,GSW,27,3,2,1,13.5,112.4,0.7,0.053,0.074,0.7,40,0,0,4,4,2.3,13.3,0.026
436,Thon Maker,DET,23,60,20,40,12.9,111.9,1.9,0.152,0.243,0.4,20.5,0.7,0.506,5.1,3.7,3.2,14.5,0.026
437,Anthony Tolliver,MEM,35,47,22,25,15.6,113,2.2,0.133,0.201,0.3,13.4,0.2,0.145,4.4,4.7,5.3,16.3,0.026
438,CJ Miles,WAS,33,10,4,6,16.1,113.6,0.8,0.05,0.075,1,40,0.4,0.222,6.1,4.1,3.7,16.8,0.026
439,Alfonzo McKinnie,CLE,27,40,11,29,14.8,113,1.9,0.131,0.188,0.6,25.3,0.2,0.182,6.1,4,3.3,15.8,0.026
440,Chimezie Metu,SAS,23,16,7,9,4.5,100,1,0.216,0.296,0.1,11.1,0.3,0.5,1.9,1.3,0.9,5,0.025
441,Taj Gibson,NYK,35,62,21,41,16.5,113.7,2.5,0.158,0.223,0.4,15.4,0.5,0.405,6,4.3,4.7,15.7,0.024
442,Isaiah Roby,OKC,22,3,2,1,3.8,100,0.7,0.167,0.25,0,0,0,0,1.3,2.3,0,4.7,0.024
443,Jordan Bell,MEM,25,29,8,21,8.8,109.7,1.8,0.187,0.264,0.1,7.1,0.3,0.278,4.2,2.5,2.2,8.6,0.024
444,Mfiondu Kabengele,LAC,22,12,9,3,5.4,103.6,0.8,0.159,0.233,0.2,15.4,0.2,0.667,2.3,1.2,1.3,5.5,0.024
445,Sekou Doumbouya,DET,19,38,10,28,19.8,114.8,2.6,0.137,0.208,0.5,15.9,0.2,0.125,6.4,6.2,5.6,23.2,0.023
446,Thanasis Antetokounmpo,MIL,27,18,15,3,5.2,104.2,0.4,0.073,0.098,0.3,42.9,0.1,0.222,2.7,1.5,1.7,4.8,0.023
447,Jaylen Hoard,POR,21,13,7,6,7.9,109.1,1.4,0.158,0.243,0.4,27.8,0,0,2.4,1.8,1.5,8.2,0.023
448,Chris Silva,MIA,23,41,27,14,7.5,109.1,1.3,0.174,0.284,0.2,19.1,0.4,0.545,4.1,2.6,2.1,6.4,0.022
449,Nassir Little,POR,20,48,22,26,11.9,112.7,1.6,0.12,0.186,0.3,17.8,0.3,0.206,3.6,4.2,3,11,0.022
450,Jordan Bone,DET,22,10,3,7,5.3,104.7,0.4,0.091,0.143,0.1,11.1,0,0,1.2,1.7,0.4,5,0.022
451,Vic Law,ORL,24,5,1,4,1.9,78.9,0.2,0.111,0.2,0,0,0,0,1.4,0,0,2,0.022
452,Jabari Parker,SAC,25,33,7,26,25.8,116.1,4.3,0.169,0.262,1.3,26.1,0.5,0.188,10.1,7.2,8.4,28.5,0.021
453,Ty Jerome,PHX,22,28,13,15,11.2,112.5,1.3,0.115,0.174,0.5,24.6,0.1,0.167,4.5,2.4,3.3,11.4,0.021
454,Jarrod Uthoff,MEM,27,4,3,1,3.4,96.3,0,0,0,0.3,20,0,0,1.8,1.8,0.8,2.5,0.021
455,Amir Coffey,LAC,23,13,7,6,7.5,109.8,0.8,0.096,0.147,0.1,11.1,0.1,0.125,3.8,2.2,1.9,8.5,0.021
456,Harry Giles III,SAC,22,38,19,19,15.2,114.3,3.3,0.244,0.347,0.6,20.2,0.4,0.424,5,3.9,5.6,15.3,0.02
457,Nickeil Alexander-Walker,NOP,21,41,18,23,12.2,113.3,1.8,0.135,0.209,0.3,18,0.2,0.137,4.5,4,3.2,14,0.02
458,Jonah Bolden,PHX,24,7,6,1,6.7,108.9,0.9,0.14,0.214,0.4,33.3,0.3,0.4,5.3,2.7,1.4,6,0.02
459,Kyle O'Quinn,PHI,30,26,17,9,9.9,112.4,2.5,0.259,0.379,0.2,10.4,0.8,0.611,4.6,2.7,2.3,10.7,0.019
460,Michael Frazier,HOU,26,8,5,3,8.2,111.4,0.3,0.036,0.053,0.3,11.8,0,0,3.8,2.1,3.4,8.3,0.019
461,Vincent Poirier,BOS,26,21,18,3,5.4,108.1,1.1,0.18,0.286,0.1,11.8,0.3,0.375,2.4,1.7,2,4.8,0.018
462,Ante Zizic,CLE,23,22,4,18,10,112.9,2.2,0.211,0.32,0.3,23.3,0.2,0.417,3,3.3,2.1,10.7,0.017
463,Ryan Broekhoff,DAL,29,17,10,7,10.6,113.4,2.2,0.202,0.284,0.3,21.7,0.2,0.19,3.9,2.8,5.2,12.5,0.017
464,J.P. Macura,CLE,25,1,1,0,0.6,0,0,0,0,0,0,0,0,0,0,0,0,0.017
465,Collin Sexton,CLE,21,65,19,46,33,117,2.2,0.069,0.1,1,21.6,0.1,0.054,14.2,8.7,10.7,38.8,0.017
466,Frank Jackson,NOP,22,51,24,27,12.9,114.6,1,0.072,0.109,0.3,16.5,0.1,0.063,5.3,4.1,4.6,15.6,0.016
467,Wenyen Gabriel,POR,23,28,9,19,7.5,111.8,1,0.152,0.211,0.4,27,0.2,0.316,2.5,1.8,2.4,6.4,0.016
468,Chandler Parsons,ATL,31,5,0,5,10.8,114.7,1.2,0.12,0.188,0.8,30.8,0.2,0.143,5.6,3.8,4,14.8,0.014
469,Norvel Pelle,PHI,27,20,11,9,8.9,113.4,2.2,0.237,0.376,0.1,4,1.3,0.694,4,2.6,3,8.6,0.014
470,Caleb Swanigan,POR,23,27,12,15,10.7,114.5,2.7,0.248,0.384,0.1,6.7,0.3,0.318,5.2,3.9,4.2,11.8,0.014
471,Johnathan Motley,LAC,25,13,8,5,3.2,105.4,0.5,0.189,0.269,0.2,33.3,0,0,1,0.8,0.5,3.4,0.013
472,Brandon Knight,DET,28,25,4,21,18.5,116.4,1.5,0.093,0.128,0.4,15.2,0.1,0.111,6.6,3.9,4,21.1,0.013
473,Jahlil Okafor,NOP,24,28,9,19,15.1,116,2.6,0.164,0.232,0.3,15.9,0.7,0.463,6.3,4.3,5,17.4,0.012
474,Bradley Beal,WAS,27,57,20,37,36,117.6,3.3,0.095,0.142,1.2,21.8,0.4,0.133,13,11.2,10.3,38.5,0.012
475,Gary Payton II,WAS,27,29,13,16,14.9,116.1,1.9,0.127,0.202,1.1,35.5,0.2,0.159,6,4.9,3.6,16.3,0.012
476,William Howard,HOU,26,2,1,1,6.6,113.3,1,0.25,0.333,0,0,0,0,2,0,2.5,6,0.011
477,Udonis Haslem,MIA,40,3,3,0,6.9,114,2.7,0.421,0.667,0,0,0,0,1,2.7,3.3,7.3,0.01
478,Alize Johnson,IND,24,13,8,5,4.1,111.1,0.8,0.204,0.306,0,0,0,0,1.5,0.8,2,3.1,0.01
479,Dean Wade,CLE,23,12,1,11,6,113.5,1.3,0.213,0.32,0.2,14.3,0.3,0.5,1.8,2,1.4,6,0.01
480,Rayjon Tucker,UTA,22,14,10,4,5.6,113.1,0.8,0.157,0.212,0.1,14.3,0,0,1.8,1.4,1.1,6,0.01
481,Dewan Hernandez,TOR,23,4,4,0,2.8,108,1.3,0.333,0.455,0.3,100,0,0,1.5,1.5,0,2.5,0.009
482,Vlatko Cancar,DEN,23,14,7,7,3.2,110.1,0.4,0.119,0.156,0.1,16.7,0.1,0.333,1.5,0.6,0.6,2.6,0.009
483,Kadeem Allen,NYK,27,10,3,7,11.7,116.4,0.7,0.065,0.092,0.5,27.8,0.2,0.333,3.3,2,2.4,11.4,0.008
484,Rui Hachimura,WAS,22,41,15,26,29.7,117.8,4.5,0.159,0.241,0.8,17,0.2,0.077,11.1,8.9,8.7,33,0.008
485,Thomas Bryant,WAS,22,38,14,24,23.7,117.6,4.9,0.202,0.308,0.4,10.9,0.9,0.398,8.6,7,7.7,27.2,0.008
486,Damian Jones,ATL,25,55,15,40,16.1,117.3,2.4,0.153,0.241,0.5,16.3,0.7,0.455,6.4,5.1,4.7,17.9,0.007
487,Josh Reaves,DAL,23,2,1,1,0.7,100,0,0,0,0,0,0,0,0,0,0,0,0.007
488,Johnathan Williams,WAS,25,11,6,5,12.3,116.8,2.5,0.199,0.304,0.1,5,0.5,0.333,3.7,3,2.8,13.1,0.007
489,Jarred Vanderbilt,MIN,21,11,6,5,4.2,113.9,0.5,0.143,0.222,0.3,30,0.1,0.333,2.3,0.7,1.8,4.5,0.006
490,Zhaire Smith,PHI,21,7,3,4,4.6,115.1,0.3,0.08,0.125,0.4,50,0,0,3,1,0.9,5.4,0.005
491,Tyler Cook,CLE,22,11,3,8,3.2,115.2,0.5,0.188,0.3,0.1,10,0,0,1.5,0.9,0.9,2.2,0.004
492,Ignas Brazdeikis,NYK,21,9,1,8,5.9,116.8,0.3,0.068,0.103,0,0,0.1,0.143,2.9,1.6,1.8,6.2,0.003
493,KZ Okpala,MIA,21,5,2,3,5.2,118,0.8,0.16,0.308,0.4,66.7,0.2,0.25,3.6,1.8,0.4,5.2,0.001
494,Zylan Cheatham,NOP,24,3,2,1,10.2,118.5,1.7,0.152,0.217,0,0,0.3,0.5,5,4.3,2,10.7,0.001
495,Cristiano Felicio,CHI,27,22,6,16,17.5,118.8,2.1,0.139,0.211,0.5,12.7,0.1,0.083,7.1,5.6,5,20.2,0
496,Talen Horton-Tucker,LAL,19,2,1,1,2.7,120,0,0,0,0.5,100,0,0,1,2,0.5,1,-0.001
497,Miye Oni,UTA,22,5,4,1,2.1,120,0.4,0.154,0.25,0,0,0,0,1.6,0.6,0.6,3.6,-0.001
498,Jalen Lecque,PHX,20,4,1,3,6.6,120,0,0,0,0,0,0,0,1.8,3.8,1.8,5,-0.003
499,Drew Eubanks,SAS,23,14,8,6,9.3,119.7,1.9,0.209,0.287,0.1,9.5,0.4,0.667,2.5,3.3,2.7,10,-0.003
500,Kostas Antetokounmpo,LAL,22,3,3,0,1.7,125,0.3,0.333,0.5,0,0,0,0,0,0.7,1.7,2.7,-0.004
501,Antonius Cleveland,DAL,26,6,4,2,3.7,123.9,0.5,0.25,0.3,0.2,100,0.2,1,2,0.3,1.2,3,-0.006
502,Shamorie Ponds,TOR,22,4,4,0,2.6,127.3,0.3,0.167,0.25,0,0,0.3,0.5,0.5,1,1.3,2,-0.007
503,Khyri Thomas,DET,24,8,2,6,7.7,122.1,0,0,0,0.4,33.3,0,0,2,2.8,1.6,9.8,-0.008
504,Kyle Guy,SAC,22,2,1,1,2,130,0,0,0,0,0,0,0,1,0,1,5,-0.008
505,Isaiah Thomas,WAS,31,40,14,26,23.1,120.2,1.4,0.063,0.093,0.3,10.2,0.2,0.077,9,6.9,8.4,26.2,-0.01
506,Justin Patton,OKC,23,5,2,3,4.8,126.8,0.8,0.174,0.222,0,0,0,0,4.6,0.8,1.6,7.2,-0.013
507,Tariq Owens,PHX,25,3,0,3,5.1,127.3,0.3,0.067,0.125,0.3,100,0,0,1.7,2,2.3,4.7,-0.013
508,Dusty Hannahs,MEM,26,2,0,2,6.7,127.6,0.5,0.063,0.083,0,0,0,0,3,4,0,3,-0.018
509,Jared Harper,PHX,22,3,1,2,2.6,144.4,0,0,0,0,0,0,0,1.7,1.7,0.7,2,-0.021
510,Donta Hall,DET,22,4,1,3,12,125.8,2.3,0.257,0.409,0.3,9.1,0.3,0.5,3.5,2.8,3,11.5,-0.024
511,Moses Brown,POR,20,9,4,5,3.6,141.7,1.2,0.324,0.458,0.1,33.3,0.1,0.5,1,1.3,1.2,4,-0.026
512,Marial Shayok,PHI,24,2,1,1,5.2,136,1.5,0.273,0.375,0,0,0,0,5,3.5,3.5,6,-0.031
513,Zach Norvell Jr.,GSW,22,5,2,3,8.2,135.6,1.2,0.207,0.375,0.4,20,0,0,2.8,3.6,3,9.2,-0.042
514,Stephen Curry,GSW,32,5,1,4,27.9,123.7,4.4,0.162,0.224,1,23.8,0.4,0.182,12,6.2,12.4,31.6,-0.044
