,PLAYER,TEAM,AGE,GP,W,L,MIN,PTS,FGM,FGA,FG%,3PM,3PA,3P%,FTM,FTA,FT%,OREB,DREB,REB,AST,TOV,STL,BLK,PF,FP,DD2,TD3,Plus_Minus
198,Maxi Kleber,DAL,28,66,39,27,25.7,9.2,3.2,7.1,0.459,1.6,4.3,0.374,1,1.2,0.863,1.5,3.9,5.4,1.2,0.7,0.3,1.2,2.3,21.1,2,0,1.9
166,Langston Galloway,DET,28,66,20,46,25.8,10.3,3.6,8.2,0.435,2,5,0.399,1.1,1.3,0.859,0.5,1.8,2.3,1.5,0.6,0.7,0.2,1.5,17.3,0,0,-2.2
171,Bobby Portis,NYK,25,66,21,45,21.1,10.1,4,8.9,0.45,1,2.8,0.358,1.1,1.4,0.763,1.2,3.9,5.1,1.5,1.1,0.5,0.3,1.7,19.7,5,0,-2.9
110,Miles Bridges,CHA,22,65,23,42,30.7,13,4.9,11.6,0.424,1.5,4.6,0.33,1.6,2,0.809,1.4,4.2,5.6,1.8,1.5,0.6,0.7,2,24.9,4,0,-6.1
107,Coby White,CHI,20,65,22,43,25.8,13.2,4.8,12.2,0.394,2,5.8,0.354,1.6,2,0.791,0.4,3.1,3.5,2.7,1.7,0.8,0.1,1.8,22.4,0,0,-2.5
178,Tomas Satoransky,CHI,28,65,22,43,28.9,9.9,3.6,8.5,0.43,1,3.1,0.322,1.6,1.9,0.876,1.2,2.7,3.9,5.4,2,1.2,0.1,2.1,24.8,3,0,-1.1
30,Collin Sexton,CLE,21,65,19,46,33,20.8,7.9,16.7,0.472,1.5,3.9,0.38,3.5,4.1,0.846,0.9,2.2,3.1,3,2.4,1,0.1,2.2,29.8,0,0,-6.1
146,Cedi Osman,CLE,25,65,19,46,29.4,11,4.1,9.4,0.437,1.9,4.9,0.383,1,1.4,0.67,0.6,3,3.6,2.4,1.4,0.8,0.2,2.5,20.7,2,0,-5.4
254,Delon Wright,DAL,28,65,39,26,21.7,7.3,2.8,5.9,0.47,0.7,1.8,0.385,1.1,1.4,0.789,1,3,4,3.4,1,1.2,0.3,1.3,20.6,1,0,0.7
36,Nikola Jokic,DEN,25,65,43,22,32.3,20.2,7.9,14.9,0.528,1.1,3.5,0.314,3.4,4.1,0.813,2.4,7.8,10.2,6.9,3.1,1.2,0.7,3.1,45.2,39,12,3.8
213,Monte Morris,DEN,25,65,43,22,21.6,8.4,3.4,7.4,0.459,0.8,2.2,0.375,0.8,1,0.823,0.3,1.4,1.7,3.5,0.7,0.8,0.2,1,18.3,0,0,1
215,Justin Holiday,IND,31,65,39,26,24.9,8.4,2.9,6.6,0.44,1.9,4.4,0.424,0.7,0.9,0.78,0.5,2.7,3.2,1.3,0.6,1.2,0.6,1.8,19,0,0,0.8
77,Dillon Brooks,MEM,24,65,32,33,28.5,15.7,5.7,14.2,0.402,2,5.5,0.369,2.2,2.7,0.809,0.9,2.3,3.3,2,1.7,0.9,0.4,3.8,24.7,0,0,-0.6
246,Tyus Jones,MEM,24,65,32,33,19,7.4,3,6.6,0.459,0.7,1.9,0.379,0.7,0.9,0.741,0.1,1.4,1.6,4.4,0.8,0.9,0.1,0.7,18.1,0,0,-0.8
72,Bam Adebayo,MIA,22,65,41,24,34.4,16.2,6.3,11.1,0.567,0,0.2,0.077,3.6,5.3,0.69,2.5,8,10.5,5.1,2.8,1.2,1.3,2.5,41.2,39,3,3.2
106,Duncan Robinson,MIA,26,65,41,24,30,13.3,4.4,9.4,0.467,3.7,8.4,0.448,0.7,0.8,0.906,0.1,3.1,3.3,1.4,0.9,0.5,0.2,2.8,20.7,1,0,4.8
274,Kevin Knox II,NYK,20,65,21,44,17.9,6.4,2.2,6.2,0.359,1,3.1,0.327,1,1.6,0.653,0.4,2.4,2.8,0.9,0.7,0.4,0.4,1.6,12.9,0,0,-2.8
42,Tobias Harris,PHI,27,65,39,26,34.5,19.4,7.6,16.1,0.472,1.8,5,0.362,2.4,2.9,0.806,0.8,5.9,6.8,3.2,1.5,0.8,0.5,2.3,34.6,10,0,2
208,Mikal Bridges,PHX,23,65,26,39,27.3,8.7,3.2,6.3,0.516,0.9,2.4,0.352,1.4,1.6,0.848,0.9,3.1,4,1.8,1,1.4,0.6,2.2,21.2,1,0,0.7
206,Anfernee Simons,POR,21,65,28,37,21.5,8.8,3.2,8.1,0.402,1.1,3.4,0.338,1.2,1.4,0.826,0.4,1.9,2.3,1.5,0.9,0.4,0.2,2,14.4,1,0,-4.1
155,Jarrett Allen,BKN,22,64,30,34,25.7,10.6,4.2,6.5,0.646,0,0.1,0,2.3,3.7,0.62,3,6.4,9.5,1.3,1.1,0.6,1.3,2.3,28.6,26,0,0.5
126,Taurean Prince,BKN,26,64,30,34,29,12.1,4.3,11.5,0.376,2.3,6.7,0.339,1.1,1.4,0.798,0.8,5.2,6,1.8,2,0.9,0.4,2.5,23.8,8,0,1.1
31,Spencer Dinwiddie,BKN,27,64,30,34,31.2,20.6,6.6,16,0.415,1.9,6.3,0.308,5.4,7,0.778,0.5,3,3.5,6.8,2.7,0.6,0.3,2.8,35,9,0,0.8
165,Thaddeus Young,CHI,32,64,22,42,24.9,10.3,4.2,9.4,0.448,1.2,3.5,0.356,0.7,1.1,0.583,1.5,3.5,4.9,1.8,1.6,1.4,0.4,2.1,22.7,2,0,-3.3
193,Dorian Finney-Smith,DAL,27,64,38,26,29.7,9.3,3.3,7.1,0.468,1.5,4.1,0.374,1.1,1.5,0.722,2,3.5,5.5,1.5,1,0.7,0.6,2.4,21,3,0,4.2
138,Jerami Grant,DEN,26,64,42,22,26.2,11.6,4.1,8.7,0.471,1.4,3.4,0.4,2,2.7,0.744,0.8,2.7,3.5,1.2,0.9,0.7,0.8,2.2,21.3,0,0,-1.2
259,P.J. Tucker,HOU,35,64,40,24,34.4,7.1,2.5,5.8,0.433,1.5,4,0.37,0.6,0.7,0.841,1.6,5.3,6.9,1.6,1,1.1,0.5,3.3,21.4,6,0,2.3
228,Ivica Zubac,LAC,23,64,44,20,18.1,8,3.2,5.3,0.601,0,0,0,1.7,2.2,0.759,2.6,4.6,7.2,1.1,0.8,0.2,0.9,2.3,20.8,7,0,2.8
40,Julius Randle,NYK,25,64,21,43,32.5,19.5,7.2,15.7,0.46,1,3.6,0.277,4,5.5,0.733,2.4,7.4,9.7,3.1,3,0.8,0.3,2.8,36.2,30,0,-3.8
127,Markelle Fultz,ORL,22,64,30,34,28.3,12.1,5,10.6,0.473,0.5,1.8,0.254,1.6,2.2,0.723,0.5,2.8,3.3,5.2,2,1.3,0.2,2,26.2,3,1,-0.8
182,Furkan Korkmaz,PHI,22,64,38,26,21.8,9.7,3.5,8,0.432,2,5,0.397,0.8,1.1,0.736,0.3,2.1,2.3,1.1,0.8,0.6,0.2,1.4,15.7,0,0,1.4
37,Buddy Hield,SAC,27,64,28,36,32,19.8,7.1,16.6,0.429,3.8,9.7,0.395,1.8,2,0.855,0.9,3.9,4.8,3.1,2.3,0.9,0.3,2.3,31.4,2,0,-0.8
91,Harrison Barnes,SAC,28,64,28,36,34.9,14.7,5.1,11.1,0.459,1.5,3.8,0.383,3.1,3.8,0.803,1,3.8,4.8,2.4,1.3,0.6,0.2,1.3,25,3,0,-0.8
280,Cory Joseph,SAC,28,64,28,36,24,6.3,2.4,5.8,0.42,0.7,2.1,0.351,0.8,0.9,0.828,0.6,2,2.5,3.4,1,0.7,0.3,1.9,16.6,0,0,-0.7
207,Kent Bazemore,SAC,30,64,31,33,25.1,8.7,2.9,7.7,0.374,1.2,3.6,0.342,1.7,2.2,0.768,0.4,4,4.3,1.3,1.3,1.1,0.6,2.8,19.7,0,0,0.4
134,Nemanja Bjelica,SAC,32,64,28,36,28.5,11.9,4.5,9.4,0.475,2,4.6,0.424,0.9,1.1,0.822,1.7,4.8,6.4,2.8,1.4,0.8,0.5,3,26.4,8,0,-0.6
232,Terence Davis,TOR,23,64,46,18,17,7.7,2.8,6.1,0.463,1.4,3.5,0.396,0.7,0.8,0.865,0.7,2.7,3.4,1.7,1,0.5,0.2,1.6,15.4,1,0,3.5
284,Royce O'Neale,UTA,27,64,41,23,29.1,6.3,2.2,5,0.439,1.3,3.3,0.389,0.6,0.8,0.735,0.3,5,5.3,2.5,0.8,0.7,0.4,2.8,19.2,2,0,3.2
180,Joe Ingles,UTA,32,64,41,23,29.9,9.8,3.4,7.7,0.441,1.9,4.8,0.397,1,1.3,0.774,0.4,3.6,4,5.2,1.9,0.9,0.1,2.1,23.5,2,0,3.8
120,De'Andre Hunter,ATL,22,63,19,44,32,12.3,4.4,10.8,0.41,1.7,4.8,0.355,1.7,2.3,0.764,0.7,3.8,4.5,1.8,1.6,0.7,0.3,2.9,21.8,3,0,-4.1
99,Joe Harris,BKN,28,63,30,33,30.9,13.9,5.3,11.2,0.471,2.4,5.9,0.412,1,1.3,0.747,1,3.4,4.3,2.1,1.5,0.6,0.3,2.2,23.3,0,0,1.8
270,Brad Wanamaker,BOS,30,63,43,20,19.3,6.6,2.2,5,0.428,0.5,1.4,0.367,1.7,1.8,0.931,0.3,1.7,2,2.5,1.1,0.8,0.2,1.9,14.6,0,0,1
56,Devonte' Graham,CHA,25,63,23,40,35.1,18.2,5.8,15.3,0.382,3.5,9.3,0.373,3,3.7,0.82,0.7,2.7,3.4,7.5,2.9,1,0.2,1.8,34.2,17,0,-2.9
58,Terry Rozier,CHA,26,63,21,42,34.4,18,6.3,14.9,0.423,2.7,6.7,0.407,2.6,3,0.874,0.8,3.6,4.4,4.1,2.2,1,0.2,2,30.6,2,0,-6.3
75,Tim Hardaway Jr.,DAL,28,63,38,25,28.8,15.8,5.5,12.6,0.437,2.9,7.2,0.407,1.9,2.4,0.801,0.4,2.8,3.1,2,1,0.6,0.1,1.7,23.7,0,0,5.4
179,Ben McLemore,HOU,27,63,40,23,22.8,9.8,3.3,7.5,0.445,2.4,6.2,0.395,0.7,1,0.758,0.3,1.9,2.2,0.9,0.7,0.6,0.2,2.1,15.4,1,0,3.4
271,T.J. McConnell,IND,28,63,38,25,18.9,6.5,3,5.7,0.517,0.1,0.2,0.333,0.5,0.6,0.833,0.5,2.1,2.6,5,1.4,0.7,0.2,1.1,18.4,2,0,0.6
54,Montrezl Harrell,LAC,26,63,44,19,27.8,18.6,7.5,12.9,0.58,0,0.3,0,3.7,5.6,0.658,2.6,4.5,7.1,1.7,1.7,0.6,1.1,2.3,33.2,12,0,4
186,Kentavious Caldwell-Pope,LAL,27,63,49,14,25.5,9.5,3.5,7.4,0.472,1.4,3.5,0.394,1.2,1.5,0.779,0.6,1.5,2.1,1.7,0.9,0.8,0.2,1.9,16.8,0,0,3.4
197,Jarrett Culver,MIN,21,63,19,44,23.9,9.2,3.7,9,0.404,1,3.5,0.299,0.9,1.9,0.462,1.1,2.3,3.4,1.7,1.3,0.9,0.6,2,19.1,0,0,-1.6
43,Shai Gilgeous-Alexander,OKC,21,63,39,24,35.1,19.3,7,14.8,0.473,1.2,3.5,0.351,4,5,0.801,0.7,5.4,6.1,3.3,1.9,1.1,0.7,1.7,35.2,9,1,2.3
46,Dennis Schroder,OKC,26,63,39,24,31,19,7,15,0.468,1.9,5.1,0.381,3.1,3.7,0.839,0.3,3.4,3.7,4.1,2.5,0.7,0.2,2.2,29.8,0,0,3.9
61,Chris Paul,OKC,35,63,40,23,31.8,17.7,6.3,12.8,0.489,1.6,4.4,0.362,3.6,4,0.9,0.3,4.6,4.9,6.8,2.2,1.6,0.1,2.2,36.7,10,0,4.7
89,Terrence Ross,ORL,29,63,29,34,27.3,14.8,5,12.3,0.407,2.6,7.2,0.357,2.2,2.6,0.845,0.2,3,3.2,1.2,1,1.1,0.3,1.5,23.7,0,0,-1.1
310,Mike Scott,PHI,31,63,37,26,17.8,5.7,2.1,5.1,0.408,1.2,3.2,0.358,0.4,0.5,0.833,0.9,2.7,3.6,0.8,0.4,0.3,0.1,1.3,11.9,0,0,1.7
275,Trey Lyles,SAS,24,63,27,36,20.2,6.4,2.4,5.4,0.446,1,2.7,0.387,0.5,0.7,0.733,1.1,4.6,5.7,1.1,0.6,0.4,0.4,1.6,17,2,0,-0.9
143,Bryn Forbes,SAS,26,63,27,36,25.1,11.2,3.8,9.2,0.417,2.3,6,0.388,1.2,1.4,0.833,0.2,1.8,2,1.7,0.9,0.5,0,1.8,16.9,0,0,-3.4
137,Patty Mills,SAS,31,63,27,36,22.7,11.7,3.9,9.1,0.429,2.3,6.2,0.38,1.5,1.7,0.861,0.3,1.3,1.6,1.8,0.8,0.8,0.1,1.6,18.2,0,0,1.8
153,OG Anunoby,TOR,22,63,45,18,30.1,10.7,4.2,8.4,0.507,1.3,3.4,0.381,0.9,1.4,0.686,1.2,4.2,5.4,1.6,1.2,1.4,0.7,2.5,24.6,5,0,3.6
16,Donovan Mitchell,UTA,23,63,40,23,34.4,24.2,8.9,19.6,0.453,2.5,6.8,0.364,4,4.6,0.859,0.7,3.7,4.4,4.2,2.7,1,0.2,2.4,36.8,1,0,1.5
83,Jordan Clarkson,UTA,28,63,31,32,24.2,15.1,5.6,12,0.465,2.1,5.6,0.368,1.9,2.3,0.841,0.7,1.9,2.7,2,1.3,0.7,0.2,1.5,22.7,0,0,0.2
35,Bojan Bogdanovic,UTA,31,63,41,22,33.1,20.2,6.6,14.8,0.447,3,7.3,0.414,4,4.4,0.903,0.6,3.5,4.1,2.1,2.5,0.5,0.1,1.7,27.7,0,0,4.2
395,Grant Williams,BOS,21,62,43,19,15.6,3.5,1.3,3.1,0.417,0.3,1.4,0.247,0.6,0.8,0.725,0.9,1.7,2.7,1,0.7,0.5,0.5,2.4,10.4,0,0,2.4
108,Christian Wood,DET,24,62,20,42,21.4,13.1,4.6,8.2,0.567,0.9,2.3,0.386,2.9,3.9,0.744,1.7,4.6,6.3,1,1.4,0.5,0.9,1.6,25,12,0,1.1
113,Robert Covington,HOU,29,62,23,39,30.1,12.8,4.5,10.5,0.432,2.4,6.8,0.349,1.4,1.7,0.796,0.9,5.5,6.4,1.2,1.5,1.5,1.3,3.2,29.2,5,0,-0.1
55,Domantas Sabonis,IND,24,62,37,25,34.8,18.5,7.4,13.7,0.54,0.3,1.1,0.254,3.5,4.8,0.723,3,9.4,12.4,5,2.7,0.8,0.5,3.1,41.9,50,4,2.6
163,Doug McDermott,IND,28,62,37,25,20,10.4,3.9,7.9,0.491,1.9,4.3,0.445,0.7,0.8,0.827,0.4,2.1,2.5,1.1,0.6,0.1,0.1,1.7,15.1,0,0,1.9
240,Dwight Howard,LAL,34,62,49,13,19.2,7.5,3,4.1,0.732,0,0.1,0.6,1.4,2.9,0.494,2.5,4.9,7.4,0.7,1.2,0.4,1.2,3.2,21.2,8,0,2.7
88,Jonas Valanciunas,MEM,28,62,30,32,26.3,14.9,6.2,10.6,0.586,0.5,1.3,0.367,2,2.7,0.732,3.1,8.2,11.2,1.8,1.7,0.4,1.1,2.6,33.8,33,0,0.1
78,Kendrick Nunn,MIA,24,62,40,22,29.8,15.6,6.1,13.7,0.448,2.1,5.8,0.362,1.2,1.5,0.837,0.3,2.4,2.7,3.4,1.6,0.8,0.2,2.3,25.3,0,0,1.7
241,Wesley Matthews,MIL,33,62,50,12,24.7,7.5,2.6,6.5,0.397,1.6,4.5,0.365,0.8,1,0.762,0.3,2.2,2.6,1.5,0.7,0.6,0.1,1.5,14.4,0,0,6.9
210,Josh Okogie,MIN,21,62,19,43,25,8.6,2.7,6.4,0.427,0.7,2.5,0.266,2.5,3.1,0.796,1.4,2.9,4.3,1.6,1.4,1.1,0.4,2.2,19.3,0,0,-2.6
306,Maurice Harkless,NYK,27,62,39,23,23,5.8,2.3,4.6,0.502,0.5,1.6,0.347,0.6,1.1,0.591,0.9,3,3.9,1.1,0.9,0.9,0.5,2.4,15.6,0,0,0.3
291,Taj Gibson,NYK,35,62,21,41,16.5,6.1,2.7,4.6,0.584,0.1,0.2,0.286,0.7,0.9,0.732,1.8,2.5,4.3,0.8,0.8,0.4,0.5,2,14.5,0,0,-4.2
12,Devin Booker,PHX,23,62,26,36,36.1,26.1,8.8,18,0.487,2,5.6,0.36,6.5,7.1,0.916,0.4,3.7,4.2,6.6,3.9,0.7,0.3,3,40,10,0,0.7
22,CJ McCollum,POR,28,62,28,34,36,22.5,8.9,19.5,0.453,2.8,7.4,0.38,2,2.6,0.75,0.7,3.4,4.1,4.3,1.9,0.7,0.6,2.6,36.1,4,0,0.5
86,Rudy Gobert,UTA,28,62,40,22,34.6,15.1,5.7,8.2,0.698,0,0,0,3.7,5.9,0.621,3.4,10.3,13.7,1.5,1.9,0.8,2,3.2,40.1,45,0,4.4
411,Semi Ojeleye,BOS,25,61,41,20,14.6,3.1,1.1,2.6,0.409,0.6,1.6,0.367,0.4,0.5,0.893,0.4,1.6,2,0.5,0.2,0.3,0.1,1,7.3,0,0,-0.1
1,James Harden,HOU,30,61,39,22,36.7,34.4,9.9,22.7,0.435,4.4,12.6,0.352,10.1,11.8,0.861,1,5.3,6.4,7.4,4.5,1.7,0.9,3.4,56.4,19,4,4.1
51,T.J. Warren,IND,26,61,38,23,32.5,18.7,7.5,14.2,0.529,1.1,3,0.375,2.5,3,0.812,1,3,4,1.4,1.3,1.1,0.4,2.8,29.1,0,0,0.9
265,JaVale McGee,LAL,32,61,48,13,16.8,6.8,3,4.6,0.64,0,0.1,0.5,0.8,1.2,0.653,1.8,4,5.8,0.6,0.8,0.5,1.5,2.4,19.9,2,0,3.1
220,Danny Green,LAL,33,61,48,13,25.1,8.2,2.9,7,0.419,1.9,4.9,0.378,0.5,0.7,0.727,0.7,2.7,3.4,1.4,0.9,1.2,0.5,2.1,18.7,0,0,5.1
331,Pat Connaughton,MIL,27,61,51,10,18.3,5.1,2,4.3,0.456,0.7,2.2,0.321,0.4,0.6,0.75,0.9,3.3,4.2,1.6,0.8,0.3,0.5,1,14.2,0,0,1.4
149,Brook Lopez,MIL,32,61,50,11,26.6,11,4,9.4,0.427,1.4,4.7,0.296,1.6,2,0.81,0.7,3.8,4.5,1.6,1,0.7,2.4,2.4,27.1,3,0,7.8
183,Mitchell Robinson,NYK,22,61,20,41,23.2,9.7,4.1,5.6,0.742,0,0,0,1.4,2.4,0.568,3,4,7,0.6,0.6,0.9,2,3.2,26.8,8,0,-1.8
49,Evan Fournier,ORL,27,61,26,35,31.7,18.8,6.7,14.2,0.47,2.7,6.7,0.406,2.8,3.4,0.82,0.3,2.3,2.6,3.2,2,1.1,0.2,2.4,28.8,0,0,-2
293,James Ennis III,ORL,29,61,39,22,17.3,6,2.1,4.8,0.435,0.8,2.3,0.338,1,1.3,0.808,1,2.3,3.3,0.9,0.7,0.5,0.3,1.8,12.9,0,0,0
71,Hassan Whiteside,POR,31,61,29,32,31.3,16.3,6.9,11.1,0.618,0.1,0.1,0.571,2.5,3.7,0.68,4,10.2,14.2,1.2,1.9,0.4,3.1,2.9,43.7,51,0,1.5
161,Derrick White,SAS,25,61,27,34,24.1,10.4,3.5,7.6,0.459,0.9,2.6,0.356,2.5,2.9,0.857,0.5,2.7,3.2,3.4,1.2,0.6,0.9,2.2,22.6,0,0,0
23,DeMar DeRozan,SAS,30,61,26,35,34.3,22.2,8.2,15.7,0.526,0.1,0.5,0.267,5.5,6.6,0.843,0.6,5,5.6,5.6,2.4,1,0.2,2.7,38.6,6,0,-2.3
181,Troy Brown Jr.,WAS,20,61,23,38,24.9,9.7,3.8,8.3,0.453,0.8,2.4,0.345,1.4,1.9,0.754,1,4.3,5.3,2.3,1.1,1.2,0.1,1.8,22.6,4,0,-2.7
4,Trae Young,ATL,21,60,18,42,35.3,29.6,9.1,20.8,0.437,3.4,9.5,0.361,8,9.3,0.86,0.5,3.7,4.3,9.3,4.8,1.1,0.1,1.7,47.6,28,2,-3.8
333,Vince Carter,ATL,43,60,19,41,14.6,5,1.8,5.1,0.352,1,3.4,0.302,0.4,0.5,0.793,0.3,1.8,2.1,0.8,0.6,0.4,0.4,1.5,10.5,0,0,-2.1
14,Zach LaVine,CHI,25,60,20,40,34.8,25.5,9,20,0.45,3.1,8.1,0.38,4.5,5.6,0.802,0.7,4.1,4.8,4.2,3.4,1.5,0.5,2.2,40,2,0,-3.2
343,Thon Maker,DET,23,60,20,40,12.9,4.7,1.6,3.2,0.482,0.4,1.1,0.344,1.2,1.8,0.664,0.9,1.9,2.8,0.7,0.8,0.4,0.7,1.7,11.5,2,0,-2.4
98,Eric Paschall,GSW,23,60,14,46,27.6,14,5.3,10.7,0.497,0.6,2.2,0.287,2.7,3.5,0.774,1.4,3.2,4.6,2.1,1.6,0.5,0.2,2.1,23.3,4,0,-6.3
212,Austin Rivers,HOU,27,60,39,21,23.4,8.5,3,7.2,0.421,1.4,3.9,0.358,1,1.5,0.667,0.4,2,2.4,1.6,0.6,0.7,0.2,1.9,15.7,0,0,2
53,Lou Williams,LAC,33,60,41,19,29.3,18.7,6.1,14.7,0.416,1.8,4.9,0.363,4.6,5.4,0.863,0.5,2.6,3.1,5.7,2.9,0.7,0.2,1.3,30.6,2,0,3.6
13,LeBron James,LAL,35,60,47,13,34.9,25.7,9.8,19.6,0.498,2.2,6.4,0.349,4,5.7,0.697,1,6.9,7.9,10.6,4,1.2,0.5,1.8,52.3,42,13,8.1
319,Robin Lopez,MIL,32,60,49,11,14.4,5.5,2.3,4.6,0.502,0.6,1.6,0.344,0.4,0.7,0.535,0.9,1.6,2.4,0.7,0.9,0.2,0.7,1.3,11.1,0,0,0.7
317,Mo Bamba,ORL,22,60,28,32,14.5,5.5,2.2,4.7,0.468,0.6,1.7,0.356,0.5,0.8,0.674,1.6,3.4,5,0.7,0.7,0.4,1.4,1.9,17.2,2,0,0.7
136,Glenn Robinson III,PHI,26,60,17,43,29.1,11.8,4.7,9.6,0.486,1.2,3.2,0.387,1.2,1.4,0.867,1.3,3,4.3,1.6,0.9,0.9,0.3,1.6,22,1,0,-4.9
129,Al Horford,PHI,34,60,35,25,30.8,12,4.8,10.9,0.442,1.5,4.4,0.337,0.9,1.2,0.753,1.5,5.3,6.9,4.1,1.1,0.9,0.9,2.1,30.6,6,0,2
175,Rudy Gay,SAS,33,60,25,35,21.5,10,3.7,8.4,0.442,1,3.1,0.314,1.7,1.9,0.876,0.9,4.4,5.4,1.7,1.3,0.4,0.5,1.5,20.4,4,0,-0.3
157,Ish Smith,WAS,31,60,22,38,26.2,10.5,4.4,9.7,0.451,0.9,2.5,0.367,0.8,1.2,0.686,0.5,2.7,3.2,4.8,1.3,0.9,0.4,1.4,23.9,0,0,-1.8
152,Jeff Teague,ATL,32,59,22,37,24.8,10.9,3.6,8.3,0.436,0.7,2,0.368,2.9,3.3,0.873,0.5,1.9,2.4,5.2,2,0.7,0.3,1.8,22.8,3,0,-2.9
19,Jayson Tatum,BOS,22,59,41,18,34.6,23.6,8.5,18.9,0.448,2.8,7.1,0.398,3.8,4.7,0.806,1,6.1,7.1,2.9,2.2,1.4,0.9,2.1,41.2,10,0,7.5
121,Darius Garland,CLE,20,59,17,42,30.9,12.3,4.7,11.8,0.401,1.8,5,0.355,1.1,1.2,0.875,0.5,1.4,1.9,3.9,2.6,0.7,0.1,1.6,20.2,1,0,-5
116,Seth Curry,DAL,29,59,36,23,24.5,12.6,4.5,9,0.5,2.3,5.1,0.453,1.3,1.5,0.841,0.4,1.9,2.4,2,1,0.6,0.1,1.7,19.6,0,0,3.2
226,Tony Snell,DET,28,59,18,41,27.8,8,2.9,6.5,0.445,1.7,4.3,0.402,0.5,0.5,1,0.2,1.7,1.9,2.2,0.5,0.5,0.3,1.7,15.4,0,0,-2.9
195,Marquese Chriss,GSW,22,59,15,44,20.3,9.3,3.6,6.5,0.545,0.1,0.7,0.205,2,2.6,0.769,1.9,4.3,6.2,1.9,1.3,0.7,1.1,2.1,23.4,9,0,-3.8
62,Ja Morant,MEM,20,59,31,28,30,17.6,6.7,13.6,0.491,0.9,2.4,0.367,3.5,4.5,0.77,0.7,2.8,3.5,6.9,3.2,0.9,0.3,1.5,32.5,11,1,-0.1
311,Kyle Anderson,MEM,26,59,30,29,19.3,5.7,2.3,4.7,0.493,0.3,1.1,0.258,0.7,1.1,0.652,0.9,3.4,4.4,2.2,0.9,0.8,0.5,1.4,17.2,0,0,-1.7
234,Kelly Olynyk,MIA,29,59,38,21,18.5,7.7,2.6,5.4,0.476,1.4,3.1,0.432,1.2,1.4,0.854,0.6,3.8,4.4,1.6,1.1,0.6,0.3,2.4,17.2,3,0,1.4
191,Donte DiVincenzo,MIL,23,59,51,8,23.1,9.4,3.5,7.7,0.462,1.3,3.7,0.344,1,1.3,0.769,1,3.9,4.9,2.3,1.2,1.4,0.3,1.6,22.5,1,0,6.9
84,Alec Burks,PHI,28,59,17,42,27.3,15.1,4.8,11.9,0.404,1.7,4.6,0.366,3.8,4.3,0.896,0.7,3.7,4.4,2.9,1.4,1,0.3,2,27.2,1,0,-4.6
156,Cam Reddish,ATL,20,58,17,41,26.7,10.5,3.7,9.6,0.384,1.4,4.3,0.332,1.7,2.2,0.802,0.6,3.1,3.7,1.5,1.7,1.1,0.5,2.3,20.2,0,0,-4.2
194,Daniel Theis,BOS,28,58,37,21,23.8,9.3,3.7,6.6,0.565,0.4,1.4,0.321,1.4,1.8,0.764,2.2,4.3,6.6,1.6,0.8,0.6,1.3,3.5,24.5,5,0,3.4
122,P.J. Washington,CHA,21,58,22,36,30.3,12.2,4.6,10.2,0.455,1.5,4,0.374,1.5,2.3,0.647,1,4.4,5.4,2.1,1.6,0.9,0.8,2.7,25.3,4,0,-3.8
145,Cody Zeller,CHA,27,58,18,40,23.1,11.1,4.3,8.3,0.524,0.3,1.3,0.24,2.1,3.1,0.682,2.8,4.3,7.1,1.5,1.3,0.7,0.4,2.4,23.9,10,0,-3.8
358,Ryan Arcidiacono,CHI,26,58,21,37,16,4.5,1.6,3.8,0.409,0.9,2.4,0.391,0.5,0.7,0.711,0.3,1.6,1.9,1.7,0.6,0.5,0.1,1.7,10.2,0,0,-1.4
312,Justin Jackson,DAL,25,58,36,22,16,5.7,2.1,5.4,0.399,0.8,2.6,0.298,0.6,0.8,0.818,0.5,2,2.4,0.8,0.2,0.2,0.2,1,10.8,0,0,0.2
85,Will Barton,DEN,29,58,38,20,33,15.1,5.7,12.7,0.45,1.9,5,0.375,1.8,2.3,0.767,1.3,5,6.3,3.7,1.5,1.1,0.5,2.1,31.2,7,0,4.2
203,Bruce Brown,DET,23,58,18,40,28.2,8.9,3.4,7.7,0.443,0.6,1.7,0.344,1.5,2.1,0.739,1.1,3.7,4.7,4,1.7,1.1,0.5,2.8,23.6,4,0,-2.4
169,Danuel House Jr.,HOU,27,58,36,22,30,10.2,3.6,8.3,0.427,1.9,5.4,0.363,1.2,1.5,0.8,1,3.3,4.2,1.3,0.8,1.1,0.6,2.1,21.5,2,0,1.8
189,Aaron Holiday,IND,23,58,36,22,23.6,9.4,3.5,8.6,0.407,1.4,3.5,0.394,1.1,1.2,0.861,0.4,1.9,2.3,3.3,1.3,0.8,0.2,1.8,18.8,2,0,1.5
321,Alex Caruso,LAL,26,58,45,13,17.8,5.4,1.9,4.5,0.423,0.7,1.8,0.355,1,1.3,0.763,0.2,1.7,1.9,1.8,0.8,1,0.3,1.5,13.6,0,0,3.9
249,Gorgui Dieng,MEM,30,58,18,40,17.5,7.4,2.7,5.9,0.461,0.9,2.4,0.359,1.1,1.4,0.735,1.5,4.3,5.8,1.2,0.9,0.8,1,1.9,20.6,9,0,-1.7
160,Jae Crowder,MIA,29,58,26,32,29.2,10.4,3.4,8.8,0.384,1.9,6.1,0.318,1.6,2.1,0.785,0.8,5.3,6.1,2.6,1.1,1.2,0.4,2.2,25.1,6,0,-2.5
151,Steven Adams,OKC,26,58,37,21,27,10.9,4.5,7.6,0.591,0,0.1,0.333,1.9,3.2,0.59,3.4,6,9.4,2.4,1.5,0.9,1.1,1.9,30.3,21,0,2.5
95,Aaron Gordon,ORL,24,58,28,30,33,14.4,5.4,12.5,0.433,1.2,3.9,0.301,2.4,3.5,0.675,1.8,5.8,7.6,3.7,1.6,0.9,0.6,2,31.9,19,1,-1.7
172,Dario Saric,PHX,26,58,24,34,24.9,10.1,3.7,8.1,0.462,1.3,3.7,0.341,1.4,1.6,0.832,1.5,4.4,5.9,1.9,1.2,0.6,0.3,2.3,21.4,9,0,-1.3
5,Damian Lillard,POR,29,58,27,31,36.9,28.9,9.2,20,0.457,3.9,9.9,0.394,6.7,7.6,0.888,0.5,3.8,4.3,7.8,2.9,1,0.4,1.7,47,16,1,1.2
154,Dejounte Murray,SAS,23,58,24,34,25,10.7,4.4,9.3,0.475,0.6,1.6,0.378,1.3,1.6,0.798,1.2,4.6,5.8,4.1,1.9,1.7,0.3,2.2,27.9,4,0,-3.4
325,Jakob Poeltl,SAS,24,58,25,33,16.6,5.3,2.3,3.8,0.619,0,0,0,0.6,1.3,0.486,1.8,3.6,5.3,1.8,0.8,0.5,1.4,1.7,19.4,2,0,1
303,Georges Niang,UTA,27,58,38,20,13.3,5.8,2.1,4.6,0.453,1.3,3.2,0.416,0.3,0.4,0.864,0.2,1.7,1.9,0.6,0.4,0.2,0.1,1.1,9.4,0,0,-0.8
352,Isaac Bonga,WAS,20,58,21,37,17.7,4.6,1.7,3.2,0.522,0.4,0.9,0.4,0.9,1.1,0.813,1.1,2.1,3.2,1.1,0.7,0.6,0.4,2.3,12.2,0,0,0.4
60,Andre Drummond,CLE,26,57,21,36,33,17.7,7.3,13.8,0.533,0.1,0.6,0.143,3,5.2,0.575,4.4,10.8,15.2,2.7,3.6,1.9,1.6,3.5,47,47,0,-3.4
131,Tristan Thompson,CLE,29,57,19,38,30.2,12,5.1,9.9,0.512,0.2,0.4,0.391,1.7,2.8,0.615,4,6.2,10.1,2.1,1.8,0.6,0.9,2.2,29.9,25,0,-6.6
412,Matthew Dellavedova,CLE,29,57,17,40,14.4,3.1,1.1,3.1,0.354,0.4,1.6,0.231,0.6,0.6,0.865,0.3,1,1.3,3.2,1,0.4,0,1.4,9.5,1,0,-0.2
221,Jalen Brunson,DAL,23,57,34,23,17.9,8.2,3.2,6.8,0.466,0.8,2.1,0.358,1.1,1.3,0.813,0.4,2,2.4,3.3,1.2,0.4,0.1,1.3,16.2,2,0,3
205,Jordan Poole,GSW,21,57,12,45,22.3,8.8,2.9,8.8,0.333,1.3,4.6,0.279,1.7,2.1,0.798,0.2,1.9,2.1,2.4,1.3,0.6,0.2,1.6,15.9,0,0,-3.5
3,Giannis Antetokounmpo,MIL,25,57,48,9,30.9,29.6,10.9,20,0.547,1.5,4.8,0.306,6.3,10,0.633,2.3,11.5,13.7,5.8,3.7,1,1,3,57.3,52,4,11.4
170,Josh Hart,NOP,25,57,24,33,27.4,10.2,3.5,8.4,0.416,1.9,5.7,0.342,1.2,1.6,0.747,0.9,5.5,6.5,1.6,1.1,1,0.4,2.5,23.5,9,0,-1.4
283,Frank Ntilikina,NYK,21,57,19,38,20.8,6.3,2.3,5.8,0.393,0.8,2.4,0.321,0.9,1,0.864,0.4,1.7,2.1,3,1.2,0.9,0.3,2.5,15.8,1,0,-1.7
342,Matisse Thybulle,PHI,23,57,36,21,19.5,4.7,1.7,4.1,0.41,0.9,2.5,0.352,0.4,0.7,0.61,0.6,0.9,1.5,1.2,0.8,1.4,0.7,2.1,13.9,0,0,0.4
109,Ricky Rubio,PHX,29,57,24,33,31.6,13.1,4.4,10.7,0.412,1.2,3.3,0.351,3.1,3.6,0.853,0.7,3.9,4.6,8.9,2.7,1.5,0.2,2.5,34.4,21,2,2.3
2,Bradley Beal,WAS,27,57,20,37,36,30.5,10.4,22.9,0.455,3,8.4,0.353,6.8,8,0.842,0.9,3.3,4.2,6.1,3.4,1.2,0.4,2.2,46.3,8,0,-3.5
123,Kevin Huerter,ATL,21,56,19,37,31.4,12.2,4.5,10.9,0.413,2.3,6,0.38,0.9,1.1,0.828,0.6,3.4,4.1,3.8,1.6,0.9,0.5,2.5,25.4,2,0,-4.3
368,Bruno Fernando,ATL,21,56,18,38,12.7,4.3,1.8,3.6,0.518,0.1,0.7,0.135,0.5,0.9,0.569,1.2,2.3,3.5,0.9,0.8,0.3,0.3,1.9,11,1,0,-1.7
219,DeAndre Jordan,BKN,31,56,27,29,22,8.3,3.4,5.1,0.666,0,0,0,1.5,2.2,0.68,2.5,7.5,10,1.9,1.3,0.3,0.9,2,25.6,13,0,-0.7
174,Larry Nance Jr.,CLE,27,56,16,40,26.3,10.1,4.1,7.7,0.531,1,2.8,0.352,0.9,1.3,0.676,1.9,5.4,7.3,2.2,1.1,1,0.4,1.6,25.2,12,0,-2.8
63,Kevin Love,CLE,31,56,16,40,31.8,17.6,5.8,13,0.45,2.6,7,0.374,3.3,3.9,0.854,1,8.8,9.8,3.2,2.5,0.6,0.3,1.6,34.4,23,0,-4.8
162,Gary Harris,DEN,25,56,37,19,31.8,10.4,3.9,9.3,0.42,1.3,3.8,0.333,1.3,1.6,0.815,0.5,2.4,2.9,2.1,1.1,1.4,0.3,2.1,20.8,0,0,2.2
200,Svi Mykhailiuk,DET,23,56,17,39,22.6,9,3,7.2,0.41,2.1,5.1,0.404,1,1.3,0.814,0.3,1.6,1.9,1.9,1.1,0.7,0.1,1.6,15.4,0,0,-0.1
80,Eric Bledsoe,MIL,30,56,47,9,27.2,15.4,5.7,11.8,0.482,1.3,3.6,0.348,2.8,3.4,0.813,0.7,3.9,4.6,5.4,2.5,0.9,0.4,2.1,30.8,2,0,8.1
264,Ersan Ilyasova,MIL,33,56,45,11,16,6.8,2.4,5.2,0.472,0.8,2.2,0.371,1.1,1.3,0.827,1.1,3.9,4.9,0.8,0.6,0.4,0.3,1.6,15.4,4,0,2.2
242,Jaxson Hayes,NOP,20,56,26,30,17,7.5,2.8,4.2,0.66,0,0.1,0.25,1.9,3.1,0.63,1.5,2.5,4,0.9,0.7,0.4,0.9,2.5,17,3,0,-0.9
15,Brandon Ingram,NOP,22,56,23,33,34.3,24.3,8.4,18,0.466,2.4,6.3,0.387,5.1,5.9,0.858,0.9,5.4,6.3,4.3,3.1,1,0.7,2.9,40.1,9,0,0
119,Lonzo Ball,NOP,22,56,24,32,32.4,12.4,4.6,11.2,0.412,2.5,6.5,0.383,0.7,1.2,0.567,1.1,5.1,6.2,7,3.1,1.4,0.5,2,33.2,12,3,0.5
96,RJ Barrett,NYK,20,56,17,39,30.4,14.3,5.2,13,0.402,1.1,3.5,0.32,2.8,4.5,0.614,0.9,4.1,5,2.6,2.2,1,0.3,2.2,25.8,2,0,-5.8
52,Kelly Oubre Jr.,PHX,24,56,22,34,34.5,18.7,6.7,14.8,0.452,1.9,5.5,0.352,3.4,4.4,0.78,1.2,5.3,6.4,1.5,1.5,1.3,0.7,3.4,33.2,9,0,-0.5
315,Damian Jones,ATL,25,55,15,40,16.1,5.6,2.2,3.2,0.68,0,0.2,0.222,1.1,1.5,0.738,1.3,2.4,3.7,0.6,0.5,0.5,0.7,2.7,14.1,0,0,-4.7
361,Treveon Graham,ATL,26,55,21,34,16.9,4.4,1.6,4.4,0.36,0.6,2.2,0.275,0.7,1,0.643,0.9,1.8,2.7,0.8,0.5,0.4,0.1,1.9,10,0,0,-2.7
167,Garrett Temple,BKN,34,55,26,29,28.1,10.3,3.6,9.5,0.378,2,6.3,0.324,1,1.3,0.767,0.5,2.9,3.5,2.6,1,0.8,0.5,1.7,21,1,0,-0.8
167,Malik Monk,CHA,22,55,18,37,21.3,10.3,3.9,8.9,0.434,1.1,3.7,0.284,1.5,1.8,0.82,0.5,2.4,2.9,2.1,1.4,0.5,0.3,1.3,17.6,1,0,-4.2
50,Jamal Murray,DEN,23,55,37,18,32.8,18.8,7,15.4,0.455,1.9,5.5,0.345,2.9,3.2,0.893,0.8,3.2,3.9,4.8,2.3,1.2,0.3,1.8,32.9,2,0,4.5
135,Myles Turner,IND,24,55,32,23,29.6,11.8,4.2,9.4,0.451,1.4,4.2,0.336,2,2.6,0.75,1.3,5.3,6.5,1.1,1.2,0.8,2.2,2.5,29,8,0,0.3
65,Marcus Morris Sr.,LAC,30,55,22,33,31.4,17.4,5.9,13.6,0.433,2.4,5.9,0.41,3.1,3.8,0.823,1,4.1,5.1,1.4,1.6,0.8,0.5,2.9,27.8,3,0,-0.6
272,JaMychal Green,LAC,30,55,38,17,20.5,6.5,2.3,5.5,0.414,1.3,3.7,0.363,0.6,0.8,0.727,1.4,5,6.3,0.8,0.8,0.5,0.4,2.7,16.9,7,0,2.6
10,Anthony Davis,LAL,27,55,43,12,34.3,26.7,9.2,18.1,0.511,1.2,3.5,0.335,7,8.3,0.845,2.3,7.1,9.4,3.1,2.5,1.5,2.4,2.5,52,27,0,5.2
27,Khris Middleton,MIL,28,55,44,11,30.1,21.1,7.7,15.5,0.499,2.4,5.8,0.418,3.2,3.6,0.908,0.7,5.5,6.2,4.1,2.1,0.9,0.1,2.2,35.8,5,0,9
144,Malik Beasley,MIN,23,55,30,25,22,11.2,4.1,9.7,0.425,1.9,5,0.388,1,1.2,0.818,0.3,2.4,2.7,1.4,1,0.7,0.1,1.4,18,1,0,-0.9
39,Jrue Holiday,NOP,30,55,24,31,34.9,19.6,7.7,16.9,0.452,2.1,5.9,0.357,2.2,3.1,0.7,1.3,3.6,4.9,6.9,2.9,1.7,0.8,2.3,40.3,10,1,0.7
233,Nerlens Noel,OKC,26,55,35,20,18.4,7.7,3.2,4.6,0.685,0,0.1,0.333,1.4,1.8,0.765,1.5,3.4,4.9,1,1,1,1.5,2.6,21.6,3,0,0.6
45,Danilo Gallinari,OKC,31,55,33,22,30.7,19.2,6,13.6,0.439,3,7.3,0.409,4.3,4.8,0.886,0.6,4.9,5.5,2.1,1.3,0.7,0.1,1.2,30,3,0,3.6
281,Chris Boucher,TOR,27,55,39,16,13.2,6.3,2.2,4.7,0.458,0.5,1.8,0.283,1.5,1.9,0.796,1.7,2.7,4.4,0.4,0.4,0.4,1,1.9,15.8,4,0,1.5
389,Jerome Robinson,WAS,23,55,35,20,13.6,3.7,1.4,3.9,0.347,0.6,1.9,0.298,0.4,0.5,0.69,0.2,1.8,1.9,1.2,0.6,0.4,0.3,1.5,9.1,0,0,0.5
6,Luka Doncic,DAL,21,54,34,20,33.3,28.7,9.5,20.6,0.461,2.9,9.1,0.318,6.8,9.1,0.752,1.3,8,9.3,8.7,4.2,1.1,0.2,2.5,52.5,34,14,4.8
255,Willie Cauley-Stein,DAL,26,54,16,38,20.3,7.2,3.2,5.6,0.579,0,0,0,0.7,1.2,0.606,1.6,4.3,5.8,1.3,0.7,0.9,1.1,2.2,21.5,3,0,-2.4
24,Andrew Wiggins,GSW,25,54,15,39,34.4,21.8,8.1,18.1,0.447,2.1,6.2,0.332,3.5,5,0.709,1.2,3.9,5.1,3.7,2.4,0.8,1,2.4,36.3,4,1,-3.7
118,Kyle Kuzma,LAL,24,54,43,11,24.6,12.5,4.7,10.9,0.432,1.3,4.4,0.297,1.8,2.4,0.738,0.9,3.6,4.5,1.3,1.6,0.4,0.4,2,20.5,2,0,3.1
67,Jaren Jackson Jr.,MEM,20,54,28,26,28,16.9,6.1,13,0.468,2.5,6.3,0.397,2.3,3.1,0.741,1,3.7,4.7,1.4,1.7,0.7,1.6,4.1,29.8,3,0,-2.1
323,Solomon Hill,MIA,29,54,28,26,18.4,5.4,1.9,4.6,0.403,1.1,2.9,0.378,0.6,0.8,0.714,0.5,2.4,2.9,1.8,0.9,0.7,0.2,1.4,13.3,0,0,-1.1
34,Jimmy Butler,MIA,30,54,36,18,34.3,20.2,6.1,13.4,0.454,0.5,2.2,0.248,7.6,9.1,0.833,1.8,4.8,6.6,6.1,2.2,1.7,0.5,1.4,42,10,3,4.2
73,Goran Dragic,MIA,34,54,34,20,28.4,16.1,5.4,12.3,0.437,2.2,5.8,0.377,3.1,4.1,0.769,0.5,2.6,3.1,5.1,2.5,0.6,0.1,1.9,27.1,3,0,2
87,JJ Redick,NOP,36,54,24,30,26.4,14.9,4.6,10.3,0.45,2.9,6.4,0.452,2.7,3,0.902,0.2,2.4,2.6,2,1.2,0.4,0.2,1.6,21.4,0,0,0.2
41,Nikola Vucevic,ORL,29,54,25,29,32.6,19.5,7.9,16.9,0.47,1.5,4.6,0.329,2.1,2.7,0.781,2.4,8.6,11,3.7,1.4,0.9,0.9,2.2,42.1,36,0,0.1
68,Ben Simmons,PHI,23,54,33,21,35.7,16.7,6.7,11.4,0.585,0,0.1,0.333,3.3,5.3,0.627,2,5.8,7.8,8.2,3.6,2.1,0.6,3.2,43,30,6,1.5
382,Elie Okobo,PHX,22,54,22,32,13.1,4,1.3,3.4,0.398,0.5,1.3,0.352,0.9,1.2,0.687,0.3,1.3,1.6,2.1,0.7,0.4,0.1,1,9.9,0,0,-1.2
81,Davis Bertans,WAS,27,54,20,34,29.3,15.4,4.9,11.3,0.434,3.7,8.7,0.424,1.9,2.3,0.852,0.6,3.9,4.5,1.7,1.1,0.7,0.6,2.6,26.2,1,0,-0.3
104,Marcus Smart,BOS,26,53,34,19,32.5,13.5,4.5,11.9,0.38,2.4,6.9,0.348,2,2.4,0.835,0.8,3.1,3.8,4.8,1.7,1.6,0.5,2.7,30.1,3,0,4.5
248,Bismack Biyombo,CHA,27,53,18,35,19.4,7.4,2.8,5.2,0.543,0,0,0,1.7,2.8,0.603,2.3,3.5,5.8,0.9,0.9,0.2,0.9,2.2,18.2,8,0,-2.9
258,Mason Plumlee,DEN,30,53,35,18,17,7.2,2.9,4.7,0.617,0,0.1,0,1.4,2.6,0.536,1.7,3.6,5.3,2.4,1.4,0.5,0.6,2.4,19.2,2,0,-0.2
7,Russell Westbrook,HOU,31,53,34,19,35.9,27.5,10.7,22.6,0.474,1,3.8,0.254,5.1,6.5,0.777,1.8,6.3,8,7,4.5,1.7,0.3,3.5,49.1,21,8,2.7
359,Darius Bazley,OKC,20,53,32,21,17.2,4.5,1.7,4.3,0.383,0.6,1.9,0.3,0.6,0.9,0.681,0.4,3.3,3.7,0.5,0.8,0.4,0.7,0.8,12.1,0,0,-1.2
235,Gary Trent Jr.,POR,21,53,23,30,20,7.7,2.8,6.6,0.426,1.5,3.8,0.388,0.6,0.7,0.833,0.4,1.3,1.7,0.9,0.4,0.7,0.2,1.3,13.7,0,0,-2.1
229,Trevor Ariza,POR,35,53,22,31,28.2,8,2.7,6.1,0.438,1.5,3.9,0.372,1.2,1.4,0.838,0.6,4,4.6,1.7,1.1,1.3,0.3,2.1,19.8,0,0,-0.2
94,Bogdan Bogdanovic,SAC,27,53,26,27,28.5,14.5,5.2,12.1,0.433,2.6,7.2,0.361,1.4,2,0.724,0.3,2.9,3.2,3.2,1.7,1,0.3,2.2,25.3,2,0,-1.1
313,Lonnie Walker IV,SAS,21,53,24,29,14.5,5.6,2.2,5,0.434,0.5,1.3,0.408,0.7,1,0.717,0.4,1.8,2.2,0.9,0.6,0.5,0.2,1.3,11.3,0,0,-0.4
48,LaMarcus Aldridge,SAS,34,53,23,30,33.1,18.9,7.4,15,0.493,1.2,3,0.389,3,3.6,0.827,1.9,5.5,7.4,2.4,1.4,0.7,1.6,2.4,37,14,0,-2.4
17,Pascal Siakam,TOR,26,53,40,13,35.5,23.6,8.7,18.9,0.459,2.2,6,0.359,4.2,5.2,0.8,1.1,6.5,7.5,3.6,2.5,1,0.9,2.8,41.4,12,0,6.8
173,Markieff Morris,LAL,30,52,20,32,21.3,10.1,3.6,8.2,0.445,1.6,4,0.386,1.3,1.6,0.783,0.7,3.2,3.8,1.4,1.4,0.5,0.3,2.3,17.8,1,0,-2
224,De'Anthony Melton,MEM,22,52,25,27,19.4,8.1,2.8,6.8,0.419,0.7,2.3,0.316,1.7,2,0.821,0.7,3,3.7,3,1.5,1.3,0.3,1.8,20.3,0,0,2.4
185,George Hill,MIL,34,52,44,8,21.2,9.6,3.4,6.5,0.53,1.4,2.9,0.48,1.3,1.6,0.831,0.9,2.1,3,2.9,0.9,0.8,0.1,1.4,19.2,0,0,5.3
287,Marvin Williams,MIL,34,52,20,32,19.4,6.1,2.1,4.8,0.442,1,2.8,0.361,0.9,1,0.87,0.4,2.5,2.8,1.1,0.5,0.7,0.5,1.8,14.1,0,0,-1.8
263,Nicolo Melli,NOP,29,52,24,28,17.1,6.8,2.4,5.3,0.442,1.3,3.5,0.361,0.8,1.2,0.733,0.7,2.3,3,1.3,0.8,0.6,0.4,2,14.4,0,0,-1.8
305,Marco Belinelli,SAS,34,52,23,29,15,5.8,2,5.2,0.391,1.1,3,0.368,0.6,0.8,0.78,0.1,1.7,1.7,1.2,0.3,0.2,0,0.8,10,0,0,0.6
256,Rondae Hollis-Jefferson,TOR,25,52,36,16,19.2,7.2,2.7,5.7,0.471,0,0.3,0.118,1.8,2.5,0.736,2,2.9,4.9,1.7,0.9,0.8,0.4,2,18.5,2,0,1.6
38,Kyle Lowry,TOR,34,52,36,16,36.6,19.7,5.9,14.3,0.417,2.9,8.3,0.354,4.9,5.7,0.861,0.6,4.3,4.8,7.7,3,1.3,0.4,3.2,39.4,14,2,4.8
222,Enes Kanter,BOS,28,51,32,19,17.5,8.2,3.5,6.1,0.566,0,0.1,0.143,1.2,1.7,0.708,2.8,5,7.7,1,1,0.4,0.7,1.7,21.3,9,0,3.3
252,Kris Dunn,CHI,26,51,19,32,24.9,7.3,3,6.7,0.444,0.6,2.2,0.259,0.8,1.1,0.741,0.5,3.2,3.6,3.4,1.3,2,0.3,3.1,22.4,0,0,-0.6
44,Kristaps Porzingis,DAL,24,51,30,21,31.3,19.2,6.6,15.8,0.42,2.5,7.1,0.349,3.5,4.5,0.776,1.7,7.7,9.5,1.7,1.6,0.7,2.1,3.1,39.9,23,0,5.8
9,Kawhi Leonard,LAC,29,51,38,13,32.2,26.9,9.3,19.9,0.469,2.1,5.7,0.366,6.1,6.9,0.889,1,6.3,7.3,5,2.7,1.8,0.6,1.9,47.6,13,1,7.8
351,Patrick Patterson,LAC,31,51,34,17,11.9,4.6,1.5,3.7,0.404,1.1,2.8,0.387,0.5,0.7,0.794,0.6,1.8,2.4,0.6,0.4,0.1,0.1,0.8,8.5,0,0,1.3
204,Derrick Jones Jr.,MIA,23,51,31,20,24.5,8.9,3.3,6.3,0.514,0.7,2.5,0.27,1.7,2.2,0.779,1.1,3.1,4.2,1.1,0.5,1.1,0.7,2.2,20.4,0,0,-0.8
314,Frank Jackson,NOP,22,51,24,27,12.9,5.6,1.9,5,0.385,0.8,2.4,0.325,0.9,1.3,0.75,0.4,1,1.4,0.8,0.8,0.3,0.1,1.3,8.7,0,0,-1.6
211,E'Twaun Moore,NOP,31,51,26,25,18.8,8.6,3.4,8,0.424,1.2,3.1,0.375,0.6,0.8,0.674,0.6,1.8,2.4,1.4,0.7,0.5,0.2,1.5,15.1,0,0,-0.6
164,Shabazz Napier,WAS,28,51,16,35,24.2,10.3,3.3,8.1,0.412,1.4,4.4,0.32,2.3,2.8,0.823,0.5,2.4,2.9,5,2.2,1.3,0.2,1.8,23.4,2,1,-1.2
33,Jaylen Brown,BOS,23,50,33,17,34,20.4,7.6,15.4,0.49,2.1,5.6,0.381,3.2,4.3,0.736,1.1,5.3,6.4,2.2,2.3,1.1,0.3,3,33.3,6,0,3.9
26,Kemba Walker,BOS,30,50,33,17,31.8,21.2,7,16.6,0.421,3.3,8.8,0.377,3.9,4.5,0.867,0.7,3.4,4.1,4.9,2.1,0.9,0.5,1.5,35.7,2,0,4.8
90,Lauri Markkanen,CHI,23,50,18,32,29.8,14.7,5,11.8,0.425,2.2,6.3,0.344,2.5,3.1,0.824,1.2,5.1,6.3,1.5,1.6,0.8,0.5,1.9,26.8,3,0,-1.4
177,Kevin Porter Jr.,CLE,20,50,15,35,23.2,10,3.7,8.4,0.442,1.1,3.2,0.335,1.5,2,0.723,0.4,2.8,3.2,2.2,1.9,0.9,0.3,2.7,18.9,0,0,-5.8
334,Torrey Craig,DEN,29,50,35,15,17.4,5,1.9,4.2,0.462,0.7,2.2,0.33,0.4,0.6,0.645,1,2.2,3.1,0.7,0.4,0.4,0.6,2.2,12.3,2,0,-2.8
57,Derrick Rose,DET,31,50,17,33,26,18.1,7.4,15.1,0.49,0.9,2.9,0.306,2.4,2.8,0.871,0.5,1.9,2.4,5.6,2.5,0.8,0.3,1,30.2,4,0,-1.7
409,Rodney McGruder,LAC,28,50,33,17,15,3.2,1.2,3.1,0.391,0.4,1.6,0.278,0.3,0.6,0.536,0.5,2,2.6,0.6,0.4,0.5,0.2,1.3,8.6,0,0,0
128,Brandon Clarke,MEM,23,50,27,23,21.7,12,5.1,8.2,0.623,0.4,1,0.404,1.5,1.9,0.785,1.6,4.3,5.8,1.4,0.9,0.5,0.8,1.6,24.4,3,0,0.2
266,Kyle Korver,MIL,39,50,40,10,16.7,6.7,2.2,5.2,0.429,1.7,4.1,0.415,0.6,0.7,0.824,0.3,1.8,2.1,1.2,0.8,0.4,0.2,1.4,12.2,0,0,3
374,Terrance Ferguson,OKC,22,50,30,20,23.4,4.2,1.5,4,0.372,0.9,3.1,0.297,0.3,0.4,0.789,0.5,1,1.5,0.9,0.6,0.5,0.3,2.9,9.2,0,0,-2.3
348,Jevon Carter,PHX,24,50,21,29,15.1,4.6,1.6,4.1,0.4,0.9,2.3,0.393,0.4,0.5,0.84,0.5,1.5,2,1.3,0.6,0.8,0.3,1.5,11.4,0,0,-1.7
82,Carmelo Anthony,POR,36,50,22,28,32.5,15.3,5.8,13.6,0.426,1.4,3.9,0.371,2.3,2.7,0.843,1.2,5,6.3,1.6,1.7,0.8,0.5,2.8,27.2,4,0,0.1
74,Serge Ibaka,TOR,30,50,36,14,27.5,16,6.5,12.5,0.518,1.3,3.3,0.398,1.8,2.4,0.748,2.1,6.2,8.3,1.5,2,0.5,0.8,2.8,30.1,19,0,2.5
345,Tony Bradley,UTA,22,50,33,17,10.7,4.7,2.1,3.1,0.665,0,0,1,0.5,0.8,0.65,1.8,2.5,4.3,0.3,0.5,0.2,0.5,2,12.1,0,0,0.4
115,Damion Lee,GSW,27,49,12,37,29,12.7,4.3,10.4,0.417,1.7,4.9,0.356,2.2,2.6,0.873,0.7,4.2,4.9,2.7,1.4,1,0.1,2.4,24.7,3,0,-2.5
413,Goga Bitadze,IND,20,49,29,20,8.4,3.1,1.2,2.6,0.473,0.1,0.7,0.167,0.5,0.7,0.727,0.4,1.5,2,0.4,0.5,0.1,0.7,1.2,7.9,1,0,-0.4
209,Avery Bradley,LAL,29,49,36,13,24.2,8.6,3.5,7.8,0.444,1.3,3.5,0.364,0.4,0.5,0.833,0.4,2,2.3,1.3,1,0.9,0.1,2.2,15.4,0,0,3.7
290,Meyers Leonard,MIA,28,49,34,15,20.1,6.1,2.4,4.6,0.52,1,2.4,0.429,0.3,0.5,0.654,0.6,4.5,5.1,1.1,0.7,0.3,0.3,2.1,14.8,2,0,1.9
239,Omari Spellman,MIN,22,49,11,38,18.1,7.6,2.6,6,0.431,0.9,2.2,0.391,1.5,1.9,0.793,1.6,2.9,4.5,1,1.1,0.7,0.5,1.3,16.7,1,0,-2.9
159,D.J. Augustin,ORL,32,49,25,24,24.8,10.4,3.2,8.1,0.393,1.2,3.6,0.345,2.8,3.2,0.885,0.4,1.9,2.2,4.6,1.4,0.6,0,1.1,20.4,0,0,1.6
367,Raul Neto,PHI,28,49,27,22,11.5,4.3,1.6,3.6,0.451,0.6,1.4,0.394,0.5,0.6,0.839,0.2,0.8,1.1,1.6,0.9,0.4,0.1,0.9,8.8,0,0,0.4
223,Cameron Johnson,PHX,24,49,20,29,20.3,8.1,2.8,6.6,0.418,1.9,4.7,0.397,0.7,0.9,0.761,0.8,2.1,2.9,1.1,0.6,0.6,0.3,1.5,15.4,0,0,-1.5
218,Alex Len,SAC,27,49,15,34,18.3,8.3,3.4,6.2,0.556,0.3,1.1,0.25,1.2,1.9,0.637,1.9,4.1,6,1,1,0.4,0.9,2.3,20.1,8,0,-2.2
335,Cody Martin,CHA,24,48,16,32,18.8,5,1.9,4.3,0.43,0.4,1.6,0.234,0.9,1.4,0.646,0.8,2.5,3.3,2,0.9,0.8,0.2,1.6,14,0,0,-1.4
244,Michael Porter Jr.,DEN,22,48,33,15,14,7.5,2.9,5.9,0.495,0.9,2.1,0.422,0.7,0.9,0.767,1.1,3,4.1,0.7,0.7,0.4,0.4,1.6,15.2,5,0,0.2
70,Malcolm Brogdon,IND,27,48,30,18,30.7,16.3,6,13.7,0.439,1.3,4.1,0.313,3,3.4,0.895,0.8,3.9,4.7,7.1,2.4,0.7,0.2,1.8,32.9,9,0,2
230,Patrick Beverley,LAC,31,48,37,11,27.1,7.9,2.9,6.8,0.428,1.6,4.1,0.379,0.6,0.9,0.659,1.2,4.2,5.4,3.7,1.3,1.1,0.5,3.1,23.5,4,0,5.5
259,Rajon Rondo,LAL,34,48,37,11,20.5,7.1,2.9,6.8,0.418,0.9,2.6,0.328,0.6,0.9,0.659,0.5,2.5,3,5,1.9,0.8,0,1.2,18.9,2,0,0.9
293,Juancho Hernangomez,MIN,24,48,24,24,17.4,6,2.1,5.1,0.405,0.9,2.7,0.341,0.9,1.5,0.62,0.9,3.2,4.1,0.8,0.7,0.4,0.2,1.3,13.3,4,0,-1.1
267,Damyean Dotson,NYK,26,48,14,34,17.4,6.7,2.5,6,0.414,1.2,3.4,0.362,0.5,0.7,0.667,0.2,1.7,1.9,1.2,0.4,0.5,0.1,0.9,12,0,0,-1.8
298,Abdel Nader,OKC,26,48,33,15,15.8,6,2.1,4.6,0.455,0.8,2.2,0.371,1,1.3,0.774,0.3,1.6,1.9,0.7,0.8,0.4,0.4,1.4,11.1,0,0,-1.2
102,Josh Richardson,PHI,26,48,29,19,30.7,13.8,5.1,12,0.429,1.5,4.5,0.327,2.1,2.7,0.789,0.8,2.6,3.4,3.1,1.9,0.9,0.7,2.5,25.5,0,0,2.4
394,Nassir Little,POR,20,48,22,26,11.9,3.6,1.4,3.1,0.43,0.3,1.2,0.237,0.6,0.9,0.636,0.6,1.6,2.3,0.5,0.3,0.3,0.3,1.5,8.3,1,0,-1.1
64,Fred VanVleet,TOR,26,48,35,13,35.8,17.6,6,14.6,0.409,2.7,7,0.388,2.9,3.5,0.843,0.4,3.4,3.8,6.6,2.3,1.9,0.3,2.5,36.2,6,0,4
253,Emmanuel Mudiay,UTA,24,48,32,16,15.7,7.3,2.8,6,0.471,0.6,1.6,0.355,1.1,1.4,0.754,0.4,2,2.4,2.2,1.4,0.4,0.2,1.3,14,0,0,0.3
184,Landry Shamet,LAC,23,47,31,16,27.5,9.7,3.1,7.5,0.416,2.2,5.7,0.392,1.2,1.3,0.905,0.1,1.8,1.9,1.9,0.8,0.4,0.2,2.8,15.8,0,0,2.7
396,Anthony Tolliver,MEM,35,47,22,25,15.6,3.5,1.1,3.3,0.348,0.8,2.6,0.322,0.4,0.5,0.72,0.6,2.2,2.8,0.7,0.6,0.3,0.2,1.4,9,1,0,-2.3
111,Tyler Herro,MIA,20,47,31,16,27.2,12.9,4.7,11.3,0.414,2.1,5.4,0.391,1.4,1.7,0.835,0.3,3.7,4,1.9,1.5,0.6,0.1,1.3,21.4,0,0,-0.4
341,Mario Hezonja,POR,25,47,20,27,16.3,4.8,1.7,4,0.429,0.4,1.4,0.328,0.9,1.1,0.824,0.6,2.9,3.4,0.9,0.8,0.6,0.2,2,11.8,1,0,-3.2
117,Jeremy Lamb,IND,28,46,27,19,28.1,12.5,4.7,10.4,0.451,1.2,3.4,0.335,2,2.4,0.836,0.5,3.8,4.3,2.1,1.1,1.2,0.5,2.3,24.8,2,0,0
66,Gordon Hayward,BOS,30,45,29,16,33.4,17.3,6.8,13.5,0.502,1.6,4.2,0.392,2.1,2.5,0.847,1,5.5,6.5,4.1,1.8,0.8,0.4,1.8,33.2,8,0,6.2
247,Ky Bowman,GSW,23,45,9,36,22.6,7.4,3,7.1,0.417,0.7,2.4,0.308,0.8,0.9,0.829,0.5,2.2,2.7,2.9,1.6,1,0.2,2.3,17.1,0,0,-3.9
336,Sterling Brown,MIL,25,45,36,9,14.8,5,1.8,4.8,0.367,0.8,2.5,0.316,0.6,0.8,0.771,0.6,3,3.7,1,0.8,0.5,0.2,1,12,1,0,2.1
21,D'Angelo Russell,MIN,24,45,11,34,32.3,23.1,8,18.8,0.426,3.5,9.6,0.367,3.6,4.4,0.809,0.4,3.6,3.9,6.3,3.3,1.1,0.3,1.9,38.1,3,0,-5.6
196,Derrick Favors,NOP,28,45,22,23,24.2,9.2,4.2,6.8,0.62,0,0.2,0.143,0.8,1.4,0.581,3.3,6.6,9.9,1.7,1.1,0.6,1,2.2,27.1,16,0,3.1
176,Elfrid Payton,NYK,26,45,17,28,27.7,10,4.3,9.8,0.439,0.3,1.5,0.203,1.1,1.9,0.57,1.2,3.6,4.7,7.2,2.1,1.6,0.4,2,30.1,6,1,-1.9
326,Wes Iwundu,ORL,25,45,21,24,18,5.3,1.7,4.3,0.397,0.5,1.5,0.313,1.4,1.7,0.816,0.5,2,2.5,1,0.4,0.6,0.2,1.4,11.8,0,0,0.6
32,De'Aaron Fox,SAC,22,45,19,26,31.7,20.4,7.3,15.4,0.475,1,3.4,0.307,4.8,6.8,0.703,0.7,3.4,4,6.8,3.1,1.4,0.5,2.9,38.1,8,0,-1.8
302,Dewayne Dedmon,ATL,30,44,17,27,17.6,5.8,2.3,5.8,0.4,0.5,2.4,0.206,0.7,0.8,0.833,1.4,4.3,5.7,0.5,1.3,0.6,0.9,3,16.6,3,0,-0.6
419,Javonte Green,BOS,26,44,30,14,9.4,2.9,1.1,2.2,0.5,0.1,0.5,0.261,0.5,0.8,0.639,0.4,1.4,1.8,0.5,0.4,0.5,0.2,0.8,7.5,0,0,-0.1
130,Paul Millsap,DEN,35,44,27,17,24.4,12,4.3,8.8,0.486,1.1,2.5,0.44,2.4,2.9,0.833,2,3.9,5.9,1.6,1.4,0.9,0.6,2.9,24.6,5,0,5.4
20,Joel Embiid,PHI,26,44,28,16,30.2,23.4,7.5,15.9,0.474,1.3,3.7,0.348,7.1,8.7,0.814,2.8,9,11.8,3.1,3.1,0.9,1.3,3.4,45.8,34,0,3
340,Cheick Diallo,PHX,23,44,17,27,10.6,4.8,2,3.1,0.65,0,0,0.5,0.7,0.8,0.865,0.6,2.3,2.9,0.5,0.7,0.2,0.3,1.2,9.8,1,0,-1.2
372,Yogi Ferrell,SAC,27,44,17,27,11,4.2,1.5,3.8,0.396,0.4,1.6,0.275,0.7,0.8,0.865,0.1,1,1.1,1.3,0.6,0.3,0.1,0.7,8.2,0,0,-0.6
69,Norman Powell,TOR,27,44,33,11,28.8,16.4,5.9,11.7,0.502,2.1,5.4,0.398,2.5,3,0.838,0.5,3.1,3.7,1.8,1.5,1.3,0.4,2.1,26.9,0,0,4.1
304,DeAndre' Bembry,ATL,25,43,10,33,21.3,5.8,2.4,5.3,0.456,0.3,1.5,0.231,0.6,1.1,0.542,0.8,2.7,3.5,1.9,1.4,1.3,0.4,2,16.6,2,0,-6
142,Wendell Carter Jr.,CHI,21,43,15,28,29.2,11.3,4.3,8,0.534,0.1,0.7,0.207,2.6,3.5,0.737,3.2,6.2,9.4,1.2,1.7,0.8,0.8,3.8,27.5,17,0,-0.7
329,Daniel Gafford,CHI,21,43,15,28,14.2,5.1,2.2,3.1,0.701,0,0,0,0.7,1.4,0.533,1.2,1.3,2.5,0.5,0.7,0.3,1.3,2.3,12.9,0,0,-0.7
338,Shaquille Harrison,CHI,26,43,14,29,11.3,4.9,1.8,3.8,0.467,0.4,1,0.381,0.9,1.2,0.78,0.5,1.5,2,1.1,0.4,0.8,0.4,1.3,12.2,1,0,1.4
227,Draymond Green,GSW,30,43,10,33,28.4,8,2.9,7.3,0.389,0.8,3,0.279,1.5,1.9,0.759,0.5,5.7,6.2,6.2,2.3,1.4,0.8,2.6,28.9,8,2,-4.5
378,Troy Daniels,DEN,28,42,32,10,10.9,4.1,1.5,3.8,0.39,1,2.7,0.354,0.2,0.4,0.625,0.3,0.8,1.1,0.3,0.2,0.2,0.1,0.7,6.5,0,0,0
28,Paul George,LAC,30,42,30,12,29.1,21,6.9,16,0.432,3.2,7.9,0.399,3.9,4.5,0.882,0.5,5.2,5.7,3.9,2.7,1.3,0.5,2.4,36.4,5,0,5
380,Marko Guduric,MEM,25,42,18,24,11.3,4,1.5,3.7,0.396,0.6,1.9,0.309,0.5,0.6,0.92,0.3,1.4,1.7,1.1,0.9,0.3,0.2,0.8,8.3,0,0,-0.9
257,Michael Carter-Williams,ORL,28,42,19,23,18.4,7.2,2.5,5.8,0.434,0.5,1.6,0.294,1.7,2.1,0.828,1,2.3,3.3,2.4,1.1,1.1,0.5,1.9,18.3,0,0,0.5
140,Aron Baynes,PHX,33,42,19,23,22.2,11.5,4.4,9.1,0.48,1.4,4,0.351,1.3,1.8,0.747,1.7,4,5.6,1.6,1.2,0.2,0.5,3.4,21.8,3,0,-1.1
25,John Collins,ATL,22,41,15,26,33.2,21.6,8.6,14.8,0.583,1.4,3.6,0.401,2.9,3.7,0.8,2.8,7.3,10.1,1.5,1.8,0.8,1.6,3.4,41.2,22,0,-4
436,Thabo Sefolosha,HOU,36,41,27,14,10.6,2.2,0.9,2.2,0.407,0.4,1.3,0.278,0.1,0.2,0.375,0.5,1.8,2.3,0.6,0.4,0.6,0.3,1,8.1,0,0,0.9
416,Chris Silva,MIA,23,41,27,14,7.5,2.9,1,1.7,0.623,0,0,0,0.8,1.2,0.694,1.3,1.3,2.7,0.5,0.8,0.2,0.4,2,8.1,0,0,-0.7
328,Nickeil Alexander-Walker,NOP,21,41,18,23,12.2,5.1,1.9,5.5,0.339,1,2.9,0.342,0.4,0.7,0.607,0.2,1.8,2,1.8,1,0.3,0.2,1.1,10.5,0,0,-1.5
349,Mike Muscala,OKC,28,41,23,18,12,4.6,1.6,3.9,0.403,1,2.9,0.358,0.4,0.5,0.818,0.3,2,2.3,0.8,0.3,0.2,0.3,1.2,9.7,0,0,-0.4
101,Mike Conley,UTA,32,41,24,17,28.6,13.8,4.8,11.9,0.405,2,5.2,0.376,2.3,2.9,0.795,0.7,2.6,3.2,4.3,1.9,0.8,0.1,2.2,24.9,0,0,1.2
105,Rui Hachimura,WAS,22,41,15,26,29.7,13.4,5.3,11.1,0.478,0.5,1.8,0.274,2.2,2.7,0.829,1.5,4.5,6,1.7,1,0.8,0.2,2.2,25.2,3,0,-4.9
355,Alfonzo McKinnie,CLE,27,40,11,29,14.8,4.6,1.8,4.3,0.427,0.4,1.6,0.215,0.6,0.8,0.71,0.9,1.9,2.8,0.4,0.7,0.6,0.2,1.8,10.1,1,0,-2.3
190,Dwight Powell,DAL,28,40,25,15,26.5,9.4,3.7,5.7,0.638,0.3,1,0.256,1.9,2.8,0.667,1.9,3.8,5.7,1.5,0.9,0.9,0.6,2.6,21.7,1,0,4.9
318,John Henson,DET,29,40,8,32,15,5.5,2.4,4.3,0.556,0.2,0.9,0.222,0.6,1.2,0.5,1.2,2.9,4.1,1.4,0.9,0.6,1.1,2,16.5,1,0,-0.5
216,Jeff Green,HOU,33,40,24,16,18.9,8.4,2.9,6.5,0.444,1.2,3.5,0.348,1.4,1.8,0.781,0.6,2.3,2.8,0.8,0.9,0.5,0.4,1.6,14.8,0,0,-1.3
463,Jared Dudley,LAL,34,40,29,11,7.8,1.5,0.5,1.3,0.4,0.4,0.9,0.471,0.1,0.1,1,0.1,1,1.1,0.5,0.2,0.3,0.1,0.9,4.4,0,0,0.2
386,Khem Birch,ORL,27,40,16,24,19.4,3.8,1.4,2.9,0.487,0,0,0,1,1.7,0.612,1.8,2.8,4.5,0.9,0.6,0.4,0.5,1.8,12.7,0,0,-2.4
124,Isaiah Thomas,WAS,31,40,14,26,23.1,12.2,4.4,10.7,0.408,2,4.7,0.413,1.6,1.9,0.816,0.3,1.4,1.7,3.7,1.9,0.3,0.2,1.9,19.2,1,0,-5
100,Clint Capela,ATL,26,39,22,17,32.8,13.9,6.3,9.9,0.629,0,0,0,1.4,2.7,0.529,4.3,9.5,13.8,1.2,1.6,0.8,1.8,2.6,38.8,27,0,1.5
376,Rodions Kurucs,BKN,22,39,13,26,12.8,4.2,1.5,3.4,0.448,0.6,1.7,0.385,0.4,0.7,0.607,0.5,2,2.5,0.8,0.9,0.4,0.1,1.7,9,0,0,-0.7
59,Caris LeVert,BKN,25,39,18,21,29,17.7,6.5,15.6,0.414,1.8,4.8,0.381,3,4.1,0.72,1,3.1,4.1,4.1,2.5,1.1,0.2,1.8,30.2,1,1,-0.4
279,Timothe Luwawu-Cabarrot,BKN,25,39,15,24,17.2,6.3,2,4.9,0.406,1,2.8,0.358,1.3,1.6,0.839,0.6,1.7,2.3,0.6,0.8,0.4,0.2,2.1,10.9,0,0,-1.9
308,Dwayne Bacon,CHA,24,39,10,29,17.6,5.7,2.2,6.3,0.348,0.5,1.7,0.284,0.9,1.4,0.66,0.4,2.2,2.6,1.3,0.9,0.6,0.1,1.3,11.8,0,0,-3.4
269,Keita Bates-Diop,DEN,24,39,10,29,17.1,6.6,2.3,5.3,0.428,0.8,2.4,0.33,1.3,1.8,0.71,0.5,2.3,2.9,0.8,0.4,0.4,0.5,1,13.8,0,0,-4.1
112,Richaun Holmes,SAC,26,39,15,24,28.9,12.8,5.4,8.2,0.654,0,0,0,2.1,2.6,0.8,3,5.3,8.3,1,1.3,1,1.4,3.9,30.3,13,0,0.6
277,Sekou Doumbouya,DET,19,38,10,28,19.8,6.4,2.4,6.2,0.39,0.7,2.6,0.286,0.8,1.2,0.674,0.5,2.6,3.1,0.5,0.9,0.5,0.2,2.1,12.2,2,0,-4.6
339,Quinn Cook,LAL,27,38,30,8,10.8,4.8,2,4.6,0.439,0.7,1.7,0.379,0.2,0.2,0.667,0.2,0.9,1.1,1.1,0.7,0.3,0,0.6,7.9,0,0,2.2
288,Hamidou Diallo,OKC,21,38,21,17,18.4,6.1,2.6,5.8,0.452,0.2,0.9,0.2,0.7,1.2,0.622,0.8,2.4,3.2,0.6,1,0.7,0.2,2.2,12.7,2,0,0.4
261,Harry Giles III,SAC,22,38,19,19,15.2,7,3.1,5.4,0.56,0,0,0,0.9,1.1,0.767,0.9,3.3,4.2,1.3,0.9,0.6,0.4,2.6,15.8,1,0,-2.7
125,Thomas Bryant,WAS,22,38,14,24,23.7,12.1,4.8,8.1,0.599,0.6,1.4,0.407,1.8,2.5,0.737,2,4.9,6.8,1.9,1.3,0.4,0.9,2.2,25.6,8,0,-3.6
245,Ian Mahinmi,WAS,33,38,15,23,21.3,7.4,2.7,5.5,0.495,0.1,0.7,0.192,1.8,3,0.619,2.1,3.7,5.7,1.3,1.2,0.8,1.2,3,21,1,0,-2.1
282,Boban Marjanovic,DAL,31,37,19,18,9.1,6.3,2.6,4.7,0.555,0.1,0.4,0.267,1,1.3,0.766,1.4,2.7,4.1,0.4,0.7,0.2,0.2,1.3,12.2,5,0,1.6
139,Jordan McRae,DET,29,37,12,25,21.2,11.5,4,9.9,0.407,1.2,3.4,0.357,2.2,2.9,0.761,0.5,2.9,3.4,2.5,1.2,0.6,0.4,2,21.1,0,0,-2
347,Allen Crabbe,MIN,28,37,5,32,17.6,4.6,1.7,4.8,0.356,1,3.2,0.303,0.3,0.4,0.714,0.3,1.8,2.1,0.9,0.5,0.4,0.1,1.3,9.6,0,0,-6
350,Patrick McCaw,TOR,24,37,27,10,24.5,4.6,1.8,4.4,0.414,0.6,1.9,0.324,0.4,0.5,0.722,0.5,1.8,2.3,2.1,0.8,1.1,0.1,1.6,13.3,1,0,0.1
187,Moritz Wagner,WAS,23,37,14,23,19.1,9.5,3.5,6.2,0.575,0.6,1.8,0.343,1.8,2.2,0.817,1.4,3.8,5.2,1.3,1.5,0.6,0.5,3.6,19.4,2,0,-1
299,Luke Kornet,CHI,24,36,11,25,15.5,6,2.3,5.2,0.439,0.9,3,0.287,0.6,0.8,0.714,0.6,1.7,2.3,0.9,0.4,0.3,0.7,1.5,12.8,0,0,-1.2
262,Denzel Valentine,CHI,26,36,12,24,13.6,6.8,2.7,6.6,0.409,1.3,3.8,0.336,0.2,0.2,0.75,0.3,1.8,2.1,1.2,0.7,0.7,0.2,1.4,13,0,0,-1.1
330,Wayne Ellington,NYK,32,36,9,27,15.5,5.1,1.7,4.8,0.351,1.4,4,0.35,0.3,0.4,0.846,0.1,1.7,1.8,1.2,0.5,0.4,0.1,1.1,10,0,0,-0.5
237,Marc Gasol,TOR,35,36,28,8,27.5,7.6,2.8,6.6,0.419,1.4,3.5,0.402,0.7,1,0.722,0.8,5.5,6.3,3.4,1.2,0.8,0.9,2.8,24.3,3,0,6.6
370,Dzanan Musa,BKN,21,35,17,18,11.5,4.2,1.4,4,0.36,0.4,1.9,0.231,0.9,1.3,0.75,0.5,1.5,2,0.9,0.8,0.4,0,0.7,8.4,0,0,-1.2
301,Wilson Chandler,BKN,33,35,16,19,21,5.9,2.1,5.2,0.404,1.1,3.5,0.306,0.6,0.7,0.87,0.3,3.8,4.1,1.1,1,0.5,0.3,2.3,13.9,0,0,-3.4
415,Carsen Edwards,BOS,22,35,24,11,9,3,1.1,3.2,0.327,0.6,1.9,0.309,0.3,0.4,0.846,0.2,1.1,1.2,0.6,0.4,0.3,0.1,0.9,6.1,0,0,-1.3
357,Dante Exum,CLE,24,35,10,25,13.9,4.5,1.6,3.4,0.471,0.4,1.2,0.349,0.9,1.2,0.744,0.3,1.6,1.9,1.1,0.9,0.4,0.2,1.1,9.5,0,0,-3.1
459,Terance Mann,LAC,23,35,22,13,7.7,1.6,0.6,1.5,0.407,0.1,0.3,0.25,0.3,0.3,0.75,0.1,0.8,0.9,1.1,0.4,0.2,0.1,1,5.1,0,0,0.2
11,Karl-Anthony Towns,MIN,24,35,10,25,33.9,26.5,9,17.8,0.508,3.3,7.9,0.412,5.1,6.5,0.796,2.7,8.1,10.8,4.4,3.1,0.9,1.2,3.3,49.3,24,0,-0.4
388,Kenrich Williams,NOP,25,35,12,23,22.3,3.8,1.4,4.1,0.343,0.7,2.7,0.26,0.3,0.7,0.375,1.4,3.7,5.1,1.5,0.6,0.7,0.6,2.3,15.5,0,0,-1.4
407,Gary Clark,ORL,25,35,20,15,12.1,3.2,1.1,2.9,0.376,0.8,2.5,0.326,0.2,0.3,0.889,0.8,1.7,2.4,0.4,0.1,0.1,0.4,0.9,8.2,0,0,-0.2
292,Brandon Goodwin,ATL,24,34,13,21,12.7,6.1,2.2,5.6,0.4,0.8,2.6,0.299,0.8,0.9,0.933,0.3,1.8,2.1,1.5,0.9,0.4,0.1,1.3,11.4,0,0,-3.8
93,Eric Gordon,HOU,31,34,21,13,28.6,14.5,4.8,12.9,0.37,2.7,8.5,0.319,2.3,3,0.757,0.2,1.7,1.9,1.5,1.1,0.6,0.4,2,21.1,0,0,0.6
319,Dennis Smith Jr.,NYK,22,34,7,27,15.8,5.5,2.1,6.2,0.341,0.5,1.6,0.296,0.8,1.6,0.509,0.6,1.7,2.3,2.9,1.7,0.8,0.2,1.9,14,0,0,-5.7
424,Deonte Burton,OKC,26,34,20,14,8.4,2.8,1.1,3.1,0.371,0.3,1.4,0.217,0.2,0.4,0.5,0.2,1.2,1.4,0.3,0.4,0.1,0.3,0.8,5.9,0,0,-2.3
427,Justin James,SAC,23,34,13,21,6.4,2.5,1,2.3,0.423,0.3,0.8,0.346,0.3,0.6,0.476,0.2,0.7,0.9,0.5,0.2,0.2,0.3,0.5,5.4,0,0,-0.6
307,Skal Labissiere,ATL,24,33,14,19,17.2,5.8,2.5,4.5,0.551,0.1,0.4,0.231,0.8,1,0.758,2,3.2,5.1,1.3,0.9,0.2,0.9,2.7,16.4,1,0,0.4
391,Theo Pinson,BKN,24,33,15,18,11.1,3.6,1.4,4.7,0.29,0.5,2.4,0.188,0.5,0.5,0.938,0.3,1.3,1.6,1.7,1,0.5,0.1,1.1,9.1,0,0,-1.2
385,Noah Vonleh,DEN,24,33,13,20,11,3.8,1.5,2.7,0.562,0.1,0.5,0.2,0.7,0.9,0.8,1.1,2.6,3.7,0.8,0.6,0.3,0.2,1.2,10.5,0,0,-1.6
92,Jabari Parker,SAC,25,33,7,26,25.8,14.7,6,12.1,0.499,0.9,3.5,0.267,1.7,2.2,0.743,1.6,4.3,5.9,1.8,1.8,1.3,0.5,2.8,27.8,2,0,-4.1
356,Matt Thomas,TOR,25,33,24,9,9.7,4.5,1.6,3.4,0.486,1.1,2.3,0.467,0.2,0.3,0.7,0.2,1.2,1.5,0.5,0.4,0.2,0,0.9,7.4,0,0,0.7
214,James Johnson,MIN,33,32,14,18,19.4,8.4,3.2,6.7,0.479,1,2.8,0.363,1,1.5,0.646,0.8,2.9,3.7,2.3,1.5,0.8,1,2.5,20.2,0,0,-2.3
131,Jonathan Isaac,ORL,22,32,13,19,29.7,12,4.7,10.1,0.463,0.9,2.8,0.33,1.8,2.3,0.767,1.8,5.2,6.9,1.4,1.5,1.6,2.4,2.5,32.9,5,0,0.3
188,Shake Milton,PHI,23,32,19,13,19.1,9.5,3.4,6.8,0.498,1.5,3.3,0.453,1.2,1.6,0.765,0.3,1.8,2.1,2.2,1.2,0.6,0.2,2.2,16.5,0,0,0.5
147,Frank Kaminsky,PHX,27,32,12,20,22.4,11,4,8.7,0.455,1.2,3.5,0.348,1.8,2.8,0.67,0.9,4,4.9,2.2,1,0.4,0.3,2.2,21.4,1,0,-1
289,Willy Hernangomez,CHA,26,31,7,24,12.1,6.1,2.4,4.5,0.532,0.2,0.7,0.227,1.2,1.9,0.627,1.4,2.9,4.3,0.9,1,0.3,0.2,1,13.4,2,0,-0.6
405,D.J. Wilson,MIL,24,31,27,4,9,3.2,1.3,3.3,0.396,0.5,1.8,0.255,0.2,0.3,0.667,0.3,1.9,2.2,0.7,0.5,0.1,0.2,0.8,7.1,0,0,-1.2
278,Kelan Martin,MIN,24,31,12,19,16,6.4,2.3,5.8,0.392,0.8,3.1,0.26,1,1,0.968,0.4,2.7,3.1,0.7,0.6,0.2,0.3,1.6,12.1,0,0,-0.7
309,Tyler Johnson,PHX,28,31,11,20,16.6,5.7,2.1,5.5,0.38,0.8,2.7,0.289,0.8,1,0.75,0.3,1.4,1.7,1.6,0.8,0.4,0.3,1.4,11.3,0,0,-3.3
250,Grayson Allen,MEM,24,30,14,16,16.6,7.4,2.6,5.9,0.449,1.1,3,0.363,1,1.2,0.857,0.2,2,2.2,1.4,0.8,0.2,0,1.2,12.1,0,0,-2.4
202,Naz Reid,MIN,20,30,8,22,16.5,9,3.3,8.1,0.412,1.1,3.2,0.33,1.2,1.8,0.698,1.1,3,4.1,1.2,0.7,0.6,0.7,2.8,19,2,0,0.2
238,Jordan McLaughlin,MIN,24,30,7,23,19.7,7.6,2.9,5.9,0.489,1,2.5,0.382,0.9,1.3,0.667,0.2,1.4,1.6,4.2,1,1.1,0.1,1,18.6,2,0,-2.3
47,Deandre Ayton,PHX,21,30,12,18,33.2,19,8.5,15.5,0.548,0,0.1,0,2,2.6,0.769,4.1,7.9,12,1.9,2.4,0.7,1.7,3.2,41.2,20,0,1.2
337,Chris Clemons,HOU,22,29,18,11,8.7,4.9,1.8,4.3,0.405,1.1,3.2,0.351,0.2,0.2,0.857,0.1,0.7,0.8,0.8,0.6,0.2,0.2,0.7,7.5,0,0,-1.5
406,Jordan Bell,MEM,25,29,8,21,8.8,3.2,1.2,2.3,0.522,0.1,0.4,0.333,0.7,1.1,0.613,1,1.8,2.8,0.6,0.7,0.1,0.3,0.7,8,0,0,-0.3
362,Jacob Evans,MIN,23,29,8,21,14.4,4.4,1.6,4.6,0.336,0.4,1.3,0.333,0.9,1,0.862,0.3,1.1,1.4,1.1,0.9,0.4,0.4,1.4,9.2,0,0,-3.5
225,Reggie Bullock,NYK,29,29,9,20,23.6,8.1,3.1,7.7,0.402,1.3,3.8,0.333,0.6,0.7,0.81,0.4,1.9,2.3,1.4,0.7,0.9,0.1,1.9,15.3,0,0,-2.7
285,Luguentz Dort,OKC,21,29,22,7,22,6.2,2.2,5.4,0.414,0.8,2.5,0.301,1,1.2,0.778,0.5,1.3,1.9,0.7,0.5,0.8,0.1,2.7,11.6,0,0,1.7
384,Gary Payton II,WAS,27,29,13,16,14.9,3.9,1.7,4,0.414,0.4,1.6,0.283,0.1,0.3,0.5,0.9,1.9,2.8,1.7,0.7,1.1,0.2,1.9,13.1,1,0,-4.8
231,Chandler Hutchison,CHI,24,28,8,20,18.8,7.8,2.9,6.3,0.457,0.4,1.4,0.316,1.6,2.8,0.59,0.6,3.2,3.9,0.9,1,1,0.3,1.7,16.5,0,0,-5.1
76,Luke Kennard,DET,24,28,11,17,32.9,15.8,5.4,12.2,0.442,2.6,6.5,0.399,2.4,2.7,0.893,0.3,3.2,3.5,4.1,1.5,0.4,0.2,2.3,26.5,0,0,-0.8
236,Jahlil Okafor,NOP,24,28,9,19,15.1,7.6,3.1,5.1,0.611,0,0.1,0.5,1.3,2.1,0.638,1.6,2.6,4.3,1.3,1.3,0.3,0.7,2.3,16.2,2,0,-4
397,Ty Jerome,PHX,22,28,13,15,11.2,3.5,1.3,3.8,0.349,0.5,1.7,0.277,0.4,0.5,0.786,0.2,1.3,1.5,1.5,0.6,0.5,0.1,1,8.7,0,0,-3.8
439,Wenyen Gabriel,POR,23,28,9,19,7.5,2.1,0.7,1.6,0.435,0.2,0.7,0.3,0.5,0.7,0.7,0.6,1,1.6,0.3,0.6,0.4,0.2,1.3,5.7,0,0,-1.6
426,Romeo Langford,BOS,20,27,19,8,11,2.6,0.9,2.4,0.375,0.2,0.9,0.217,0.6,0.9,0.696,0.5,0.7,1.2,0.2,0.3,0.3,0.2,1.1,5.5,0,0,1.8
392,Tim Frazier,DET,29,27,9,18,13.1,3.6,1.3,3.5,0.362,0.4,1.1,0.333,0.7,0.9,0.792,0.3,0.9,1.2,3.4,1.3,0.5,0.1,1.6,10.9,0,0,-2
425,Bruno Caboclo,HOU,24,27,10,17,8.1,2.7,1.2,2.9,0.416,0.1,1,0.143,0.1,0.2,0.8,0.8,1.1,2,0.4,0.3,0.4,0.6,0.9,8.5,1,0,-0.6
433,Caleb Swanigan,POR,23,27,12,15,10.7,2.4,1,1.7,0.596,0,0.1,0,0.3,0.6,0.529,1,2.7,3.7,1.1,1.4,0.1,0.3,2.3,8.3,0,0,-1.6
414,Admiral Schofield,WAS,23,27,9,18,10.8,3.1,1.1,2.8,0.4,0.5,1.7,0.298,0.3,0.5,0.692,0.2,1,1.3,0.5,0.3,0.3,0.1,1.5,6.3,0,0,-1.3
243,J.J. Barea,DAL,36,26,13,13,15,7.5,2.8,6.9,0.413,1.1,2.9,0.382,0.7,0.7,0.944,0.4,1.5,1.8,3.8,1.3,0.2,0.1,1,14.7,0,0,1.5
442,Derrick Walton Jr.,DET,25,26,15,11,9.6,2,0.7,1.5,0.462,0.4,0.9,0.417,0.3,0.3,0.778,0.1,0.5,0.6,1,0.2,0.3,0,0.8,5,0,0,-0.3
472,Tyson Chandler,HOU,37,26,15,11,8.4,1.3,0.5,0.7,0.778,0,0,0,0.2,0.5,0.462,1,1.6,2.5,0.2,0.3,0.2,0.3,1.2,6,0,0,1.2
373,JaKarr Sampson,IND,27,26,15,11,13.1,4.2,1.8,3.1,0.593,0.1,0.5,0.154,0.4,0.8,0.55,0.6,1.7,2.3,0.3,0.3,0.3,0.3,1.7,9.2,0,0,0.6
402,Kyle O'Quinn,PHI,30,26,17,9,9.9,3.3,1.3,2.8,0.486,0.3,0.9,0.304,0.4,0.7,0.526,1.2,2.5,3.8,1.3,0.7,0.2,0.8,1.3,12.3,1,0,-1.8
251,Brandon Knight,DET,28,25,4,21,18.5,7.3,2.4,6.7,0.353,1.8,5.2,0.344,0.8,1.4,0.588,0.2,1.5,1.6,2.8,1.5,0.4,0.1,1.6,13.5,0,0,-2.8
420,TJ Leaf,IND,23,25,14,11,7.7,2.9,1.2,2.8,0.435,0.2,0.6,0.357,0.3,0.5,0.583,0.8,1.7,2.6,0.2,0.3,0.3,0.1,0.7,7.4,1,0,-0.1
353,Edmond Sumner,IND,24,25,11,14,13.8,4.6,1.9,4.4,0.423,0.4,1.5,0.263,0.4,0.6,0.667,0.4,1.1,1.5,1.6,0.8,0.6,0.3,1.4,10.7,0,0,-1.2
300,Trey Burke,PHI,27,25,13,12,13.1,5.9,2.4,5.1,0.465,0.6,1.5,0.421,0.5,0.7,0.722,0.6,0.8,1.4,2.1,0.5,0.3,0,0.8,11.2,0,0,1.5
488,Malcolm Miller,TOR,27,25,21,4,5,0.9,0.3,1,0.333,0.2,0.8,0.316,0,0.2,0.167,0,0.5,0.6,0.3,0.1,0.2,0.1,0.5,2.7,0,0,2.1
471,Ed Davis,UTA,31,25,15,10,10.7,1.3,0.6,1.4,0.412,0,0,0,0.2,0.4,0.455,1.2,2.6,3.8,0.3,0.5,0.4,0.4,2.2,8.1,0,0,-3.5
360,Courtney Lee,DAL,34,24,15,9,14.4,4.5,1.7,3.4,0.488,0.9,2,0.447,0.3,0.3,0.857,0.3,1,1.3,0.5,0.5,0.8,0.3,1.4,9.4,0,0,1.6
273,Allonzo Trier,NYK,24,24,2,22,12.1,6.5,2.1,4.4,0.481,0.8,2.2,0.358,1.4,1.8,0.791,0.3,1,1.2,1.2,0.9,0.1,0.2,1.2,9.6,0,0,-3
293,Anzejs Pasecniks,WAS,24,24,9,15,16.9,6,2.3,4.4,0.528,0,0.1,0,1.3,2.3,0.593,1.6,2.5,4.1,0.7,0.9,0.3,0.5,2.7,13.6,0,0,-0.1
369,Robert Williams III,BOS,22,23,15,8,14,4.3,1.8,2.7,0.677,0,0,0,0.6,1.1,0.56,1.5,3.2,4.7,1,0.9,0.9,1.2,1.7,16.7,0,0,-0.2
346,Isaiah Hartenstein,HOU,22,23,16,7,11.6,4.7,1.9,2.9,0.657,0,0.2,0,0.8,1.2,0.679,1.3,2.7,3.9,0.8,0.7,0.4,0.5,1.8,12.6,2,0,1.7
114,Reggie Jackson,LAC,30,23,11,12,24.2,12.8,4.7,11.2,0.416,2,4.9,0.398,1.5,1.9,0.814,0.7,2.3,2.9,4.4,1.7,0.4,0.2,1.7,23.1,1,0,4
199,Jake Layman,MIN,26,23,11,12,22,9.1,3.5,7.8,0.453,1,3.1,0.333,1,1.4,0.75,0.7,1.7,2.5,0.7,1,0.7,0.4,2,15.6,0,0,1
393,Nicolas Batum,CHA,31,22,6,16,23,3.6,1.3,3.7,0.346,0.6,2.2,0.286,0.4,0.5,0.9,1.1,3.4,4.5,3,1,0.8,0.4,1.9,16,0,0,-2.2
383,Cristiano Felicio,CHI,27,22,6,16,17.5,3.9,1.5,2.5,0.63,0,0.1,0,0.8,1,0.783,2.5,2.1,4.6,0.7,0.8,0.5,0.1,1.5,11.4,0,0,-2.6
364,Ante Zizic,CLE,23,22,4,18,10,4.4,1.9,3.3,0.569,0,0,0,0.6,0.9,0.737,0.8,2.2,3,0.3,0.5,0.3,0.2,1.2,9.6,1,0,0.6
381,Chris Chiozza,BKN,24,21,9,12,11.8,4,1.5,3.8,0.405,0.9,2,0.439,0.1,0.1,1,0.3,1.4,1.7,2.3,0.8,0.7,0.1,1.1,11,0,0,3
451,Vincent Poirier,BOS,26,21,18,3,5.4,1.9,0.8,1.6,0.485,0,0.1,0.5,0.3,0.3,0.857,0.5,1.1,1.6,0.3,0.3,0.1,0.3,1.1,5.2,0,0,-0.6
432,Michael Kidd-Gilchrist,DAL,26,21,10,11,11,2.5,0.9,2.9,0.317,0.2,1,0.25,0.4,0.5,0.818,0.6,2,2.6,0.6,0.6,0.1,0.2,1.5,6.9,0,0,0.1
379,PJ Dozier,DEN,23,21,15,6,11.1,4.1,1.7,4.3,0.396,0.3,1.3,0.25,0.3,0.5,0.636,0.2,1.2,1.4,1.4,0.5,0.3,0.2,1.3,9.1,0,0,-0.5
399,DeMarre Carroll,HOU,33,21,10,11,11,3.5,1,2.6,0.389,0.3,1.3,0.259,1.1,1.7,0.667,0.5,1.7,2.2,0.9,0.8,0.2,0.2,1.3,7.8,0,0,1.7
150,Rodney Hood,POR,27,21,8,13,29.5,11,4.1,8.2,0.506,1.7,3.4,0.493,1,1.3,0.778,0.5,3,3.4,1.5,0.9,0.8,0.2,2.2,19.4,0,0,0.2
327,David Nwaba,BKN,27,20,8,12,13.4,5.2,1.9,3.6,0.521,0.6,1.4,0.429,0.9,1.4,0.667,0.4,1.9,2.3,0.4,0.4,0.6,0.6,1.6,11.6,0,0,1.8
8,Kyrie Irving,BKN,28,20,8,12,32.9,27.4,10,20.8,0.478,2.8,7.1,0.394,4.7,5.1,0.922,1.1,4.1,5.2,6.4,2.6,1.4,0.5,2.7,46.1,3,1,-0.4
400,Kevon Looney,GSW,24,20,6,14,13.1,3.4,1.5,4,0.367,0.1,0.7,0.071,0.5,0.6,0.75,1.4,1.9,3.3,1,0.6,0.6,0.3,1.7,11,0,0,-5
441,Norvel Pelle,PHI,27,20,11,9,8.9,2.1,0.9,1.8,0.514,0,0,0,0.3,0.6,0.5,0.8,2.2,3,0.4,0.7,0.1,1.3,2,9.5,0,0,-3.1
479,Stanley Johnson,TOR,24,20,15,5,4.8,1.2,0.4,1.6,0.258,0.1,0.7,0.154,0.3,0.3,0.833,0.2,1,1.1,0.4,0.4,0.2,0.1,0.5,3.6,0,0,-0.6
404,Evan Turner,MIN,31,19,3,16,13.2,3.3,1.3,3.5,0.373,0,0.3,0,0.6,0.7,0.857,0.4,1.6,2,2,1.4,0.5,0.4,1.1,10,0,0,-3.4
18,Zion Williamson,NOP,19,19,10,9,29.7,23.6,9.1,15.4,0.589,0.3,0.7,0.462,5.2,8,0.645,2.9,3.9,6.8,2.2,2.7,0.8,0.5,1.7,36.2,2,0,6.3
448,Oshae Brissett,TOR,22,19,15,4,7.1,1.9,0.7,1.9,0.361,0.2,0.8,0.2,0.4,0.5,0.8,0.5,0.9,1.4,0.4,0.4,0.2,0.1,0.9,4.6,0,0,1.8
286,Caleb Martin,CHA,24,18,6,12,17.6,6.2,2.1,4.7,0.44,1.1,2.1,0.541,0.9,1.2,0.81,0.6,1.6,2.1,1.3,0.8,0.7,0.4,1.8,13,0,0,0.3
79,Blake Griffin,DET,31,18,8,10,28.5,15.5,4.9,13.9,0.352,1.5,6.2,0.243,4.2,5.4,0.776,0.9,3.7,4.7,3.3,2.2,0.4,0.4,1.5,26.1,2,0,-1.4
158,Josh Jackson,MEM,23,18,9,9,19.8,10.4,3.8,8.6,0.439,1.3,4,0.319,1.6,2.4,0.659,0.6,2.6,3.2,1.7,1.4,1,0.5,2.2,20,0,0,1.6
427,Thanasis Antetokounmpo,MIL,27,18,15,3,5.2,2.5,1.1,2,0.528,0,0.4,0,0.4,0.8,0.467,0.6,0.4,1.1,0.5,0.6,0.3,0.1,0.7,5.2,0,0,-1.3
489,Amile Jefferson,ORL,27,18,5,13,4.1,0.8,0.3,0.8,0.357,0,0,0,0.3,0.8,0.357,0.6,0.7,1.3,0.2,0.2,0.1,0.2,0.4,3.2,0,0,1
366,Al-Farouq Aminu,ORL,29,18,7,11,21.1,4.3,1.4,4.8,0.291,0.5,2,0.25,1.1,1.6,0.655,1.3,3.5,4.8,1.2,0.9,1,0.4,1.5,15.3,1,0,-1.9
322,Garrison Mathews,WAS,23,18,8,10,12.6,5.4,1.3,3.1,0.429,1.1,2.6,0.413,1.7,1.9,0.912,0.3,1,1.3,0.6,0.4,0.4,0.1,1.8,8.9,0,0,1.9
375,Ryan Broekhoff,DAL,29,17,10,7,10.6,4.2,1.3,3.5,0.373,1.2,3,0.392,0.4,0.5,0.875,0.3,2.2,2.5,0.6,0.4,0.3,0.2,0.9,9.4,0,0,0.5
316,Jalen McDaniels,CHA,22,16,7,9,18.3,5.6,2.1,4.4,0.471,0.6,1.5,0.375,0.9,1.1,0.824,0.9,3.1,4.1,0.8,0.7,0.5,0.2,2.3,13,0,0,-1.4
267,Dragan Bender,GSW,22,16,10,6,17.8,6.7,2.6,5.8,0.446,0.9,2.7,0.349,0.6,0.9,0.714,1,3.6,4.6,1.8,1.3,0.3,0.6,2.6,15.9,0,0,-0.3
450,Yuta Watanabe,MEM,25,16,8,8,6.2,1.9,0.8,1.8,0.414,0.2,0.5,0.375,0.2,0.5,0.375,0.4,0.7,1.1,0.3,0.1,0.3,0.1,0.6,4.5,0,0,0.3
421,Chimezie Metu,SAS,23,16,7,9,4.5,2.9,1.3,2.2,0.571,0,0.1,0,0.4,0.5,0.75,0.6,1,1.6,0.4,0.3,0.1,0.3,0.3,6,0,0,0.8
477,Juwan Morgan,UTA,23,16,10,6,4.6,1.2,0.6,1.1,0.529,0.1,0.3,0.2,0,0,0,0.3,0.9,1.2,0.1,0.2,0,0.1,0.4,2.8,0,0,1.2
363,Nicolas Claxton,BKN,21,15,5,10,12.5,4.4,1.8,3.2,0.563,0.1,0.5,0.143,0.7,1.4,0.524,1.3,1.7,2.9,1.1,0.6,0.1,0.5,0.9,10.7,0,0,-4.5
400,John Konchar,MEM,24,15,7,8,11.1,3.4,1.5,2.3,0.657,0.3,0.6,0.444,0.1,0.1,0.5,1.2,1.9,3.1,1.4,0.4,0.5,0.2,0.5,10.8,0,0,2.1
387,Jaylen Nowell,MIN,20,15,2,13,10.1,3.8,1.3,3.5,0.358,0.2,1.7,0.115,1.1,1.1,0.941,0.2,0.7,0.9,1.3,0.2,0.2,0.1,0.7,7.3,0,0,0.7
475,Melvin Frazier Jr.,ORL,23,15,4,11,3.4,1.2,0.4,1.1,0.353,0.3,0.5,0.571,0.1,0.3,0.5,0.1,0.2,0.3,0.1,0.2,0.3,0.1,0.5,2.6,0,0,0.1
422,Tyrone Wallace,ATL,26,14,3,11,11.5,2.9,1,3.1,0.318,0.1,1.1,0.067,0.8,1.2,0.647,0.2,1.4,1.6,0.9,0.7,0.5,0.1,1.4,7.1,0,0,-2.3
133,Otto Porter Jr.,CHI,27,14,5,9,23.6,11.9,4.4,10,0.443,1.7,4.4,0.387,1.4,1.9,0.704,0.9,2.5,3.4,1.8,0.8,1.1,0.4,2.2,22.4,0,0,1.9
474,Vlatko Cancar,DEN,23,14,7,7,3.2,1.2,0.4,1.1,0.4,0.1,0.4,0.167,0.3,0.3,1,0.4,0.4,0.7,0.2,0.2,0.1,0.1,0.5,2.6,0,0,-0.6
371,Alen Smailagic,GSW,19,14,1,13,9.9,4.2,1.4,2.9,0.5,0.2,0.9,0.231,1.1,1.4,0.842,0.7,1.2,1.9,0.9,0.8,0.2,0.3,1,8.6,0,0,-0.6
365,Andre Iguodala,MIA,36,14,7,7,18.5,4.4,1.8,3.6,0.49,0.6,1.7,0.375,0.1,0.6,0.25,0.7,3.1,3.8,2,1.2,0.6,1.1,2,15.8,0,0,-1.7
390,Drew Eubanks,SAS,23,14,8,6,9.3,3.6,1.5,2,0.75,0.1,0.1,1,0.6,0.8,0.727,0.6,1.9,2.5,0.4,0.7,0.1,0.4,1.5,8.2,0,0,-3.1
468,Rayjon Tucker,UTA,22,14,10,4,5.6,1.4,0.6,1.4,0.421,0,0.4,0,0.2,0.4,0.6,0.1,0.8,0.9,0.1,0.2,0.1,0,0.5,2.7,0,0,-0.5
376,Iman Shumpert,BKN,30,13,9,4,18.5,4.2,1.6,4.9,0.328,0.6,2.5,0.242,0.3,0.5,0.571,0.7,1.9,2.6,0.9,0.8,0.9,0.2,1.6,11.1,0,0,-4
324,Juan Toscano-Anderson,GSW,27,13,3,10,20.9,5.3,2.2,4.8,0.46,0.6,1.8,0.348,0.2,0.4,0.6,0.7,3.3,4,2,1.2,1,0.4,2.3,16,0,0,-6.1
467,Alize Johnson,IND,24,13,8,5,4.1,1.4,0.5,1.2,0.467,0,0,0,0.3,0.5,0.667,0.5,0.8,1.4,0.2,0.2,0,0,0.5,3,0,0,0.7
103,Victor Oladipo,IND,28,13,7,6,26,13.8,4.8,12.4,0.391,1.6,5.3,0.304,2.5,3.2,0.78,0.5,2.6,3.2,3,2.2,0.8,0.2,1.6,23.1,0,0,0.2
437,Amir Coffey,LAC,23,13,7,6,7.5,2.2,1,2.5,0.394,0.1,0.5,0.143,0.1,0.2,0.333,0.3,0.8,1.1,0.7,0.2,0.1,0.1,0.9,4.7,0,0,-0.6
437,Johnathan Motley,LAC,25,13,8,5,3.2,2.2,0.8,1.2,0.733,0.1,0.1,1,0.4,0.5,0.714,0.2,0.5,0.8,0.6,0.4,0.2,0,0.5,4.3,0,0,0.2
417,Jaylen Hoard,POR,21,13,7,6,7.9,2.9,1.2,2.5,0.469,0,0.2,0,0.6,1,0.615,1.1,1.4,2.5,0.3,0.3,0.4,0,0.9,7.2,0,0,0.8
97,Marvin Bagley III,SAC,21,13,2,11,25.7,14.2,6,12.8,0.467,0.3,1.7,0.182,1.9,2.4,0.806,2.2,5.2,7.5,0.8,1.4,0.5,0.9,3.3,27.1,3,0,-6.8
455,Dean Wade,CLE,23,12,1,11,6,1.7,0.8,1.1,0.692,0.2,0.3,0.5,0,0.1,0,0.3,1.3,1.6,0.2,0.3,0.2,0.3,0.7,5.1,0,0,-0.8
397,Mfiondu Kabengele,LAC,22,12,9,3,5.4,3.5,1.2,2.7,0.438,0.8,1.7,0.45,0.4,0.4,1,0.1,0.8,0.9,0.2,0.2,0.2,0.2,0.8,5.7,0,0,-0.1
418,Adam Mokoka,CHI,21,11,3,8,10.2,2.9,1.1,2.5,0.429,0.5,1.4,0.4,0.2,0.4,0.5,0.6,0.3,0.9,0.4,0.2,0.4,0,1.5,5.5,0,0,4.5
454,Tyler Cook,CLE,22,11,3,8,3.2,1.7,0.6,0.9,0.7,0,0,0,0.5,0.5,0.833,0.4,0.5,0.9,0.1,0.1,0.1,0,0.4,3.1,0,0,-1.3
141,Justise Winslow,MEM,24,11,7,4,32,11.3,4.5,11.7,0.388,0.5,2.5,0.222,1.6,2.5,0.667,1.5,5.2,6.6,4,2.2,0.6,0.5,3.5,26.3,1,0,4.7
481,Jarred Vanderbilt,MIN,21,11,6,5,4.2,1.1,0.5,0.7,0.625,0,0.1,0,0.2,0.2,1,0.3,0.5,0.8,0.2,0.6,0.3,0.1,0.5,2.8,0,0,-2.5
408,Johnathan Williams,WAS,25,11,6,5,12.3,3.2,1.5,2.3,0.64,0,0.2,0,0.3,0.5,0.6,1.4,2.5,3.9,0.5,0.4,0.1,0.5,1,10.2,0,0,-4.3
443,Charles Brown Jr.,ATL,23,10,1,9,4,2,0.6,1.9,0.316,0.3,0.9,0.333,0.5,0.5,1,0.2,0.2,0.4,0.2,0.3,0.2,0.2,0.3,3.7,0,0,2.8
403,Tremont Waters,BOS,22,10,8,2,8.9,3.3,1.2,3.5,0.343,0.3,1.7,0.176,0.6,0.6,1,0,0.9,0.9,1.2,1,0.5,0.2,1.1,7.3,0,0,2.7
443,Louis King,DET,21,10,3,7,6.2,2,0.8,2.1,0.381,0.4,1.1,0.364,0,0.3,0,0.1,0.9,1,0.5,0.2,0.2,0,1,4.4,0,0,1.9
475,Jordan Bone,DET,22,10,3,7,5.3,1.2,0.5,2,0.25,0.2,1,0.2,0,0,0,0,0.4,0.4,0.8,0.2,0.1,0,0.6,3,0,0,0
332,Kadeem Allen,NYK,27,10,3,7,11.7,5,1.9,4.4,0.432,0.5,1.6,0.313,0.7,1.1,0.636,0.2,0.7,0.9,2.1,0.8,0.5,0.2,0.7,10.5,0,0,-2.1
276,CJ Miles,WAS,33,10,4,6,16.1,6.4,1.9,5.9,0.322,1.1,3.5,0.314,1.5,2,0.75,0.4,0.8,1.2,1.2,0.4,1,0.4,1.4,13.4,0,0,-0.8
449,Ignas Brazdeikis,NYK,21,9,1,8,5.9,1.9,0.7,2.4,0.273,0.1,1,0.111,0.4,0.6,0.8,0.2,0.3,0.6,0.4,0.2,0,0.1,0.3,3.3,0,0,-1.3
473,Moses Brown,POR,20,9,4,5,3.6,1.2,0.4,1.1,0.4,0,0,0,0.3,0.9,0.375,0.3,1.2,1.6,0.1,0.3,0.1,0.1,0.8,3.6,0,0,-3.7
354,Keldon Johnson,SAS,20,9,3,6,10.2,4.6,1.8,3.4,0.516,0.2,0.6,0.4,0.8,1.1,0.7,0.6,1.3,1.9,0.7,0.3,0.6,0.1,1,9.5,0,0,2.7
497,Nigel Williams-Goss,UTA,25,9,5,4,3.1,0.4,0.1,0.8,0.143,0,0.2,0,0.2,0.2,1,0.2,0.3,0.6,0.6,0.2,0.1,0.1,0.2,2.4,0,0,0.8
464,Justin Robinson,WAS,22,9,2,7,5.4,1.4,0.6,1.3,0.417,0.3,0.6,0.6,0,0,0,0.1,0.4,0.6,0.8,0.3,0,0.1,0.2,3.3,0,0,3.4
440,Khyri Thomas,DET,24,8,2,6,7.7,2.1,0.6,2.1,0.294,0.6,1.8,0.357,0.3,0.5,0.5,0.1,0,0.1,0.4,0.4,0.4,0,1.1,3.6,0,0,-4.5
453,Michael Frazier,HOU,26,8,5,3,8.2,1.8,0.5,1.4,0.364,0.3,1,0.25,0.5,0.8,0.667,0.1,0.3,0.4,0.1,0.3,0.3,0,1.6,2.9,0,0,-3.4
458,BJ Johnson,ORL,24,8,4,4,5.8,1.6,0.6,2.3,0.278,0.1,0.8,0.167,0.3,0.3,1,0.1,0.6,0.8,0.3,0.4,0.3,0,0,3.3,0,0,-2.9
460,Josh Magette,ORL,30,8,3,5,4.7,1.5,0.6,1.9,0.333,0.1,0.5,0.25,0.1,0.3,0.5,0.1,0.6,0.8,0.6,0.6,0.4,0.1,0.5,4.2,0,0,0.1
147,Mychal Mulder,GSW,26,7,3,4,29.1,11,3.7,9.6,0.388,2.3,7.4,0.308,1.3,1.7,0.75,0.4,2.9,3.3,1.1,0.7,0.3,0.1,2.9,17.2,0,0,3.3
499,Kevin Hervey,OKC,23,7,3,4,2.8,0.3,0.1,1.6,0.091,0,1.1,0,0,0,0,0,0.3,0.3,0.1,0,0,0,0.1,0.8,0,0,-0.9
480,Zhaire Smith,PHI,21,7,3,4,4.6,1.1,0.4,1.6,0.273,0,0.4,0,0.3,0.6,0.5,0,0.3,0.3,0.3,0.3,0.4,0,0.6,2.9,0,0,-1.4
465,Jonah Bolden,PHX,24,7,6,1,6.7,1.4,0.6,1.6,0.364,0,0.6,0,0.3,0.6,0.5,0.4,0.9,1.3,0,0.3,0.4,0.3,1.4,4.8,0,0,0.1
410,Tacko Fall,BOS,24,6,5,1,4,3.2,1.5,2,0.75,0,0,0,0.2,0.5,0.333,0,1.8,1.8,0,0.5,0,0.3,0.8,5.9,0,0,1.2
489,Antonius Cleveland,DAL,26,6,4,2,3.7,0.8,0.3,1,0.333,0,0.2,0,0.2,0.3,0.5,0,0.5,0.5,0,0.2,0.2,0.2,0.3,2.3,0,0,-1.8
443,Gabe Vincent,MIA,24,6,4,2,6.9,2,0.7,3.2,0.211,0.7,2.7,0.25,0,0,0,0,0.5,0.5,0.5,0,0.2,0,0.3,3.9,0,0,-1
434,Frank Mason,MIL,26,6,5,1,8.8,2.3,0.8,3.2,0.263,0.3,1.7,0.2,0.3,0.7,0.5,0.5,0.8,1.3,1.8,1,0.3,0,0.7,6.7,0,0,-1.3
478,DaQuan Jeffries,SAC,22,6,1,5,3.2,1.2,0.5,1.2,0.429,0.2,0.7,0.25,0,0,0,0.2,0,0.2,0.2,0,0.2,0,0.5,2.1,0,0,0.2
423,Chandler Parsons,ATL,31,5,0,5,10.8,2.8,1,3.6,0.278,0.8,2.8,0.286,0,0,0,0.2,1.2,1.4,0.6,0.6,0.8,0.2,0.6,7.8,0,0,-8
498,Henry Ellenson,BKN,23,5,2,3,3,0.4,0.2,1.4,0.143,0,0.8,0,0,0,0,0.4,0.8,1.2,0.2,0,0,0,0.2,2.1,0,0,2.4
443,Zach Norvell Jr.,GSW,22,5,2,3,8.2,2,0.6,2.4,0.25,0.6,1.6,0.375,0.2,0.2,1,0,1.2,1.2,0.6,0.6,0.4,0,0.8,4.9,0,0,-5.4
29,Stephen Curry,GSW,32,5,1,4,27.9,20.8,6.6,16.4,0.402,2.4,9.8,0.245,5.2,5.2,1,0.8,4.4,5.2,6.6,3.2,1,0.4,2.2,37.9,1,0,-9
491,Brian Bowen II,IND,21,5,4,1,5.8,0.8,0.4,1.8,0.222,0,0.4,0,0,0,0,0.2,1.2,1.4,0,0.2,0,0.2,0.4,2.9,0,0,2.6
466,KZ Okpala,MIA,21,5,2,3,5.2,1.4,0.6,1,0.6,0,0.2,0,0.2,0.4,0.5,0.2,0.8,1,0.2,0.2,0.4,0.2,0.4,4.5,0,0,-3
452,Justin Patton,OKC,23,5,2,3,4.8,1.8,0.8,2,0.4,0.2,0.8,0.25,0,0,0,0.2,0.8,1,0.4,0.4,0,0,0.8,3.2,0,0,-3.2
482,Devon Hall,OKC,24,5,3,2,3.9,1,0.2,1,0.2,0,0.4,0,0.6,0.8,0.75,0,0.2,0.2,0.6,0.2,0,0,0.2,1.9,0,0,4
501,Vic Law,ORL,24,5,1,4,1.9,0,0,0.6,0,0,0.2,0,0,0.4,0,0,0.2,0.2,0,0,0,0,0,0.2,0,0,-0.4
500,Paul Watson,TOR,25,5,3,2,5.2,0.2,0,1.6,0,0,0.8,0,0.2,0.4,0.5,0,0.8,0.8,1,0,0.2,0.2,0.2,3.9,0,0,2.2
501,Miye Oni,UTA,22,5,4,1,2.1,0,0,0.4,0,0,0.2,0,0,0,0,0,0.4,0.4,0,0.2,0,0,0,0.3,0,0,-3.4
501,Jarrell Brantley,UTA,24,5,2,3,2.7,0,0,0,0,0,0,0,0,0,0,0,1,1,0.2,0.4,0,0.4,0.4,2.3,0,0,0
495,Joe Chealey,CHA,24,4,1,3,8.4,0.5,0,1.8,0,0,1,0,0.5,0.5,1,0,0,0,0.3,0.5,1,0,0.5,3.4,0,0,-4.5
495,Matt Mooney,CLE,23,4,0,4,4.7,0.5,0.3,1,0.25,0,0.5,0,0,0,0,0,0.8,0.8,0.3,0,0.5,0.3,0.3,4,0,0,1.8
460,Donta Hall,DET,22,4,1,3,12,1.5,0.3,1,0.25,0,0,0,1,1.5,0.667,1.5,2.3,3.8,0.5,0.5,0.3,0.3,2.3,7.8,0,0,-6.8
482,Jarrod Uthoff,MEM,27,4,3,1,3.4,1,0.3,1.8,0.143,0,1,0,0.5,0.5,1,0.3,0,0.3,0,0,0.3,0,0.3,2.1,0,0,2.3
492,Daryl Macon,MIA,24,4,4,0,3.5,0.8,0.3,0.8,0.333,0.3,0.5,0.5,0,0,0,0,0,0,0.3,0.5,0,0,0.3,0.6,0,0,0
427,Jalen Lecque,PHX,20,4,1,3,6.6,2.5,1,2.5,0.4,0,1,0,0.5,0.5,1,0,0,0,0.5,0.3,0,0,0.5,3,0,0,-5.5
435,Shamorie Ponds,TOR,22,4,4,0,2.6,2.3,0.8,1.3,0.6,0.3,0.5,0.5,0.5,0.5,1,0,0.3,0.3,0.5,0,0,0.3,0.5,4.1,0,0,0
482,Dewan Hernandez,TOR,23,4,4,0,2.8,1,0.3,1.3,0.2,0,0.3,0,0.5,0.5,1,0.5,1.3,1.8,0,0.3,0.3,0,1.5,3.6,0,0,0.3
501,Stanton Kidd,UTA,28,4,3,1,3.8,0,0,0.8,0,0,0.3,0,0,0,0,0,0.8,0.8,0.3,0.5,0,0,0.8,0.8,0,0,-0.3
493,Jeremiah Martin,BKN,24,3,3,0,5.3,0.7,0.3,1.7,0.2,0,0.3,0,0,0,0,0,0.7,0.7,0.7,0,0.3,0.3,0,4.5,0,0,0.7
482,Justin Anderson,BKN,26,3,2,1,5.6,1,0.3,2,0.167,0,1,0,0.3,0.7,0.5,0,0.7,0.7,0,0,0,0.3,0.7,2.8,0,0,-2.7
455,Chasson Randle,GSW,27,3,2,1,13.5,1.7,0,1.3,0,0,0.7,0,1.7,2,0.833,0,0.7,0.7,1.7,0,0.7,0,1,7,0,0,-1.3
217,Jeremy Pargo,GSW,34,3,0,3,14.8,8.3,3.7,7.3,0.5,1,2.3,0.429,0,0.3,0,0.3,0.7,1,2.7,1.3,0.3,0,2.7,13.2,0,0,0
344,Naz Mitrou-Long,IND,26,3,2,1,14.2,4.7,2,5.3,0.375,0.7,3.7,0.182,0,0,0,0,2,2,2.3,0.7,0.3,0.3,0.3,11.9,0,0,6
501,Kostas Antetokounmpo,LAL,22,3,3,0,1.7,0,0,0,0,0,0,0,0,0,0,0,0.3,0.3,0.3,0,0,0,0,0.9,0,0,-0.7
192,Dion Waiters,LAL,28,3,1,2,14,9.3,3.3,8.7,0.385,2.7,5.7,0.471,0,0.3,0,0,3.7,3.7,1,1,0,0.7,1.7,16.2,0,0,4
455,Udonis Haslem,MIA,40,3,3,0,6.9,1.7,0.3,2,0.167,0,0.7,0,1,1.3,0.75,0,2.7,2.7,0.3,0,0,0,1,5.4,0,0,-4.7
469,Zylan Cheatham,NOP,24,3,2,1,10.2,1.3,0.7,1.7,0.4,0,0.3,0,0,0,0,0.3,1.7,2,0.7,1,0,0.3,1.7,4.7,0,0,-10
501,Isaiah Roby,OKC,22,3,2,1,3.8,0,0,0.3,0,0,0,0,0,0,0,0,0.7,0.7,0,0.3,0,0,0.3,0.5,0,0,-1.3
493,Jared Harper,PHX,22,3,1,2,2.6,0.7,0.3,1.3,0.25,0,0.7,0,0,0,0,0,0,0,0,0,0,0,0,0.7,0,0,-3.7
469,Tariq Owens,PHX,25,3,0,3,5.1,1.3,0.3,1.7,0.2,0,0.7,0,0.7,0.7,1,0.7,0.3,1,0,0,0.3,0,0.3,3.5,0,0,-5.3
200,Zach Collins,POR,22,3,2,1,28.8,9,3,6.3,0.474,1,2.3,0.429,2,2,1,1.3,2.7,4,2,2,0,0.7,3.7,16.8,0,0,6.3
501,Quinndary Weatherspoon,SAS,23,3,0,3,5,0,0,1,0,0,0.3,0,0,0,0,0,0.3,0.3,0.3,0,0,0,0,0.9,0,0,1.3
427,Max Strus,CHI,24,2,0,2,3.1,2.5,1,1.5,0.667,0,0.5,0,0.5,0.5,1,0.5,0,0.5,0,0,0,0,0.5,3.1,0,0,7.5
501,Josh Reaves,DAL,23,2,1,1,0.7,0,0,0.5,0,0,0,0,0,0,0,0,0,0,0,0,0,0,0,0,0,0,-2.5
501,William Howard,HOU,26,2,1,1,6.6,0,0,2,0,0,2,0,0,0,0,0,1,1,0.5,0.5,0,0,0.5,1.5,0,0,-8
427,Ryan Anderson,HOU,32,2,1,1,7,2.5,1,3.5,0.286,0.5,2.5,0.2,0,0,0,0,3.5,3.5,1,0.5,0.5,0,0.5,9.2,0,0,3.5
501,Talen Horton-Tucker,LAL,19,2,1,1,2.7,0,0,0.5,0,0,0.5,0,0,0,0,0,0,0,1,0,0.5,0,0,3,0,0,-3.5
293,Dusty Hannahs,MEM,26,2,0,2,6.7,6,2,4.5,0.444,1,1.5,0.667,1,1,1,0,0.5,0.5,0,0,0,0,0.5,6.6,0,0,2.5
482,Josh Gray,NOP,26,2,1,1,11.4,1,0.5,1,0.5,0,0,0,0,0,0,0.5,0.5,1,1,2.5,0,0,0.5,1.2,0,0,-3.5
460,Marial Shayok,PHI,24,2,1,1,5.2,1.5,0.5,2.5,0.2,0.5,1.5,0.333,0,0,0,0,1.5,1.5,0.5,0.5,0,0,0,3.6,0,0,-5
482,Kyle Guy,SAC,22,2,1,1,2,1,0.5,1,0.5,0,0.5,0,0,0,0,0,0,0,0,0,0,0,0,1,0,0,-1.5
501,Marques Bolden,CLE,22,1,0,1,2.8,0,0,0,0,0,0,0,0,0,0,0,2,2,0,0,1,0,1,5.4,0,0,4
443,Malik Newman,CLE,23,1,0,1,3.7,2,0,2,0,0,1,0,2,2,1,0,0,0,0,1,0,0,0,1,0,0,-3
501,J.P. Macura,CLE,25,1,1,0,0.6,0,0,0,0,0,0,0,0,0,0,0,0,0,0,0,0,0,0,0,0,0,3
293,Eric Mika,SAC,25,1,0,1,19,6,2,3,0.667,0,0,0,2,2,1,2,5,7,0,0,0,0,5,14.4,0,0,8
501,Luka Samanic,SAS,20,1,0,1,12,0,0,4,0,0,2,0,0,0,0,0,2,2,3,0,0,0,0,6.9,0,0,6
501,Justin Wright-Foreman,UTA,22,1,0,1,1.5,0,0,0,0,0,0,0,0,0,0,0,0,0,0,0,0,0,0,0,0,0,2
