,PLAYER,TEAM,AGE,GP,W,L,MIN,OFFRTG,DEFRTG,NETRTG,AST%,AST/TO,AST Ratio,OREB%,DREB%,REB%,TO Ratio,eFG%,TS%,USG%,PACE,PIE
1,Maxi Kleber,DAL,28,66,39,27,25.7,111.9,107.9,4.1,0.064,1.6,12.3,0.053,0.14,0.096,7.7,0.574,0.603,0.134,101.26,8.5
1,Langston Galloway,DET,28,66,20,46,25.8,107.7,112.1,-4.4,0.089,2.53,14.3,0.019,0.068,0.043,5.7,0.557,0.584,0.149,100.17,7.5
1,Bobby Portis,NYK,25,66,21,45,21.1,102.3,110.2,-7.9,0.112,1.34,12.3,0.053,0.18,0.114,9.1,0.507,0.53,0.207,101.25,10.8
4,Miles Bridges,CHA,22,65,23,42,30.7,104.4,114,-9.7,0.092,1.2,11.2,0.042,0.138,0.088,9.3,0.489,0.52,0.196,97.15,8.2
4,Coby White,CHI,20,65,22,43,25.8,104.4,108.8,-4.4,0.162,1.61,15.5,0.015,0.128,0.067,9.7,0.478,0.506,0.235,102.51,8.7
4,Tomas Satoransky,CHI,28,65,22,43,28.9,107.3,108.8,-1.5,0.269,2.72,32.6,0.04,0.101,0.069,12,0.488,0.533,0.165,100.82,9.4
4,Collin Sexton,CLE,21,65,19,46,33,107.8,117,-9.2,0.146,1.22,12.4,0.028,0.069,0.048,10.2,0.517,0.56,0.264,100.37,9.5
4,Cedi Osman,CLE,25,65,19,46,29.4,106.3,115.2,-9,0.115,1.69,17.2,0.02,0.103,0.06,10.2,0.538,0.552,0.162,100.3,6.5
4,Delon Wright,DAL,28,65,39,26,21.7,110.8,108.8,1.9,0.217,3.24,31,0.042,0.126,0.084,9.6,0.529,0.563,0.143,101.5,11
4,Monte Morris,DEN,25,65,43,22,21.6,109.2,107.5,1.7,0.232,5.11,29.4,0.014,0.063,0.038,5.7,0.514,0.537,0.165,99.98,10
4,Nikola Jokic,DEN,25,65,43,22,32.3,112.9,107.7,5.2,0.343,2.21,25.7,0.075,0.244,0.16,11.6,0.565,0.604,0.267,96.88,18.2
4,Justin Holiday,IND,31,65,39,26,24.9,108.2,106.3,1.9,0.071,2.17,14.9,0.018,0.101,0.06,6.8,0.581,0.598,0.13,102.37,7.8
4,Dillon Brooks,MEM,24,65,32,33,28.5,108.6,108.9,-0.3,0.1,1.19,10.4,0.031,0.075,0.054,8.8,0.474,0.508,0.245,103.35,6
4,Tyus Jones,MEM,24,65,32,33,19,106.9,109.2,-2.3,0.314,5.18,35.9,0.007,0.071,0.038,6.9,0.514,0.532,0.165,106.4,10.8
4,Bam Adebayo,MIA,22,65,41,24,34.4,112.3,107.7,4.6,0.232,1.8,24,0.078,0.224,0.154,13.3,0.568,0.606,0.208,98.22,14.9
4,Duncan Robinson,MIA,26,65,41,24,30,113.9,106.2,7.7,0.067,1.52,11.7,0.005,0.101,0.055,7.7,0.665,0.678,0.154,98.98,7.9
4,Kevin Knox II,NYK,20,65,21,44,17.9,101.3,108.6,-7.3,0.076,1.36,11,0.021,0.128,0.072,8.1,0.44,0.47,0.172,102.29,5.6
4,Tobias Harris,PHI,27,65,39,26,34.5,109.7,106.7,3,0.145,2.11,14.4,0.024,0.171,0.097,6.8,0.528,0.557,0.234,99.04,12.4
4,Mikal Bridges,PHX,23,65,26,39,27.3,109.9,108.2,1.7,0.09,1.77,18.1,0.033,0.109,0.072,10.3,0.585,0.623,0.122,103.24,8.3
4,Anfernee Simons,POR,21,65,28,37,21.5,105.6,114.1,-8.6,0.1,1.56,13.2,0.016,0.079,0.047,8.5,0.472,0.506,0.183,103.08,5.7
21,Jarrett Allen,BKN,22,64,30,34,25.7,109.4,108.9,0.5,0.075,1.18,12.6,0.109,0.228,0.168,10.7,0.646,0.658,0.148,101.55,13.8
21,Taurean Prince,BKN,26,64,30,34,29,109.6,108.4,1.3,0.09,0.91,11.4,0.024,0.162,0.093,12.5,0.475,0.497,0.2,102.06,7.4
21,Spencer Dinwiddie,BKN,27,64,30,34,31.2,110.5,109.4,1.1,0.344,2.48,23.8,0.015,0.085,0.051,9.6,0.476,0.541,0.287,101.7,12.1
21,Thaddeus Young,CHI,32,64,22,42,24.9,101.9,108.1,-6.2,0.113,1.15,13.7,0.054,0.145,0.097,12,0.513,0.521,0.192,102.37,8.9
21,Dorian Finney-Smith,DAL,27,64,38,26,29.7,116.2,109.1,7.1,0.069,1.54,14.7,0.064,0.11,0.088,9.5,0.577,0.597,0.126,99.97,7.1
21,Jerami Grant,DEN,26,64,42,22,26.2,109.1,111.2,-2.1,0.069,1.44,10.3,0.032,0.102,0.067,7.2,0.55,0.585,0.176,98.96,8.3
21,P.J. Tucker,HOU,35,64,40,24,34.4,112.2,109.2,3,0.06,1.51,17.9,0.042,0.143,0.092,11.9,0.56,0.58,0.086,103.25,6
21,Ivica Zubac,LAC,23,64,44,20,18.1,112,104.1,7.9,0.088,1.3,13.2,0.134,0.233,0.184,10.2,0.601,0.642,0.162,101.34,13.9
21,Julius Randle,NYK,25,64,21,43,32.5,105.7,111.6,-5.9,0.158,1.03,12.8,0.067,0.223,0.142,12.4,0.492,0.538,0.271,99.72,13.1
21,Markelle Fultz,ORL,22,64,30,34,28.3,108.5,110,-1.5,0.27,2.55,27.8,0.018,0.099,0.058,10.9,0.496,0.523,0.205,100.17,9.5
21,Furkan Korkmaz,PHI,22,64,38,26,21.8,108.4,105.5,2.9,0.073,1.35,10.5,0.011,0.09,0.051,7.8,0.554,0.571,0.178,102.07,7.7
21,Buddy Hield,SAC,27,64,28,36,32,109,111,-2,0.154,1.31,13.5,0.027,0.124,0.074,10.3,0.544,0.566,0.261,100.46,10.6
21,Cory Joseph,SAC,28,64,28,36,24,107.2,107.6,-0.4,0.199,3.41,32.3,0.024,0.083,0.053,9.5,0.484,0.513,0.128,99.35,7
21,Harrison Barnes,SAC,28,64,28,36,34.9,109.1,110.3,-1.2,0.098,1.9,14.5,0.027,0.108,0.067,7.6,0.524,0.575,0.172,100.69,9
21,Kent Bazemore,SAC,30,64,31,33,25.1,107.7,106.4,1.2,0.074,1,11.7,0.014,0.143,0.08,11.7,0.453,0.5,0.168,102.51,6.4
21,Nemanja Bjelica,SAC,32,64,28,36,28.5,109.4,111.6,-2.2,0.14,1.95,19.8,0.058,0.173,0.114,10.2,0.579,0.597,0.171,99.12,10.1
21,Terence Davis,TOR,23,64,46,18,17,112.3,102.4,10,0.145,1.65,18.4,0.041,0.139,0.092,11.2,0.575,0.598,0.18,101.71,10.8
21,Royce O'Neale,UTA,27,64,41,23,29.1,113.1,107.7,5.4,0.115,3.26,29.3,0.012,0.159,0.09,9,0.567,0.584,0.092,99.68,7.1
21,Joe Ingles,UTA,32,64,41,23,29.9,110.9,105.1,5.8,0.24,2.67,33.5,0.012,0.114,0.066,12.6,0.566,0.588,0.147,100.01,9.6
40,De'Andre Hunter,ATL,22,63,19,44,32,108,113.6,-5.5,0.079,1.09,11.7,0.021,0.116,0.068,10.7,0.489,0.521,0.173,103.96,5.8
40,Joe Harris,BKN,28,63,30,33,30.9,109.9,108.3,1.6,0.098,1.4,13.5,0.028,0.1,0.064,9.6,0.579,0.592,0.176,102.12,8.6
40,Brad Wanamaker,BOS,30,63,43,20,19.3,107.7,104.8,2.9,0.184,2.26,26.4,0.015,0.079,0.048,11.7,0.48,0.56,0.152,101.2,8.1
40,Devonte' Graham,CHA,25,63,23,40,35.1,107.4,111.8,-4.5,0.345,2.6,27.5,0.018,0.078,0.047,10.6,0.495,0.537,0.243,97.32,10.9
40,Terry Rozier,CHA,26,63,21,42,34.4,104.5,113.4,-9,0.209,1.84,18.4,0.022,0.107,0.062,10,0.514,0.553,0.232,96.62,10.3
40,Tim Hardaway Jr.,DAL,28,63,38,25,28.8,115.8,107.7,8,0.1,2.03,11.9,0.012,0.086,0.05,5.9,0.554,0.581,0.209,101.95,9.2
40,Ben McLemore,HOU,27,63,40,23,22.8,116,109.4,6.7,0.051,1.17,9,0.013,0.077,0.045,7.7,0.609,0.622,0.154,104.61,6.5
40,T.J. McConnell,IND,28,63,38,25,18.9,108,107.3,0.7,0.356,3.67,40.6,0.027,0.104,0.067,11,0.523,0.541,0.165,102.15,12
40,Montrezl Harrell,LAC,26,63,44,19,27.8,112.3,105.8,6.5,0.102,0.99,9.2,0.089,0.141,0.116,9.3,0.58,0.607,0.245,104.73,14.5
40,Kentavious Caldwell-Pope,LAL,27,63,49,14,25.5,112.6,107,5.6,0.086,1.91,15.8,0.022,0.056,0.039,8.3,0.565,0.592,0.143,102.37,6.8
40,Jarrett Culver,MIN,21,63,19,44,23.9,106,109.3,-3.3,0.105,1.36,13.5,0.041,0.092,0.065,10,0.462,0.467,0.187,105.22,5.5
40,Shai Gilgeous-Alexander,OKC,21,63,39,24,35.1,113,109.4,3.7,0.144,1.78,14.8,0.021,0.149,0.087,8.4,0.514,0.566,0.235,99.59,12.3
40,Dennis Schroder,OKC,26,63,39,24,31,109,103.1,6,0.22,1.61,17.6,0.01,0.1,0.057,10.9,0.532,0.573,0.262,101.58,12.2
40,Chris Paul,OKC,35,63,40,23,31.8,114.4,107.6,6.8,0.318,3.11,28.8,0.011,0.141,0.078,9.3,0.552,0.609,0.226,100.44,15.1
40,Terrence Ross,ORL,29,63,29,34,27.3,104.7,107.5,-2.8,0.072,1.19,7.6,0.007,0.107,0.054,6.4,0.511,0.548,0.217,99.98,9.7
40,Mike Scott,PHI,31,63,37,26,17.8,109.3,104.8,4.6,0.059,2,11.9,0.05,0.147,0.097,6,0.522,0.539,0.13,101.69,7.4
40,Trey Lyles,SAS,24,63,27,36,20.2,111.3,113.7,-2.4,0.072,1.77,14.7,0.056,0.228,0.142,8.3,0.541,0.557,0.136,100.81,8.8
40,Bryn Forbes,SAS,26,63,27,36,25.1,108,114.8,-6.8,0.097,1.89,13.9,0.007,0.071,0.039,7.3,0.544,0.57,0.185,100.41,6.4
40,Patty Mills,SAS,31,63,27,36,22.7,112.5,108.9,3.6,0.111,2.2,14.4,0.013,0.052,0.033,6.5,0.557,0.589,0.193,104.19,8.2
40,OG Anunoby,TOR,22,63,45,18,30.1,111.1,105.5,5.7,0.073,1.32,13.5,0.039,0.134,0.087,10.2,0.584,0.598,0.143,101.6,8.5
40,Donovan Mitchell,UTA,23,63,40,23,34.4,111.5,109,2.5,0.21,1.58,14.8,0.021,0.102,0.063,9.3,0.517,0.56,0.305,100.32,12.6
40,Jordan Clarkson,UTA,28,63,31,32,24.2,111,110.7,0.4,0.131,1.51,12.3,0.03,0.076,0.053,8.1,0.551,0.583,0.246,99.6,10.9
40,Bojan Bogdanovic,UTA,31,63,41,22,33.1,113.5,108,5.5,0.099,0.82,9.8,0.02,0.1,0.062,11.9,0.548,0.603,0.252,99.45,10.5
63,Grant Williams,BOS,21,62,43,19,15.6,109.8,102.4,7.4,0.084,1.35,19.3,0.056,0.103,0.079,14.3,0.471,0.508,0.11,102.48,3.9
63,Christian Wood,DET,24,62,20,42,21.4,110.8,108.8,2,0.074,0.71,8,0.079,0.214,0.147,11.1,0.62,0.659,0.223,99.54,15.3
63,Robert Covington,HOU,29,62,23,39,30.1,109.8,109.7,0.1,0.058,0.8,8.6,0.027,0.177,0.101,10.8,0.546,0.571,0.174,103.11,9.1
63,Domantas Sabonis,IND,24,62,37,25,34.8,109.9,106.8,3.1,0.215,1.82,21.3,0.089,0.262,0.177,11.7,0.55,0.586,0.229,99.02,15.6
63,Doug McDermott,IND,28,62,37,25,20,109.4,105.4,4,0.08,1.75,11.4,0.018,0.098,0.059,6.5,0.611,0.626,0.186,101.88,9.2
63,Dwight Howard,LAL,34,62,49,13,19.2,112.8,106,6.8,0.048,0.58,9.4,0.127,0.25,0.188,16.3,0.737,0.696,0.143,99.37,11.4
63,Jonas Valanciunas,MEM,28,62,30,32,26.3,107.8,107.4,0.4,0.102,1.02,11.5,0.111,0.277,0.197,11.3,0.608,0.631,0.21,103.39,16.2
63,Kendrick Nunn,MIA,24,62,40,22,29.8,111.2,108.9,2.4,0.182,2.08,17.5,0.011,0.079,0.046,8.4,0.525,0.545,0.233,98.86,8.9
63,Wesley Matthews,MIL,33,62,50,12,24.7,109.9,97.8,12,0.074,2.22,16.3,0.013,0.076,0.046,7.3,0.522,0.545,0.125,107.27,5.6
63,Josh Okogie,MIN,21,62,19,43,25,106.3,111,-4.7,0.089,1.14,14.8,0.05,0.114,0.081,13,0.479,0.553,0.148,105.88,7
63,Maurice Harkless,NYK,27,62,39,23,23,109.7,108.5,1.2,0.062,1.28,15.7,0.038,0.117,0.079,12.2,0.562,0.572,0.105,103.38,5.9
63,Taj Gibson,NYK,35,62,21,41,16.5,101.2,113.7,-12.5,0.077,1.11,12.7,0.098,0.158,0.126,11.5,0.591,0.61,0.145,99.29,9.7
63,Devin Booker,PHX,23,62,26,36,36.1,113.7,112.5,1.2,0.29,1.67,20.8,0.012,0.103,0.057,12.5,0.543,0.617,0.289,102.47,13.5
63,CJ McCollum,POR,28,62,28,34,36,113,112.2,0.8,0.186,2.31,16.1,0.017,0.086,0.053,7,0.525,0.543,0.263,101.48,10.5
63,Rudy Gobert,UTA,28,62,40,22,34.6,113,106.8,6.1,0.065,0.78,10.5,0.104,0.279,0.197,13.6,0.698,0.7,0.161,99.22,15.1
78,Semi Ojeleye,BOS,25,61,41,20,14.6,104.1,104.5,-0.4,0.049,2.58,14.5,0.025,0.103,0.064,5.6,0.522,0.557,0.086,100.27,5.7
78,James Harden,HOU,30,61,39,22,36.7,113.8,108.2,5.6,0.356,1.65,18.8,0.026,0.132,0.08,11.4,0.533,0.616,0.358,102.77,18.3
78,T.J. Warren,IND,26,61,38,23,32.5,108.8,107.4,1.4,0.07,1.13,7.9,0.031,0.088,0.06,7,0.569,0.599,0.224,98.89,10.5
78,JaVale McGee,LAL,32,61,48,13,16.8,113.6,104.7,8.9,0.044,0.72,8.7,0.11,0.216,0.166,12,0.645,0.655,0.146,101.95,11.6
78,Danny Green,LAL,33,61,48,13,25.1,113.6,105,8.7,0.07,1.59,14.8,0.029,0.1,0.065,9.3,0.552,0.564,0.133,102.91,6.6
78,Pat Connaughton,MIL,27,61,51,10,18.3,107.5,103.2,4.3,0.112,2.02,22.8,0.046,0.153,0.101,11.3,0.54,0.558,0.115,106.82,8.9
78,Brook Lopez,MIL,32,61,50,11,26.6,111.9,99.5,12.4,0.076,1.51,12.1,0.025,0.119,0.075,8.1,0.501,0.537,0.173,106.7,8.2
78,Mitchell Robinson,NYK,22,61,20,41,23.2,106.1,109.1,-2.9,0.039,0.97,7.5,0.122,0.16,0.141,7.7,0.742,0.726,0.129,100.69,12.9
78,Evan Fournier,ORL,27,61,26,35,31.7,107,110,-3,0.161,1.61,15.3,0.008,0.073,0.04,9.5,0.564,0.599,0.238,99.9,9.9
78,James Ennis III,ORL,29,61,39,22,17.3,109.8,109.8,0,0.068,1.26,12.7,0.056,0.131,0.093,10.1,0.515,0.557,0.144,102.56,6.7
78,Hassan Whiteside,POR,31,61,29,32,31.3,114.5,112.2,2.3,0.058,0.63,7.7,0.123,0.296,0.212,12.2,0.621,0.641,0.195,101.03,16
78,Derrick White,SAS,25,61,27,34,24.1,109.1,109.4,-0.3,0.199,2.75,25.2,0.02,0.104,0.062,9.2,0.52,0.585,0.175,103.13,9.8
78,DeMar DeRozan,SAS,30,61,26,35,34.3,111.3,113.9,-2.7,0.261,2.31,21.1,0.019,0.142,0.081,9.1,0.53,0.597,0.264,100.38,13.9
78,Troy Brown Jr.,WAS,20,61,23,38,24.9,108.9,113.7,-4.8,0.131,2.18,18.7,0.039,0.171,0.103,8.5,0.502,0.534,0.166,104.91,9.9
92,Trae Young,ATL,21,60,18,42,35.3,111.2,116.1,-4.9,0.423,1.94,24.1,0.014,0.1,0.057,12.4,0.519,0.595,0.339,105.18,16
92,Vince Carter,ATL,43,60,19,41,14.6,102,110.1,-8.1,0.081,1.45,12.1,0.019,0.114,0.065,8.3,0.452,0.47,0.163,104.65,5
92,Zach LaVine,CHI,25,60,20,40,34.8,106.8,111.2,-4.4,0.218,1.23,14.2,0.019,0.125,0.07,11.5,0.526,0.568,0.312,100.85,13
92,Thon Maker,DET,23,60,20,40,12.9,103.8,111.9,-8,0.088,0.96,13,0.069,0.152,0.11,13.6,0.539,0.582,0.16,98.52,7.6
92,Eric Paschall,GSW,23,60,14,46,27.6,103.6,114.2,-10.6,0.126,1.35,13.4,0.047,0.116,0.081,9.9,0.526,0.571,0.207,102.09,9.6
92,Austin Rivers,HOU,27,60,39,21,23.4,114.4,110.3,4.1,0.093,2.74,16,0.016,0.079,0.047,5.8,0.517,0.538,0.146,105.32,6
92,Lou Williams,LAC,33,60,41,19,29.3,111.1,106.6,4.6,0.295,2,22.5,0.015,0.079,0.048,11.2,0.476,0.546,0.27,105.06,12.4
92,LeBron James,LAL,35,60,47,13,34.9,113.3,103,10.3,0.481,2.66,29.1,0.028,0.187,0.109,10.9,0.555,0.582,0.308,101.55,20
92,Robin Lopez,MIL,32,60,49,11,14.4,105,102.4,2.6,0.068,0.76,10.6,0.056,0.091,0.074,14,0.562,0.565,0.16,106.21,6.6
92,Mo Bamba,ORL,22,60,28,32,14.5,104.7,103,1.8,0.077,1,10.9,0.099,0.217,0.156,10.9,0.534,0.549,0.164,99.67,11.7
92,Glenn Robinson III,PHI,26,60,17,43,29.1,106.3,114.2,-7.9,0.083,1.81,12.6,0.042,0.104,0.073,7,0.55,0.576,0.16,101.43,8.4
92,Al Horford,PHI,34,60,35,25,30.8,109.5,106,3.5,0.185,3.75,24.5,0.05,0.17,0.11,6.5,0.51,0.526,0.174,100.26,11.1
92,Rudy Gay,SAS,33,60,25,35,21.5,107.6,108.5,-0.9,0.116,1.29,13.8,0.042,0.195,0.119,10.7,0.5,0.545,0.206,103.27,10.7
92,Ish Smith,WAS,31,60,22,38,26.2,110.1,113.6,-3.5,0.255,3.7,29.3,0.016,0.1,0.056,7.9,0.498,0.512,0.178,104.33,9.9
106,Jeff Teague,ATL,32,59,22,37,24.8,108,113.7,-5.7,0.306,2.66,30.9,0.017,0.074,0.046,11.6,0.48,0.557,0.192,104.32,10
106,Jayson Tatum,BOS,22,59,41,18,34.6,113.8,103.5,10.3,0.138,1.32,11.3,0.026,0.168,0.097,8.6,0.523,0.562,0.279,100.59,14.3
106,Darius Garland,CLE,20,59,17,42,30.9,105.2,113.8,-8.7,0.182,1.52,20.6,0.014,0.046,0.03,13.6,0.476,0.498,0.201,100.37,5.7
106,Seth Curry,DAL,29,59,36,23,24.5,113.9,109.3,4.7,0.123,1.98,16.1,0.017,0.072,0.045,8.1,0.628,0.65,0.178,101.19,9.9
106,Tony Snell,DET,28,59,18,41,27.8,105.9,111.4,-5.5,0.11,4.1,23,0.005,0.064,0.034,5.6,0.579,0.598,0.11,98.42,6.2
106,Marquese Chriss,GSW,22,59,15,44,20.3,103.7,113.2,-9.5,0.15,1.46,17.6,0.089,0.212,0.148,12,0.556,0.604,0.184,102.49,12.7
106,Ja Morant,MEM,20,59,31,28,30,107.9,108.3,-0.4,0.348,2.14,26.9,0.025,0.082,0.055,12.6,0.523,0.568,0.258,103.56,13.1
106,Kyle Anderson,MEM,26,59,30,29,19.3,101.8,105.9,-4.1,0.156,2.4,26.5,0.046,0.156,0.103,11,0.521,0.542,0.132,104.8,9.9
106,Kelly Olynyk,MIA,29,59,38,21,18.5,111.6,108.7,2.9,0.13,1.54,19,0.034,0.192,0.116,12.3,0.603,0.64,0.159,101.62,10.3
106,Donte DiVincenzo,MIL,23,59,51,8,23.1,112.5,98.5,13.9,0.132,1.89,19.5,0.041,0.143,0.095,10.3,0.546,0.57,0.165,106.7,10.9
106,Alec Burks,PHI,28,59,17,42,27.3,102.1,110.4,-8.3,0.178,2.01,16.1,0.025,0.134,0.077,8,0.475,0.549,0.23,101.96,11.4
117,Cam Reddish,ATL,20,58,17,41,26.7,106.9,113.2,-6.3,0.079,0.91,11,0.021,0.11,0.065,12.1,0.459,0.5,0.185,105.58,5.9
117,Daniel Theis,BOS,28,58,37,21,23.8,111.8,104.1,7.7,0.1,1.98,16.7,0.09,0.172,0.131,8.4,0.599,0.629,0.146,100.09,10.7
117,P.J. Washington,CHA,21,58,22,36,30.3,103.9,110.1,-6.3,0.115,1.32,14.2,0.032,0.145,0.087,10.8,0.528,0.547,0.184,97.23,8.3
117,Cody Zeller,CHA,27,58,18,40,23.1,105.3,113.6,-8.3,0.111,1.17,12.3,0.11,0.197,0.151,10.5,0.543,0.576,0.201,97.5,11.4
117,Ryan Arcidiacono,CHI,26,58,21,37,16,101.5,105.4,-4,0.143,2.59,25.9,0.019,0.098,0.056,10,0.532,0.551,0.121,102.69,6.1
117,Justin Jackson,DAL,25,58,36,22,16,112,111.3,0.7,0.072,4.08,12.5,0.027,0.12,0.073,3.1,0.471,0.498,0.153,101.46,6.5
117,Will Barton,DEN,29,58,38,20,33,112.7,106.9,5.8,0.157,2.41,19.4,0.04,0.147,0.094,8,0.523,0.549,0.197,97.97,10.9
117,Bruce Brown,DET,23,58,18,40,28.2,106,110.4,-4.3,0.208,2.3,27.7,0.038,0.131,0.084,12,0.48,0.518,0.159,98,8.3
117,Danuel House Jr.,HOU,27,58,36,22,30,112,109.2,2.9,0.061,1.59,12.1,0.029,0.102,0.065,7.6,0.545,0.571,0.133,104.59,7
117,Aaron Holiday,IND,23,58,36,22,23.6,109.4,107.4,1.9,0.191,2.57,24.3,0.015,0.076,0.046,9.4,0.488,0.517,0.188,100.09,7.7
117,Alex Caruso,LAL,26,58,45,13,17.8,110.6,100.3,10.3,0.128,2.22,23.1,0.014,0.088,0.052,10.4,0.496,0.538,0.136,102.86,7.5
117,Gorgui Dieng,MEM,30,58,18,40,17.5,99,102.9,-3.9,0.115,1.29,14,0.076,0.227,0.15,10.9,0.535,0.564,0.176,102.92,13.5
117,Jae Crowder,MIA,29,58,26,32,29.2,108.9,112.5,-3.7,0.12,2.44,19.5,0.027,0.171,0.099,8,0.494,0.532,0.153,103.46,8.7
117,Steven Adams,OKC,26,58,37,21,27,111.5,107.1,4.4,0.132,1.64,18.8,0.13,0.211,0.172,11.5,0.593,0.605,0.166,100.65,13.7
117,Aaron Gordon,ORL,24,58,28,30,33,108.2,110.1,-2,0.164,2.29,19.2,0.051,0.175,0.112,8.4,0.479,0.511,0.203,99.58,10.1
117,Dario Saric,PHX,26,58,24,34,24.9,110.2,112.1,-1.9,0.105,1.51,15.8,0.06,0.178,0.118,10.4,0.539,0.572,0.168,102.62,9.3
117,Damian Lillard,POR,29,58,27,31,36.9,114.4,113.1,1.3,0.332,2.7,23.1,0.013,0.091,0.054,8.6,0.554,0.619,0.293,102.07,16.5
117,Dejounte Murray,SAS,23,58,24,34,25,108.7,113.8,-5.1,0.238,2.19,25.7,0.045,0.184,0.114,11.7,0.507,0.535,0.205,100.92,11.4
117,Jakob Poeltl,SAS,24,58,25,33,16.6,112.4,108.6,3.9,0.136,2.27,25.8,0.102,0.198,0.151,11.4,0.619,0.611,0.125,104.14,11.2
117,Georges Niang,UTA,27,58,38,20,13.3,105.9,107.2,-1.2,0.066,1.35,10.4,0.015,0.119,0.067,7.7,0.598,0.612,0.162,102.12,8.6
117,Isaac Bonga,WAS,20,58,21,37,17.7,109.3,107.4,1.9,0.076,1.49,19.6,0.056,0.121,0.087,13.1,0.582,0.627,0.1,103.84,6.2
138,Andre Drummond,CLE,26,57,21,36,33,107,112,-5,0.133,0.75,12,0.129,0.336,0.229,16,0.536,0.553,0.253,98.8,15.3
138,Matthew Dellavedova,CLE,29,57,17,40,14.4,103.7,105,-1.2,0.297,3.05,41.9,0.022,0.067,0.045,13.7,0.414,0.463,0.128,101.2,5.9
138,Tristan Thompson,CLE,29,57,19,38,30.2,105,115.2,-10.1,0.106,1.17,14,0.126,0.207,0.165,12,0.52,0.54,0.181,99.12,10.8
138,Jalen Brunson,DAL,23,57,34,23,17.9,113.2,105.6,7.6,0.265,2.85,27.9,0.021,0.1,0.061,9.8,0.522,0.553,0.199,100.74,10.7
138,Jordan Poole,GSW,21,57,12,45,22.3,101.8,110,-8.2,0.16,1.81,17.8,0.007,0.087,0.045,9.8,0.406,0.454,0.2,103.47,5.1
138,Giannis Antetokounmpo,MIL,25,57,48,9,30.9,112.6,96.5,16.1,0.33,1.57,17.2,0.069,0.305,0.194,10.9,0.583,0.608,0.362,107.43,23.9
138,Josh Hart,NOP,25,57,24,33,27.4,107.8,110.7,-2.9,0.082,1.45,13.8,0.031,0.19,0.109,9.6,0.531,0.556,0.149,105.11,8.8
138,Frank Ntilikina,NYK,21,57,19,38,20.8,104.8,108.7,-3.9,0.209,2.42,28.7,0.018,0.082,0.049,11.8,0.459,0.497,0.152,99.51,6.3
138,Matisse Thybulle,PHI,23,57,36,21,19.5,105.3,103.6,1.7,0.085,1.56,19.1,0.03,0.046,0.038,12.3,0.517,0.53,0.111,101.98,4.3
138,Ricky Rubio,PHX,29,57,24,33,31.6,112,108.2,3.8,0.378,3.27,37.2,0.023,0.124,0.073,11.4,0.466,0.531,0.197,103.58,11.9
138,Bradley Beal,WAS,27,57,20,37,36,113.1,117.6,-4.5,0.285,1.79,17.1,0.024,0.095,0.058,9.5,0.52,0.579,0.338,103.64,14.3
149,Bruno Fernando,ATL,21,56,18,38,12.7,102,107.6,-5.6,0.101,1.17,15.8,0.085,0.179,0.131,13.5,0.53,0.542,0.147,103.78,7.9
149,Kevin Huerter,ATL,21,56,19,37,31.4,107.5,113.6,-6.1,0.171,2.45,22.8,0.019,0.106,0.062,9.3,0.517,0.536,0.169,104.12,7.8
149,DeAndre Jordan,BKN,31,56,27,29,22,104,105.8,-1.8,0.132,1.42,20.3,0.105,0.293,0.202,14.3,0.666,0.682,0.136,102.91,16.8
149,Larry Nance Jr.,CLE,27,56,16,40,26.3,105.6,110.7,-5.1,0.126,2.05,19,0.068,0.209,0.136,9.2,0.596,0.608,0.15,99.92,12.5
149,Kevin Love,CLE,31,56,16,40,31.8,107.4,115.4,-8,0.15,1.27,15.8,0.03,0.286,0.155,12.4,0.55,0.599,0.225,100.17,14
149,Gary Harris,DEN,25,56,37,19,31.8,110.5,107.1,3.4,0.091,1.97,16,0.015,0.077,0.046,8.1,0.487,0.519,0.15,97.71,6.2
149,Svi Mykhailiuk,DET,23,56,17,39,22.6,108.6,109.2,-0.6,0.12,1.74,17.7,0.013,0.071,0.041,10.2,0.552,0.578,0.165,100.15,6.9
149,Eric Bledsoe,MIL,30,56,47,9,27.2,113,99.6,13.3,0.274,2.16,25.5,0.026,0.119,0.076,11.8,0.535,0.579,0.236,108,12.8
149,Ersan Ilyasova,MIL,33,56,45,11,16,111.2,104.3,6.9,0.069,1.42,11.6,0.063,0.211,0.139,8.2,0.552,0.591,0.161,107.63,10.6
149,Jaxson Hayes,NOP,20,56,26,30,17,107.7,109.8,-2.1,0.077,1.24,12.7,0.081,0.137,0.109,10.2,0.662,0.675,0.148,107.79,9.5
149,Lonzo Ball,NOP,22,56,24,32,32.4,110.2,109.7,0.5,0.293,2.28,32.1,0.032,0.144,0.088,14.1,0.523,0.529,0.183,104.82,10.5
149,Brandon Ingram,NOP,22,56,23,33,34.3,110.7,111.1,-0.3,0.195,1.39,15.5,0.024,0.144,0.085,11.2,0.534,0.59,0.276,104.91,13.2
149,RJ Barrett,NYK,20,56,17,39,30.4,105.4,114.5,-9.1,0.127,1.15,12.9,0.027,0.134,0.078,11.2,0.445,0.479,0.234,100.72,7.2
149,Kelly Oubre Jr.,PHX,24,56,22,34,34.5,110.6,110.4,0.2,0.066,1.02,7.7,0.034,0.151,0.092,7.6,0.517,0.56,0.219,102.5,9.7
163,Damian Jones,ATL,25,55,15,40,16.1,104.7,117.3,-12.6,0.057,1.25,12.5,0.08,0.153,0.115,10,0.685,0.712,0.113,104.69,8
163,Treveon Graham,ATL,26,55,21,34,16.9,103.9,110.1,-6.2,0.069,1.55,13.2,0.05,0.099,0.074,8.5,0.428,0.456,0.13,103.76,3.7
163,Garrett Temple,BKN,34,55,26,29,28.1,104.2,105.7,-1.6,0.135,2.47,18.8,0.016,0.091,0.054,7.6,0.485,0.507,0.161,102.82,7.6
163,Malik Monk,CHA,22,55,18,37,21.3,101.8,112.3,-10.5,0.168,1.48,15.8,0.021,0.108,0.063,10.7,0.494,0.53,0.22,98.93,9.1
163,Jamal Murray,DEN,23,55,37,18,32.8,112.9,107,5.9,0.225,2.15,20.4,0.024,0.097,0.061,9.5,0.517,0.559,0.248,97.53,12
163,Myles Turner,IND,24,55,32,23,29.6,107.1,106.2,0.9,0.054,0.9,8.6,0.043,0.171,0.108,9.6,0.525,0.561,0.174,98.41,9.6
163,Marcus Morris Sr.,LAC,30,55,22,33,31.4,109.1,109.9,-0.8,0.068,0.88,7.7,0.029,0.128,0.077,8.8,0.522,0.567,0.224,98.93,9.5
163,JaMychal Green,LAC,30,55,38,17,20.5,110.5,105.2,5.3,0.051,0.96,10.5,0.061,0.21,0.138,11,0.536,0.554,0.129,105.16,8.2
163,Anthony Davis,LAL,27,55,43,12,34.3,112.3,105.6,6.7,0.148,1.27,11.6,0.064,0.197,0.131,9.1,0.544,0.614,0.287,102.61,18.3
163,Khris Middleton,MIL,28,55,44,11,30.1,113.4,99.6,13.8,0.2,1.99,17.8,0.023,0.156,0.094,8.9,0.577,0.619,0.259,106.84,15.5
163,Malik Beasley,MIN,23,55,30,25,22,109.8,111.6,-1.9,0.093,1.32,10.8,0.014,0.107,0.059,8.2,0.525,0.546,0.208,103.39,8.3
163,Jrue Holiday,NOP,30,55,24,31,34.9,110.5,109.9,0.6,0.289,2.39,24.6,0.034,0.096,0.065,10.3,0.514,0.535,0.244,104.13,11.7
163,Nerlens Noel,OKC,26,55,35,20,18.4,107.5,105.7,1.8,0.081,0.98,13.1,0.083,0.176,0.131,13.3,0.687,0.714,0.152,99.9,13.2
163,Danilo Gallinari,OKC,31,55,33,22,30.7,116.8,111.8,5.1,0.101,1.61,10.8,0.02,0.16,0.092,6.7,0.549,0.611,0.24,99.13,13
163,Chris Boucher,TOR,27,55,39,16,13.2,108.3,102.9,5.4,0.049,1,6.6,0.12,0.182,0.151,6.6,0.512,0.57,0.183,102.17,12.3
163,Jerome Robinson,WAS,23,55,35,20,13.6,105.4,103.2,2.2,0.117,1.91,19.8,0.011,0.115,0.063,10.4,0.419,0.439,0.139,109.03,4.4
179,Luka Doncic,DAL,21,54,34,20,33.3,117,110.8,6.2,0.448,2.07,23.4,0.037,0.222,0.132,11.3,0.531,0.584,0.358,100.95,19.3
179,Willie Cauley-Stein,DAL,26,54,16,38,20.3,102.2,107.7,-5.5,0.098,1.75,15.9,0.072,0.202,0.136,9.1,0.579,0.589,0.144,100.68,11.3
179,Andrew Wiggins,GSW,25,54,15,39,34.4,107.7,112.8,-5.1,0.18,1.5,13.9,0.033,0.11,0.07,9.3,0.504,0.536,0.269,103.46,10.4
179,Kyle Kuzma,LAL,24,54,43,11,24.6,109.8,104.5,5.3,0.075,0.81,8.7,0.035,0.134,0.086,10.7,0.491,0.522,0.224,103.58,8.2
179,Jaren Jackson Jr.,MEM,20,54,28,26,28,108.4,111.5,-3.1,0.076,0.81,8,0.034,0.124,0.079,9.9,0.564,0.59,0.237,104.34,8.8
179,Solomon Hill,MIA,29,54,28,26,18.4,109.4,111,-1.6,0.126,2.09,23.7,0.027,0.12,0.075,11.4,0.522,0.542,0.132,104.15,6.7
179,Jimmy Butler,MIA,30,54,36,18,34.3,113.4,108.5,4.9,0.284,2.81,23.9,0.054,0.137,0.097,8.5,0.474,0.583,0.248,97.96,15.7
179,Goran Dragic,MIA,34,54,34,20,28.4,111,108.7,2.3,0.293,2.05,23.4,0.017,0.086,0.053,11.4,0.526,0.571,0.247,100.54,11.1
179,JJ Redick,NOP,36,54,24,30,26.4,112.2,112.4,-0.2,0.106,1.66,13.6,0.006,0.086,0.046,8.2,0.59,0.639,0.193,106.01,9.6
179,Nikola Vucevic,ORL,29,54,25,29,32.6,109.4,109.8,-0.4,0.186,2.62,16.1,0.071,0.27,0.167,6.2,0.515,0.54,0.256,99.73,14.9
179,Ben Simmons,PHI,23,54,33,21,35.7,109.1,106.9,2.2,0.34,2.3,32,0.054,0.158,0.106,13.9,0.587,0.608,0.205,100.98,14.5
179,Elie Okobo,PHX,22,54,22,32,13.1,105.8,109.1,-3.3,0.227,2.97,31.2,0.022,0.101,0.061,10.5,0.467,0.511,0.149,101.1,7.7
179,Davis Bertans,WAS,27,54,20,34,29.3,113.6,113.9,-0.3,0.081,1.56,11.4,0.021,0.13,0.074,7.3,0.598,0.628,0.183,105.96,9.4
192,Marcus Smart,BOS,26,53,34,19,32.5,110.9,104.3,6.7,0.214,2.89,24.9,0.021,0.089,0.055,8.6,0.481,0.519,0.187,101.16,9.2
192,Bismack Biyombo,CHA,27,53,18,35,19.4,104.1,110.8,-6.6,0.079,1.04,11.2,0.112,0.178,0.145,10.8,0.543,0.57,0.168,96.39,9.7
192,Mason Plumlee,DEN,30,53,35,18,17,107.2,106.4,0.8,0.198,1.74,24.6,0.092,0.199,0.145,14.1,0.617,0.615,0.176,101.57,12.2
192,Russell Westbrook,HOU,31,53,34,19,35.9,110.3,106.7,3.6,0.338,1.57,19,0.044,0.16,0.102,12.1,0.495,0.539,0.33,107.2,14.8
192,Darius Bazley,OKC,20,53,32,21,17.2,98.3,101.6,-3.3,0.046,0.73,9,0.022,0.173,0.1,12.4,0.448,0.475,0.137,101.69,7.7
192,Gary Trent Jr.,POR,21,53,23,30,20,108.8,113.2,-4.4,0.067,2.63,11.5,0.017,0.058,0.038,4.4,0.537,0.555,0.151,102.11,6.6
192,Trevor Ariza,POR,35,53,22,31,28.2,109,109.3,-0.3,0.081,1.63,18.1,0.022,0.137,0.08,11.1,0.557,0.593,0.117,100.74,7.7
192,Bogdan Bogdanovic,SAC,27,53,26,27,28.5,108.1,110.3,-2.2,0.18,1.9,18,0.011,0.103,0.056,9.5,0.541,0.56,0.22,98.58,9.8
192,Lonnie Walker IV,SAS,21,53,24,29,14.5,108,109.4,-1.5,0.087,1.48,12.5,0.025,0.118,0.072,8.4,0.489,0.515,0.178,102.14,6.8
192,LaMarcus Aldridge,SAS,34,53,23,30,33.1,110.2,113.4,-3.2,0.117,1.74,12,0.058,0.162,0.11,6.9,0.532,0.571,0.236,99.82,12
192,Pascal Siakam,TOR,26,53,40,13,35.5,112.8,104,8.7,0.165,1.45,13.3,0.03,0.166,0.101,9.2,0.517,0.559,0.282,101.81,13.2
203,Markieff Morris,LAL,30,52,20,32,21.3,104.7,110.2,-5.5,0.102,0.99,12.1,0.03,0.144,0.088,12.3,0.54,0.568,0.205,101.1,8.4
203,De'Anthony Melton,MEM,22,52,25,27,19.4,111.4,105.2,6.2,0.201,2.01,24.8,0.035,0.139,0.089,12.3,0.472,0.525,0.189,105.8,10
203,Marvin Williams,MIL,34,52,20,32,19.4,106.2,110,-3.8,0.08,2,15.8,0.019,0.126,0.071,7.9,0.546,0.585,0.125,101.09,7.4
203,George Hill,MIL,34,52,44,8,21.2,113,101.4,11.5,0.189,3.08,26.5,0.039,0.085,0.063,8.6,0.638,0.668,0.155,104.52,11.9
203,Nicolo Melli,NOP,29,52,24,28,17.1,105.3,110.8,-5.5,0.109,1.6,16.2,0.038,0.134,0.084,10.1,0.559,0.583,0.159,104.09,7.7
203,Marco Belinelli,SAS,34,52,23,29,15,111.2,109.2,1.9,0.106,4,17.5,0.005,0.103,0.055,4.4,0.496,0.521,0.161,103.43,6.8
203,Rondae Hollis-Jefferson,TOR,25,52,36,16,19.2,108.5,103.4,5.1,0.135,1.84,18.3,0.091,0.141,0.116,10,0.475,0.533,0.164,101.46,10.3
203,Kyle Lowry,TOR,34,52,36,16,36.6,111.1,105,6.1,0.309,2.59,28.2,0.015,0.108,0.063,10.9,0.52,0.589,0.225,102.15,12.3
211,Enes Kanter,BOS,28,51,32,19,17.5,112,103.7,8.3,0.082,0.94,10.9,0.15,0.266,0.209,11.6,0.568,0.594,0.185,100.18,15.5
211,Kris Dunn,CHI,26,51,19,32,24.9,103.5,103.6,-0.1,0.198,2.54,28.5,0.017,0.132,0.073,11.2,0.487,0.51,0.145,101.61,8.2
211,Kristaps Porzingis,DAL,24,51,30,21,31.3,115.7,107.1,8.6,0.086,1.06,8.3,0.053,0.222,0.14,7.8,0.498,0.54,0.258,101.32,12.4
211,Kawhi Leonard,LAC,29,51,38,13,32.2,115.7,104.3,11.4,0.262,1.81,16.4,0.03,0.18,0.107,9,0.521,0.585,0.328,100.86,19.3
211,Patrick Patterson,LAC,31,51,34,17,11.9,108.1,103.6,4.4,0.071,1.72,12.3,0.046,0.138,0.092,7.1,0.551,0.576,0.147,104.56,8.6
211,Derrick Jones Jr.,MIA,23,51,31,20,24.5,109.2,110.1,-0.9,0.069,2.11,12.6,0.046,0.118,0.083,5.9,0.567,0.609,0.137,99.85,8.7
211,Frank Jackson,NOP,22,51,24,27,12.9,108.6,114.6,-5.9,0.086,0.95,11.1,0.026,0.072,0.049,11.7,0.461,0.5,0.196,108.09,4.3
211,E'Twaun Moore,NOP,31,51,26,25,18.8,108.8,110.7,-1.9,0.109,1.92,13.5,0.027,0.095,0.06,7.1,0.498,0.509,0.196,103.53,7.2
211,Shabazz Napier,WAS,28,51,16,35,24.2,106,108.6,-2.6,0.307,2.28,30.3,0.018,0.1,0.057,13.3,0.498,0.555,0.192,104.23,10.6
220,Jaylen Brown,BOS,23,50,33,17,34,113.4,106.9,6.5,0.1,0.94,10,0.031,0.148,0.09,10.6,0.559,0.589,0.245,99.67,11.4
220,Kemba Walker,BOS,30,50,33,17,31.8,116,108.5,7.5,0.233,2.31,19.4,0.02,0.104,0.062,8.4,0.52,0.569,0.273,100.3,13.2
220,Lauri Markkanen,CHI,23,50,18,32,29.8,105.3,107.3,-2,0.077,0.91,9.1,0.038,0.174,0.104,10,0.517,0.56,0.209,101.72,10.3
220,Kevin Porter Jr.,CLE,20,50,15,35,23.2,102,113.2,-11.2,0.147,1.17,16.4,0.018,0.121,0.068,14,0.505,0.535,0.202,100.15,6.9
220,Torrey Craig,DEN,29,50,35,15,17.4,105.7,111.1,-5.4,0.055,1.55,12.4,0.054,0.122,0.088,8,0.548,0.559,0.118,98.63,5.6
220,Derrick Rose,DET,31,50,17,33,26,108.8,112.2,-3.4,0.373,2.21,22.9,0.021,0.071,0.046,10.4,0.52,0.555,0.303,101.76,14
220,Rodney McGruder,LAC,28,50,33,17,15,108.2,107.5,0.7,0.052,1.43,13.8,0.033,0.12,0.078,9.6,0.462,0.472,0.1,106.72,4.5
220,Brandon Clarke,MEM,23,50,27,23,21.7,108.2,107.1,1.1,0.097,1.57,12.8,0.069,0.177,0.125,8.2,0.648,0.67,0.183,106.01,14.4
220,Kyle Korver,MIL,39,50,40,10,16.7,110.7,102.7,7.9,0.093,1.45,16.4,0.016,0.088,0.054,11.3,0.595,0.613,0.147,108.14,7.3
220,Terrance Ferguson,OKC,22,50,30,20,23.4,107.9,110.8,-3,0.052,1.5,15.9,0.021,0.041,0.032,10.6,0.487,0.504,0.091,98.36,1
220,Jevon Carter,PHX,24,50,21,29,15.1,103.5,107.2,-3.8,0.129,2.1,20.8,0.033,0.095,0.064,9.9,0.512,0.535,0.138,102.89,6.8
220,Carmelo Anthony,POR,36,50,22,28,32.5,112.8,112.5,0.3,0.069,0.91,8.7,0.037,0.142,0.091,9.6,0.479,0.517,0.218,100.11,7.8
220,Serge Ibaka,TOR,30,50,36,14,27.5,109.5,105,4.5,0.087,0.73,8.6,0.073,0.202,0.14,11.8,0.571,0.593,0.237,101.84,12.8
220,Tony Bradley,UTA,22,50,33,17,10.7,110.1,106.8,3.3,0.046,0.74,8,0.16,0.22,0.19,10.8,0.668,0.675,0.15,103.28,12.1
234,Damion Lee,GSW,27,49,12,37,29,105.6,109.7,-4.1,0.139,1.99,17.5,0.021,0.144,0.081,8.8,0.5,0.548,0.184,103.05,8.9
234,Goga Bitadze,IND,20,49,29,20,8.4,101.6,104.1,-2.6,0.071,0.84,11,0.053,0.155,0.108,13.1,0.496,0.53,0.173,104.88,7.5
234,Avery Bradley,LAL,29,49,36,13,24.2,111.3,104,7.4,0.07,1.34,12.5,0.015,0.077,0.047,9.3,0.526,0.537,0.153,103.08,5.5
234,Meyers Leonard,MIA,28,49,34,15,20.1,111.1,105.5,5.6,0.076,1.51,16.6,0.029,0.217,0.127,10.9,0.635,0.64,0.12,97.87,8.7
234,Omari Spellman,MIN,22,49,11,38,18.1,101.2,109.7,-8.5,0.086,0.87,10.8,0.076,0.155,0.114,12.4,0.503,0.551,0.177,102.39,9.8
234,D.J. Augustin,ORL,32,49,25,24,24.8,106.1,104.1,2,0.28,3.23,29.8,0.014,0.071,0.042,9.2,0.469,0.548,0.184,99.17,10.5
234,Raul Neto,PHI,28,49,27,22,11.5,100.6,98.7,1.8,0.214,1.83,24.9,0.019,0.069,0.045,13.6,0.531,0.562,0.172,101.33,8.9
234,Cameron Johnson,PHX,24,49,20,29,20.3,105.6,108.3,-2.7,0.078,1.79,12.2,0.037,0.101,0.068,6.8,0.558,0.576,0.154,104.14,7.8
234,Alex Len,SAC,27,49,15,34,18.3,101.9,107.5,-5.6,0.085,0.94,10.7,0.096,0.195,0.146,11.4,0.579,0.596,0.178,104.67,12
243,Cody Martin,CHA,24,48,16,32,18.8,104.5,107.7,-3.2,0.154,2.16,25.4,0.039,0.14,0.086,11.8,0.473,0.505,0.131,98.77,7.6
243,Michael Porter Jr.,DEN,22,48,33,15,14,111.8,111.1,0.8,0.075,1,9.4,0.074,0.216,0.143,9.4,0.57,0.589,0.204,102.24,11.5
243,Malcolm Brogdon,IND,27,48,30,18,30.7,108.6,105.7,2.9,0.353,2.98,29,0.028,0.123,0.076,9.7,0.485,0.537,0.247,98.9,13.5
243,Patrick Beverley,LAC,31,48,37,11,27.1,113.7,104,9.7,0.182,2.8,30.5,0.041,0.144,0.093,10.9,0.543,0.554,0.129,101.57,8.8
243,Rajon Rondo,LAL,34,48,37,11,20.5,108.7,107.3,1.4,0.34,2.64,35.3,0.022,0.119,0.07,13.4,0.48,0.494,0.184,101.73,10.4
243,Juancho Hernangomez,MIN,24,48,24,24,17.4,108.6,110.9,-2.3,0.063,1.25,11.4,0.046,0.184,0.111,9.1,0.494,0.518,0.149,105.27,7.2
243,Damyean Dotson,NYK,26,48,14,34,17.4,102.5,107.8,-5.3,0.105,2.71,15,0.011,0.091,0.05,5.5,0.516,0.527,0.158,101.48,7.9
243,Abdel Nader,OKC,26,48,33,15,15.8,100.6,103.9,-3.4,0.07,0.97,11.1,0.018,0.095,0.057,11.4,0.543,0.58,0.16,101.8,7.1
243,Josh Richardson,PHI,26,48,29,19,30.7,108,104.2,3.8,0.147,1.63,17,0.024,0.08,0.053,10.5,0.49,0.526,0.205,100.24,8.1
243,Nassir Little,POR,20,48,22,26,11.9,109.5,112.7,-3.2,0.05,1.47,10.6,0.048,0.12,0.084,7.2,0.477,0.505,0.131,104.18,5
243,Fred VanVleet,TOR,26,48,35,13,35.8,109.9,104.8,5.1,0.275,2.88,26.4,0.01,0.087,0.05,9.2,0.503,0.546,0.22,100.81,11.2
243,Emmanuel Mudiay,UTA,24,48,32,16,15.7,106.5,105.3,1.3,0.217,1.65,21.7,0.023,0.117,0.072,13.2,0.517,0.55,0.214,103.01,10
255,Landry Shamet,LAC,23,47,31,16,27.5,112.5,107.6,4.9,0.089,2.42,17.4,0.004,0.058,0.032,7.2,0.566,0.599,0.131,103.43,5.2
255,Anthony Tolliver,MEM,35,47,22,25,15.6,105.8,113,-7.2,0.06,1.1,14.4,0.037,0.133,0.083,13.1,0.474,0.497,0.11,103.47,4.5
255,Tyler Herro,MIA,20,47,31,16,27.2,106.9,108.6,-1.7,0.116,1.26,12.5,0.011,0.126,0.07,9.9,0.507,0.534,0.21,100.23,9.2
255,Mario Hezonja,POR,25,47,20,27,16.3,103.7,112.7,-9,0.077,1.14,14.4,0.031,0.154,0.094,12.7,0.484,0.532,0.134,104.13,6.8
259,Jeremy Lamb,IND,28,46,27,19,28.1,108.9,109.8,-0.9,0.107,1.92,14.2,0.019,0.135,0.079,7.4,0.506,0.547,0.195,99.33,9.5
260,Gordon Hayward,BOS,30,45,29,16,33.4,113,104.9,8,0.18,2.34,20.1,0.029,0.156,0.094,8.6,0.563,0.593,0.204,101.8,13.3
260,Ky Bowman,GSW,23,45,9,36,22.6,99.8,108.2,-8.4,0.202,1.87,24.3,0.022,0.093,0.057,13,0.469,0.494,0.168,101.63,6.7
260,Sterling Brown,MIL,25,45,36,9,14.8,105.3,100,5.3,0.096,1.28,14.7,0.039,0.173,0.109,11.5,0.45,0.478,0.16,106.22,8.1
260,D'Angelo Russell,MIN,24,45,11,34,32.3,106.2,114.3,-8.1,0.327,1.94,20.8,0.011,0.107,0.057,10.7,0.519,0.556,0.305,104.75,12.5
260,Derrick Favors,NOP,28,45,22,23,24.2,113.2,107.4,5.8,0.091,1.47,16.5,0.124,0.248,0.187,11.2,0.621,0.624,0.139,104.51,13
260,Elfrid Payton,NYK,26,45,17,28,27.7,109.4,112.3,-3,0.347,3.36,36,0.039,0.126,0.081,10.7,0.455,0.47,0.19,100.5,11.1
260,Wes Iwundu,ORL,25,45,21,24,18,103.6,103.2,0.4,0.079,2.56,15.7,0.026,0.109,0.066,6.1,0.451,0.521,0.128,100.77,6.5
260,De'Aaron Fox,SAC,22,45,19,26,31.7,110.8,113.7,-2.9,0.333,2.16,23.9,0.02,0.106,0.063,11.1,0.509,0.556,0.287,102.07,12.3
268,Dewayne Dedmon,ATL,30,44,17,27,17.6,107.4,108.1,-0.7,0.041,0.39,6.3,0.075,0.241,0.157,16.4,0.443,0.473,0.179,100.29,6.5
268,Javonte Green,BOS,26,44,30,14,9.4,105.1,105.1,-0.1,0.076,1.28,14.7,0.044,0.135,0.092,11.5,0.531,0.558,0.133,103.43,8.3
268,Paul Millsap,DEN,35,44,27,17,24.4,113.5,102.2,11.3,0.091,1.15,12.3,0.08,0.158,0.12,10.7,0.548,0.598,0.2,98.1,10.8
268,Joel Embiid,PHI,26,44,28,16,30.2,106.2,101.4,4.8,0.185,1.01,12,0.089,0.278,0.186,11.8,0.514,0.593,0.313,101.91,19.7
268,Cheick Diallo,PHX,23,44,17,27,10.6,104.5,109,-4.6,0.077,0.73,10.7,0.06,0.212,0.136,14.6,0.653,0.688,0.166,101.88,12.1
268,Yogi Ferrell,SAC,27,44,17,27,11,100.5,103.8,-3.3,0.19,2.36,21.9,0.012,0.091,0.049,9.3,0.453,0.499,0.182,100.49,8.6
268,Norman Powell,TOR,27,44,33,11,28.8,110.7,104,6.7,0.094,1.22,10.9,0.018,0.095,0.058,9,0.593,0.629,0.21,103.33,11.1
275,DeAndre' Bembry,ATL,25,43,10,33,21.3,98.9,110.6,-11.8,0.13,1.35,20.7,0.034,0.123,0.077,15.3,0.489,0.5,0.137,105.69,6.9
275,Daniel Gafford,CHI,21,43,15,28,14.2,102.6,104.5,-1.9,0.051,0.72,10,0.081,0.092,0.087,13.7,0.701,0.686,0.131,102.14,7.6
275,Wendell Carter Jr.,CHI,21,43,15,28,29.2,104.8,105.3,-0.5,0.062,0.71,9.5,0.102,0.216,0.156,13.4,0.542,0.59,0.162,100.79,10.3
275,Shaquille Harrison,CHI,26,43,14,29,11.3,106.5,99.7,6.8,0.147,2.58,19.1,0.042,0.139,0.087,7.4,0.515,0.559,0.176,101.88,11.4
275,Draymond Green,GSW,30,43,10,33,28.4,103.2,110.4,-7.2,0.31,2.71,37.1,0.018,0.192,0.104,13.7,0.446,0.489,0.156,102.94,10
280,Troy Daniels,DEN,28,42,32,10,10.9,102.6,102.6,0,0.045,1.56,7.5,0.024,0.067,0.046,4.8,0.516,0.524,0.155,102.82,5.8
280,Paul George,LAC,30,42,30,12,29.1,114,105.7,8.3,0.208,1.43,15.8,0.018,0.165,0.093,11,0.53,0.582,0.292,102.49,14.4
280,Marko Guduric,MEM,25,42,18,24,11.3,104.4,107.7,-3.3,0.129,1.25,18.4,0.028,0.114,0.071,14.8,0.477,0.515,0.169,105.43,6.5
280,Michael Carter-Williams,ORL,28,42,19,23,18.4,108.7,107.3,1.4,0.195,2.13,23.7,0.052,0.124,0.086,11.2,0.475,0.539,0.175,99.85,10.1
280,Aron Baynes,PHX,33,42,19,23,22.2,110.2,111.7,-1.5,0.108,1.34,12.7,0.075,0.178,0.126,9.5,0.558,0.581,0.205,103.02,9.4
285,John Collins,ATL,22,41,15,26,33.2,107,112.1,-5.1,0.075,0.8,7.5,0.08,0.208,0.144,9.3,0.632,0.659,0.224,104.32,15.2
285,Thabo Sefolosha,HOU,36,41,27,14,10.6,110.7,106.7,3.9,0.074,1.67,18.7,0.043,0.152,0.096,11.2,0.489,0.487,0.1,106.61,6.4
285,Chris Silva,MIA,23,41,27,14,7.5,105.7,109.1,-3.4,0.104,0.68,14.5,0.171,0.174,0.172,21.4,0.623,0.663,0.159,102.43,8
285,Nickeil Alexander-Walker,NOP,21,41,18,23,12.2,108.1,113.3,-5.1,0.207,1.85,20.9,0.015,0.135,0.074,11.3,0.427,0.441,0.227,105.15,6.2
285,Mike Muscala,OKC,28,41,23,18,12,102.3,104.9,-2.6,0.104,2.43,15.7,0.026,0.161,0.093,6.5,0.538,0.56,0.158,104.53,8.2
285,Mike Conley,UTA,32,41,24,17,28.6,109.1,107.6,1.6,0.235,2.34,22.6,0.023,0.086,0.055,9.6,0.488,0.527,0.222,100.41,9.3
285,Rui Hachimura,WAS,22,41,15,26,29.7,109.9,117.8,-7.8,0.083,1.71,11.3,0.049,0.159,0.102,6.6,0.5,0.543,0.186,103.46,9.2
292,Alfonzo McKinnie,CLE,27,40,11,29,14.8,105.6,113,-7.4,0.032,0.54,6.2,0.061,0.131,0.095,11.6,0.468,0.493,0.147,101.43,4.7
292,Dwight Powell,DAL,28,40,25,15,26.5,116.3,107.4,8.9,0.076,1.64,15.8,0.071,0.132,0.102,9.7,0.659,0.677,0.126,99.41,9.4
292,John Henson,DET,29,40,8,32,15,104,104.7,-0.7,0.133,1.5,19.2,0.077,0.191,0.134,12.8,0.579,0.578,0.16,100.77,10.8
292,Jeff Green,HOU,33,40,24,16,18.9,105.7,108.3,-2.7,0.065,0.89,8.8,0.03,0.112,0.072,9.9,0.536,0.575,0.185,102.68,8.3
292,Jared Dudley,LAL,34,40,29,11,7.8,100,97.5,2.5,0.086,3.17,25,0.016,0.113,0.067,7.9,0.56,0.57,0.08,99.23,5.6
292,Khem Birch,ORL,27,40,16,24,19.4,101.4,107.6,-6.2,0.065,1.52,17.2,0.081,0.145,0.111,11.3,0.487,0.529,0.092,98.81,6.1
292,Isaiah Thomas,WAS,31,40,14,26,23.1,109.8,120.2,-10.4,0.224,1.9,21.3,0.011,0.063,0.036,11.3,0.5,0.531,0.236,105.14,7
299,Clint Capela,ATL,26,39,22,17,32.8,110,107.4,2.5,0.056,0.76,8.8,0.118,0.265,0.191,11.6,0.629,0.626,0.156,104.64,14.3
299,Rodions Kurucs,BKN,22,39,13,26,12.8,99.5,101.7,-2.3,0.095,0.94,15.3,0.032,0.132,0.084,16.3,0.541,0.554,0.145,106.02,6.4
299,Caris LeVert,BKN,25,39,18,21,29,108.4,108.5,-0.1,0.229,1.62,17,0.032,0.095,0.064,10.5,0.473,0.509,0.277,102.85,10.5
299,Timothe Luwawu-Cabarrot,BKN,25,39,15,24,17.2,99.9,103.8,-3.8,0.058,0.78,9,0.031,0.085,0.059,11.6,0.508,0.563,0.153,103.55,5.5
299,Dwayne Bacon,CHA,24,39,10,29,17.6,100.9,109.1,-8.2,0.121,1.41,14.6,0.02,0.124,0.069,10.4,0.387,0.419,0.189,99.14,4.9
299,Keita Bates-Diop,DEN,24,39,10,29,17.1,98.7,109.4,-10.7,0.073,2.14,10.6,0.027,0.129,0.076,5,0.502,0.541,0.155,104.07,8.8
299,Richaun Holmes,SAC,26,39,15,24,28.9,110.3,108.8,1.6,0.053,0.8,8.6,0.103,0.187,0.144,10.8,0.654,0.685,0.159,98.36,12
306,Sekou Doumbouya,DET,19,38,10,28,19.8,104,114.8,-10.8,0.037,0.54,6.2,0.026,0.137,0.079,11.4,0.449,0.474,0.164,98.84,3.9
306,Quinn Cook,LAL,27,38,30,8,10.8,109.1,100.3,8.8,0.14,1.6,16.6,0.016,0.071,0.045,10.4,0.512,0.517,0.201,102.93,7.7
306,Hamidou Diallo,OKC,21,38,21,17,18.4,104.3,102.4,1.9,0.045,0.59,7.4,0.04,0.119,0.081,12.5,0.468,0.488,0.164,102.95,5.3
306,Harry Giles III,SAC,22,38,19,19,15.2,106.6,114.3,-7.7,0.128,1.4,15.8,0.058,0.244,0.147,11.3,0.56,0.586,0.197,101.2,10.3
306,Thomas Bryant,WAS,22,38,14,24,23.7,110.6,117.6,-7,0.112,1.48,15.2,0.081,0.202,0.141,10.3,0.635,0.659,0.18,105.07,12.2
306,Ian Mahinmi,WAS,33,38,15,23,21.3,109.5,114,-4.5,0.084,1.09,13.9,0.089,0.176,0.13,12.8,0.507,0.545,0.154,102.05,7.8
312,Boban Marjanovic,DAL,31,37,19,18,9.1,117.6,109,8.6,0.059,0.5,5.6,0.156,0.284,0.221,11.2,0.566,0.599,0.264,101.43,15.1
312,Jordan McRae,DET,29,37,12,25,21.2,109.7,113.7,-4.1,0.174,2.16,16.9,0.022,0.139,0.078,7.8,0.469,0.515,0.239,104.59,9.3
312,Allen Crabbe,MIN,28,37,5,32,17.6,97.5,112.5,-15,0.073,1.94,14.2,0.014,0.098,0.053,7.3,0.458,0.47,0.122,106.22,4.3
312,Patrick McCaw,TOR,24,37,27,10,24.5,106.1,105.5,0.6,0.118,2.72,28.4,0.02,0.068,0.045,10.4,0.485,0.5,0.093,101.83,5
312,Moritz Wagner,WAS,23,37,14,23,19.1,109.6,111.1,-1.5,0.103,0.89,13.3,0.068,0.203,0.133,14.9,0.625,0.666,0.181,107.61,10
317,Luke Kornet,CHI,24,36,11,25,15.5,103.4,107,-3.6,0.082,2.29,13,0.037,0.118,0.075,5.7,0.521,0.539,0.163,101.45,7.3
317,Denzel Valentine,CHI,26,36,12,24,13.6,99.7,104.7,-5,0.147,1.65,13.9,0.016,0.138,0.072,8.4,0.506,0.511,0.229,100.55,9.4
317,Wayne Ellington,NYK,32,36,9,27,15.5,102.4,105.5,-3.1,0.117,2.44,18.3,0.007,0.104,0.054,7.5,0.494,0.509,0.146,99.59,6.8
317,Marc Gasol,TOR,35,36,28,8,27.5,110.6,100.2,10.4,0.166,2.88,29.7,0.029,0.18,0.109,10.3,0.528,0.546,0.127,101.81,9.2
321,Dzanan Musa,BKN,21,35,17,18,11.5,100.1,105.5,-5.3,0.116,1.07,14.1,0.042,0.112,0.077,13.2,0.414,0.467,0.187,104.85,6.6
321,Wilson Chandler,BKN,33,35,16,19,21,101.7,108.2,-6.4,0.08,1.15,14.7,0.014,0.164,0.091,12.8,0.505,0.531,0.128,102.59,6.5
321,Carsen Edwards,BOS,22,35,24,11,9,93,99.4,-6.4,0.116,1.47,14.2,0.016,0.108,0.059,9.7,0.42,0.446,0.168,105.05,5.1
321,Dante Exum,CLE,24,35,10,25,13.9,98.2,107.1,-8.8,0.124,1.29,19,0.024,0.109,0.066,14.8,0.534,0.576,0.145,101.12,7.5
321,Terance Mann,LAC,23,35,22,13,7.7,103.3,102.2,1.2,0.185,2.71,34.2,0.014,0.098,0.057,12.6,0.435,0.472,0.109,106.96,4.8
321,Karl-Anthony Towns,MIN,24,35,10,25,33.9,113.9,115.4,-1.5,0.21,1.39,15.7,0.075,0.24,0.155,11.3,0.6,0.642,0.278,104.69,16.8
321,Kenrich Williams,NOP,25,35,12,23,22.3,105.8,108.2,-2.3,0.088,2.52,23.5,0.056,0.158,0.105,9.3,0.43,0.43,0.09,103.55,5.4
321,Gary Clark,ORL,25,35,20,15,12.1,105.8,107.4,-1.6,0.05,3,12,0.055,0.124,0.089,4,0.515,0.534,0.103,104.3,6.5
329,Brandon Goodwin,ATL,24,34,13,21,12.7,94.5,108.2,-13.8,0.208,1.76,18,0.023,0.132,0.076,10.2,0.468,0.507,0.22,104.54,9.4
329,Eric Gordon,HOU,31,34,21,13,28.6,111.7,110.3,1.4,0.079,1.44,9.2,0.007,0.054,0.03,6.4,0.475,0.511,0.211,107.36,5.6
329,Dennis Smith Jr.,NYK,22,34,7,27,15.8,95.7,112.8,-17.1,0.297,1.69,25.1,0.034,0.102,0.067,14.8,0.379,0.399,0.223,101.15,4.9
329,Deonte Burton,OKC,26,34,20,14,8.4,93.2,105.2,-12,0.063,0.79,8.2,0.02,0.124,0.074,10.4,0.419,0.426,0.184,104.4,4.3
329,Justin James,SAC,23,34,13,21,6.4,96.8,98.3,-1.6,0.116,2,14.3,0.026,0.11,0.067,7.1,0.481,0.487,0.184,104.04,7.9
334,Skal Labissiere,ATL,24,33,14,19,17.2,107.8,106.5,1.3,0.106,1.4,17.9,0.105,0.155,0.131,12.8,0.561,0.588,0.139,103.4,9.3
334,Theo Pinson,BKN,24,33,15,18,11.1,95.1,99.7,-4.6,0.24,1.7,22.4,0.024,0.101,0.064,13.2,0.339,0.37,0.218,102.85,5.1
334,Noah Vonleh,DEN,24,33,13,20,11,98.3,103.3,-5.1,0.115,1.29,17.9,0.087,0.208,0.147,13.9,0.579,0.621,0.136,106.45,12.7
334,Jabari Parker,SAC,25,33,7,26,25.8,108.4,116.1,-7.7,0.108,1,10.9,0.061,0.169,0.113,10.9,0.538,0.561,0.234,104.68,10.8
334,Matt Thomas,TOR,25,33,24,9,9.7,101.9,102.1,-0.2,0.085,1.42,11.9,0.018,0.108,0.063,8.4,0.644,0.65,0.155,102.77,9.9
339,James Johnson,MIN,33,32,14,18,19.4,109.1,113.8,-4.6,0.177,1.54,20.7,0.038,0.145,0.09,13.4,0.556,0.572,0.186,105.48,8.6
339,Jonathan Isaac,ORL,22,32,13,19,29.7,105.5,105.2,0.3,0.07,0.94,9.9,0.057,0.174,0.114,10.6,0.509,0.542,0.181,99.61,10.5
339,Shake Milton,PHI,23,32,19,13,19.1,112.7,111.3,1.4,0.17,1.87,20.3,0.018,0.095,0.056,10.9,0.608,0.633,0.194,100.04,9
339,Frank Kaminsky,PHX,27,32,12,20,22.4,106.6,108.9,-2.3,0.151,2.15,16.9,0.039,0.177,0.106,7.8,0.525,0.554,0.202,104.38,10.2
343,Willy Hernangomez,CHA,26,31,7,24,12.1,102.2,104.8,-2.6,0.136,0.97,12.8,0.105,0.243,0.171,13.3,0.55,0.576,0.222,98.76,14.4
343,D.J. Wilson,MIL,24,31,27,4,9,96.6,103.1,-6.5,0.12,1.47,15.5,0.035,0.169,0.108,10.6,0.465,0.476,0.172,106.14,7.6
343,Kelan Martin,MIN,24,31,12,19,16,101.4,103.1,-1.7,0.071,1.15,9.7,0.021,0.154,0.085,8.4,0.461,0.506,0.171,106.45,7.7
343,Tyler Johnson,PHX,28,31,11,20,16.6,99.1,107.2,-8.1,0.149,2.08,19.2,0.018,0.076,0.047,9.2,0.45,0.481,0.169,105.3,5.6
347,Grayson Allen,MEM,24,30,14,16,16.6,105.2,111.6,-6.5,0.119,1.87,16.8,0.009,0.118,0.063,9,0.543,0.577,0.173,105.99,8.2
347,Naz Reid,MIN,20,30,8,22,16.5,108.4,107.6,0.7,0.106,1.59,10.9,0.06,0.176,0.115,6.8,0.477,0.505,0.234,105.6,8.5
347,Jordan McLaughlin,MIN,24,30,7,23,19.7,105.3,111.1,-5.8,0.303,4.03,35.8,0.01,0.079,0.04,8.9,0.57,0.587,0.151,106.5,11
347,Deandre Ayton,PHX,21,30,12,18,33.2,110.5,108.4,2.2,0.093,0.8,9.1,0.124,0.229,0.177,11.3,0.548,0.571,0.237,102.26,14.1
351,Chris Clemons,HOU,22,29,18,11,8.7,101.1,107.9,-6.8,0.15,1.29,13.1,0.011,0.071,0.041,10.1,0.536,0.546,0.239,105.82,8.1
351,Jordan Bell,MEM,25,29,8,21,8.8,108,109.7,-1.6,0.09,0.76,13.6,0.11,0.187,0.149,17.8,0.552,0.577,0.159,104.75,9.6
351,Jacob Evans,MIN,23,29,8,21,14.4,99,110,-11,0.12,1.24,15.2,0.019,0.077,0.046,12.3,0.384,0.436,0.167,103.95,3.3
351,Reggie Bullock,NYK,29,29,9,20,23.6,103.8,109.6,-5.8,0.087,2.21,14.4,0.018,0.082,0.049,6.5,0.484,0.502,0.153,100.02,5.8
351,Luguentz Dort,OKC,21,29,22,7,22,112.5,107.8,4.6,0.044,1.4,10.1,0.024,0.058,0.042,7.2,0.484,0.521,0.128,99.59,3.1
351,Gary Payton II,WAS,27,29,13,16,14.9,101.7,116.1,-14.3,0.158,2.4,25.7,0.053,0.127,0.088,10.7,0.47,0.473,0.129,102.83,6.9
357,Chandler Hutchison,CHI,24,28,8,20,18.8,97,108.9,-11.9,0.077,0.96,9.9,0.032,0.18,0.101,10.3,0.491,0.521,0.183,105.15,8.6
357,Luke Kennard,DET,24,28,11,17,32.9,109.2,111.3,-2.1,0.188,2.67,21.7,0.01,0.095,0.054,8.1,0.548,0.589,0.193,98.61,9.8
357,Jahlil Okafor,NOP,24,28,9,19,15.1,104.3,116,-11.8,0.13,1,15,0.097,0.164,0.13,15,0.615,0.631,0.193,103.71,10.5
357,Ty Jerome,PHX,22,28,13,15,11.2,97.6,112.5,-14.9,0.225,2.39,24.9,0.017,0.115,0.062,10.4,0.41,0.437,0.166,102.87,6.6
357,Wenyen Gabriel,POR,23,28,9,19,7.5,103,111.8,-8.8,0.053,0.5,10.1,0.076,0.152,0.109,20.3,0.5,0.547,0.132,105.96,4.5
362,Romeo Langford,BOS,20,27,19,8,11,110.5,102.1,8.5,0.026,0.67,6.7,0.043,0.057,0.05,10,0.414,0.465,0.116,101.13,2.3
362,Tim Frazier,DET,29,27,9,18,13.1,100.5,107.4,-6.9,0.391,2.58,39.6,0.024,0.071,0.047,15.3,0.415,0.464,0.171,100.04,6.8
362,Bruno Caboclo,HOU,24,27,10,17,8.1,101.2,104,-2.8,0.082,1.33,12,0.086,0.135,0.11,9,0.442,0.455,0.157,107.64,7.6
362,Caleb Swanigan,POR,23,27,12,15,10.7,108,114.5,-6.5,0.138,0.84,25.4,0.099,0.248,0.176,30.3,0.596,0.597,0.132,104.23,5.4
362,Admiral Schofield,WAS,23,27,9,18,10.8,104.1,109,-4.9,0.068,2,13.7,0.018,0.092,0.054,6.9,0.493,0.514,0.123,103.31,3.7
367,J.J. Barea,DAL,36,26,13,13,15,113.4,108,5.5,0.367,2.83,30.8,0.025,0.098,0.061,10.9,0.494,0.519,0.245,100.06,10.7
367,Derrick Walton Jr.,DET,25,26,15,11,9.6,103.7,104.6,-0.9,0.155,5.4,36,0.007,0.054,0.03,6.7,0.59,0.617,0.079,103.71,5.8
367,Tyson Chandler,HOU,37,26,15,11,8.4,109.7,104.1,5.7,0.037,0.75,15.8,0.097,0.172,0.133,21.1,0.778,0.717,0.057,107.95,6.1
367,JaKarr Sampson,IND,27,26,15,11,13.1,108,106,2.1,0.033,1.29,8.6,0.046,0.127,0.088,6.7,0.605,0.607,0.12,101.72,6.5
367,Kyle O'Quinn,PHI,30,26,17,9,9.9,103.5,112.4,-8.9,0.192,1.94,26.3,0.112,0.259,0.181,13.5,0.535,0.541,0.154,100.56,12.1
372,Brandon Knight,DET,28,25,4,21,18.5,108.8,116.4,-7.6,0.216,1.82,23.8,0.009,0.093,0.047,13.1,0.488,0.503,0.207,98.8,5.2
372,TJ Leaf,IND,23,25,14,11,7.7,95.8,97.6,-1.8,0.045,0.86,6.8,0.099,0.184,0.143,8,0.471,0.485,0.17,105.56,10.2
372,Edmond Sumner,IND,24,25,11,14,13.8,106.6,110.2,-3.7,0.151,2.05,22.2,0.029,0.073,0.052,10.8,0.468,0.485,0.171,101.76,5.6
372,Trey Burke,PHI,27,25,13,12,13.1,110.7,105.9,4.8,0.238,4.42,26.5,0.045,0.061,0.053,6,0.528,0.545,0.188,96.84,10.7
372,Malcolm Miller,TOR,27,25,21,4,5,115.1,98.9,16.3,0.08,2.67,21.1,0.008,0.09,0.052,7.9,0.458,0.432,0.094,102.62,2.9
372,Ed Davis,UTA,31,25,15,10,10.7,94.4,108.2,-13.8,0.045,0.62,13.3,0.102,0.24,0.17,21.7,0.412,0.425,0.084,100.04,4.8
378,Courtney Lee,DAL,34,24,15,9,14.4,116.8,110.1,6.7,0.044,1.09,11.2,0.019,0.07,0.044,10.3,0.616,0.629,0.116,101.35,5.2
378,Allonzo Trier,NYK,24,24,2,22,12.1,100,111.1,-11.1,0.164,1.27,15.9,0.018,0.078,0.046,12.5,0.571,0.62,0.208,102.19,9.2
378,Anzejs Pasecniks,WAS,24,24,9,15,16.9,109.3,108.9,0.4,0.059,0.77,10.1,0.085,0.151,0.116,13.1,0.528,0.555,0.151,103.88,6.1
381,Robert Williams III,BOS,22,23,15,8,14,109.7,108.6,1.2,0.097,1.1,19.1,0.102,0.214,0.159,17.4,0.677,0.671,0.122,101.63,12.5
381,Isaiah Hartenstein,HOU,22,23,16,7,11.6,113.3,104.6,8.7,0.095,1.13,16.1,0.107,0.2,0.156,14.3,0.657,0.674,0.144,105.37,11.8
381,Reggie Jackson,LAC,30,23,11,12,24.2,113.3,105.9,7.4,0.285,2.53,24.3,0.027,0.088,0.058,9.6,0.504,0.533,0.24,99.33,10.4
381,Jake Layman,MIN,26,23,11,12,22,106.6,104.6,2,0.041,0.63,6.5,0.03,0.075,0.052,10.4,0.52,0.544,0.165,109.7,5.9
385,Nicolas Batum,CHA,31,22,6,16,23,108.6,111.9,-3.3,0.173,3,38.2,0.049,0.146,0.097,12.7,0.432,0.463,0.093,97.67,6.8
385,Cristiano Felicio,CHI,27,22,6,16,17.5,111.1,118.8,-7.7,0.053,0.89,16.3,0.144,0.139,0.142,18.4,0.63,0.671,0.088,99.68,6.7
385,Ante Zizic,CLE,23,22,4,18,10,114.2,112.9,1.3,0.038,0.6,6.3,0.084,0.211,0.149,10.5,0.569,0.597,0.168,101.71,10.1
388,Chris Chiozza,BKN,24,21,9,12,11.8,103.7,93.5,10.2,0.289,2.82,33.1,0.021,0.111,0.064,11.7,0.519,0.526,0.157,104.72,10.8
388,Vincent Poirier,BOS,26,21,18,3,5.4,104.3,108.1,-3.8,0.084,1.17,14.3,0.087,0.18,0.137,12.2,0.5,0.54,0.147,108.55,7
388,Michael Kidd-Gilchrist,DAL,26,21,10,11,11,100.4,97.7,2.7,0.09,1,14.3,0.046,0.163,0.105,14.3,0.358,0.401,0.143,98.68,3.9
388,PJ Dozier,DEN,23,21,15,6,11.1,105.6,107.1,-1.6,0.17,2.64,21.3,0.019,0.101,0.059,8.1,0.434,0.449,0.184,103.8,5.6
388,DeMarre Carroll,HOU,33,21,10,11,11,112.8,105,7.7,0.099,1.13,17.1,0.051,0.143,0.1,15.2,0.454,0.523,0.158,103.02,5.4
388,Rodney Hood,POR,27,21,8,13,29.5,112.3,111.6,0.6,0.068,1.68,13.6,0.015,0.092,0.054,8.1,0.608,0.625,0.137,103.31,7.4
394,David Nwaba,BKN,27,20,8,12,13.4,102.1,94.9,7.2,0.046,1,8,0.027,0.109,0.071,8,0.606,0.627,0.139,104.69,9.8
394,Kyrie Irving,BKN,28,20,8,12,32.9,112.7,113.1,-0.4,0.331,2.46,20,0.032,0.12,0.075,8.1,0.546,0.595,0.318,104.28,16.4
394,Kevon Looney,GSW,24,20,6,14,13.1,92.6,110.9,-18.3,0.12,1.67,17.5,0.098,0.151,0.123,10.5,0.373,0.403,0.147,103.12,5.6
394,Norvel Pelle,PHI,27,20,11,9,8.9,97,113.4,-16.4,0.056,0.54,11.5,0.085,0.237,0.16,21.3,0.514,0.521,0.126,100.07,6.1
394,Stanley Johnson,TOR,24,20,15,5,4.8,91.3,96.1,-4.9,0.129,1,16,0.028,0.162,0.098,16,0.29,0.342,0.177,102.96,4.6
399,Evan Turner,MIN,31,19,3,16,13.2,92.2,103.6,-11.4,0.235,1.46,27.9,0.028,0.107,0.067,19.1,0.373,0.424,0.154,107.37,6.2
399,Zion Williamson,NOP,19,19,10,9,29.7,113.5,103.1,10.4,0.111,0.8,9.1,0.093,0.114,0.104,11.3,0.599,0.624,0.282,107.6,14.3
399,Oshae Brissett,TOR,22,19,15,4,7.1,108.1,96.5,11.6,0.074,1,12.7,0.063,0.109,0.087,12.7,0.403,0.458,0.145,100.75,4.2
402,Caleb Martin,CHA,24,18,6,12,17.6,103.2,102.4,0.8,0.122,1.53,17.4,0.03,0.086,0.058,11.4,0.56,0.595,0.152,95.85,7.7
402,Blake Griffin,DET,31,18,8,10,28.5,109.3,111.9,-2.6,0.184,1.48,15.1,0.032,0.128,0.079,10.3,0.406,0.476,0.277,98.24,8.4
402,Josh Jackson,MEM,23,18,9,9,19.8,109.1,105.9,3.3,0.118,1.24,13.7,0.028,0.117,0.073,11,0.513,0.539,0.217,105.84,8.8
402,Thanasis Antetokounmpo,MIL,27,18,15,3,5.2,91.6,104.2,-12.6,0.158,0.82,14.5,0.11,0.073,0.091,17.7,0.528,0.528,0.219,110.29,6.8
402,Amile Jefferson,ORL,27,18,5,13,4.1,96.9,88.4,8.5,0.078,1.33,14.3,0.112,0.163,0.136,10.7,0.357,0.372,0.129,101.71,5.1
402,Al-Farouq Aminu,ORL,29,18,7,11,21.1,94.7,100.1,-5.4,0.088,1.24,15.2,0.053,0.158,0.102,12.3,0.343,0.395,0.127,100.15,6.3
402,Garrison Mathews,WAS,23,18,8,10,12.6,111.8,104.7,7.1,0.063,1.25,11.6,0.025,0.075,0.05,9.3,0.598,0.691,0.137,103.85,7.8
409,Ryan Broekhoff,DAL,29,17,10,7,10.6,115.5,113.4,2.1,0.083,1.83,13.9,0.025,0.202,0.112,7.6,0.542,0.568,0.155,103.4,8.4
410,Jalen McDaniels,CHA,22,16,7,9,18.3,105.3,108.8,-3.6,0.069,1.18,12.9,0.05,0.172,0.11,10.9,0.536,0.574,0.131,96.06,7.5
410,Dragan Bender,GSW,22,16,10,6,17.8,105.9,104.8,1.1,0.142,1.33,19,0.06,0.183,0.126,14.3,0.527,0.545,0.18,103.13,7.9
410,Yuta Watanabe,MEM,25,16,8,8,6.2,103.3,101.9,1.4,0.054,2,10.3,0.053,0.111,0.08,5.1,0.466,0.461,0.138,102.99,5.4
410,Chimezie Metu,SAS,23,16,7,9,4.5,102.5,100,2.5,0.14,1.2,12,0.125,0.216,0.169,10,0.571,0.597,0.238,101.92,18.6
410,Juwan Morgan,UTA,23,16,10,6,4.6,107,92.6,14.4,0.032,0.67,9.1,0.068,0.161,0.118,13.6,0.559,0.559,0.109,104.08,8.1
415,Nicolas Claxton,BKN,21,15,5,10,12.5,94.1,109.7,-15.6,0.142,1.78,19.5,0.09,0.112,0.101,11,0.573,0.577,0.144,105.2,9.2
415,John Konchar,MEM,24,15,7,8,11.1,110,105.2,4.8,0.167,3.5,33.9,0.099,0.161,0.13,9.7,0.714,0.711,0.098,101.06,13.8
415,Jaylen Nowell,MIN,20,15,2,13,10.1,99.7,98.5,1.2,0.194,6.33,23.2,0.016,0.065,0.038,3.7,0.387,0.471,0.165,107.46,8
415,Melvin Frazier Jr.,ORL,23,15,4,11,3.4,91.4,93.8,-2.4,0.033,0.33,4.3,0.018,0.058,0.037,13,0.471,0.48,0.164,106.98,2.2
419,Tyrone Wallace,ATL,26,14,3,11,11.5,93.9,102.3,-8.3,0.123,1.3,17.3,0.016,0.123,0.065,13.3,0.33,0.389,0.154,104.3,3.2
419,Otto Porter Jr.,CHI,27,14,5,9,23.6,110.2,107,3.2,0.113,2.27,13.4,0.036,0.108,0.07,5.9,0.529,0.55,0.201,102.09,9.5
419,Vlatko Cancar,DEN,23,14,7,7,3.2,104.1,110.1,-6,0.086,1,13,0.109,0.119,0.114,13,0.433,0.507,0.177,103.57,5.2
419,Alen Smailagic,GSW,19,14,1,13,9.9,106.2,109.2,-3,0.133,1.18,18.1,0.077,0.11,0.095,15.3,0.538,0.61,0.175,104.89,8.9
419,Andre Iguodala,MIA,36,14,7,7,18.5,103.3,106.4,-3.1,0.166,1.65,28.3,0.037,0.142,0.093,17.2,0.578,0.559,0.114,105.69,7.8
419,Drew Eubanks,SAS,23,14,8,6,9.3,104.6,119.7,-15.1,0.06,0.5,10.4,0.063,0.209,0.136,20.8,0.768,0.776,0.14,104.53,8.8
419,Rayjon Tucker,UTA,22,14,10,4,5.6,109.6,113.1,-3.5,0.032,0.67,7.7,0.023,0.157,0.083,11.5,0.421,0.448,0.124,103.33,3.5
426,Iman Shumpert,BKN,30,13,9,4,18.5,97.2,106.2,-9,0.078,1.2,13.5,0.035,0.092,0.064,11.2,0.391,0.403,0.134,99.83,3.9
426,Juan Toscano-Anderson,GSW,27,13,3,10,20.9,99.5,111.5,-12,0.144,1.63,24.3,0.031,0.163,0.093,15,0.524,0.529,0.125,100.55,7.4
426,Alize Johnson,IND,24,13,8,5,4.1,115.8,111.1,4.7,0.045,0.67,9.1,0.119,0.204,0.159,13.6,0.467,0.51,0.142,105.97,6.5
426,Victor Oladipo,IND,28,13,7,6,26,103.8,104.3,-0.5,0.176,1.39,15.8,0.021,0.094,0.059,11.3,0.457,0.5,0.265,99.59,8.7
426,Amir Coffey,LAC,23,13,7,6,7.5,106.5,109.8,-3.2,0.132,3,19.6,0.041,0.096,0.069,6.5,0.409,0.408,0.154,105.34,3.4
426,Johnathan Motley,LAC,25,13,8,5,3.2,111.1,105.4,5.7,0.308,1.6,25.8,0.077,0.189,0.132,16.1,0.767,0.774,0.235,106.16,17.2
426,Jaylen Hoard,POR,21,13,7,6,7.9,112.1,109.1,3,0.054,1,8.9,0.111,0.158,0.133,8.9,0.469,0.504,0.153,103.22,8.8
426,Marvin Bagley III,SAC,21,13,2,11,25.7,102,114.6,-12.6,0.05,0.56,4.8,0.082,0.201,0.14,8.7,0.479,0.512,0.248,101.48,9.7
434,Dean Wade,CLE,23,12,1,11,6,107,113.5,-6.5,0.039,0.67,11.1,0.038,0.213,0.123,16.7,0.769,0.744,0.091,105.19,8.9
434,Mfiondu Kabengele,LAC,22,12,9,3,5.4,104.4,103.6,0.8,0.05,1,5.3,0.017,0.159,0.089,5.3,0.578,0.614,0.242,101.34,11.2
436,Adam Mokoka,CHI,21,11,3,8,10.2,121.4,104.4,17.1,0.043,2,11.4,0.057,0.029,0.044,5.7,0.536,0.538,0.11,100.37,2.3
436,Tyler Cook,CLE,22,11,3,8,3.2,102.7,115.2,-12.5,0.05,1,6.7,0.105,0.188,0.143,6.7,0.7,0.752,0.169,105.89,12.3
436,Justise Winslow,MEM,24,11,7,4,32,106.2,99.9,6.4,0.183,1.83,21,0.043,0.154,0.098,11.4,0.411,0.44,0.19,104.72,7.4
436,Jarred Vanderbilt,MIN,21,11,6,5,4.2,90.5,113.9,-23.4,0.057,0.29,11.1,0.065,0.143,0.102,38.9,0.625,0.676,0.133,109.85,4.9
436,Johnathan Williams,WAS,25,11,6,5,12.3,98.9,116.8,-17.9,0.067,1.5,16.2,0.099,0.199,0.147,10.8,0.64,0.643,0.092,99.9,11
441,Charles Brown Jr.,ATL,23,10,1,9,4,106.9,73,33.9,0.077,0.67,7.7,0.04,0.048,0.043,11.5,0.395,0.472,0.231,104.41,7.8
441,Tremont Waters,BOS,22,10,8,2,8.9,114.3,99.5,14.8,0.185,1.2,20,0,0.089,0.047,16.7,0.386,0.438,0.216,102.21,4.7
441,Louis King,DET,21,10,3,7,6.2,109.4,98.4,11,0.125,2.5,17.2,0.015,0.141,0.076,6.9,0.476,0.448,0.163,96.85,4.3
441,Jordan Bone,DET,22,10,3,7,5.3,101.8,104.7,-2.9,0.235,4,26.7,0,0.091,0.039,6.7,0.3,0.3,0.171,98.21,1.1
441,Kadeem Allen,NYK,27,10,3,7,11.7,106.3,116.4,-10.1,0.259,2.63,27.6,0.016,0.065,0.038,10.5,0.489,0.512,0.191,103.34,8.7
441,CJ Miles,WAS,33,10,4,6,16.1,112.3,113.6,-1.3,0.091,3,14.6,0.021,0.05,0.034,4.9,0.415,0.472,0.169,109.54,4.8
447,Ignas Brazdeikis,NYK,21,9,1,8,5.9,109.7,116.8,-7.1,0.114,2,13.3,0.036,0.068,0.051,6.7,0.295,0.351,0.218,94.65,1.8
447,Moses Brown,POR,20,9,4,5,3.6,90.8,141.7,-50.9,0.048,0.33,5.6,0.073,0.324,0.187,16.7,0.4,0.407,0.2,108.15,3.2
447,Keldon Johnson,SAS,20,9,3,6,10.2,109.4,95.7,13.7,0.091,2,13.3,0.055,0.121,0.089,6.7,0.548,0.579,0.181,106.75,9.5
447,Nigel Williams-Goss,UTA,25,9,5,4,3.1,95,79.4,15.6,0.238,2.5,33.3,0.065,0.086,0.076,13.3,0.143,0.254,0.141,106.87,5
447,Justin Robinson,WAS,22,9,2,7,5.4,110.9,81,29.9,0.194,2.33,31.8,0.022,0.098,0.057,13.6,0.542,0.542,0.133,99.08,7.7
452,Khyri Thomas,DET,24,8,2,6,7.7,93.4,122.1,-28.7,0.097,1,12,0.012,0,0.007,12,0.441,0.453,0.149,95.28,-1.3
452,Michael Frazier,HOU,26,8,5,3,8.2,95.9,111.4,-15.5,0.024,0.5,5.9,0.014,0.036,0.024,11.8,0.455,0.513,0.1,107.23,-1.9
452,BJ Johnson,ORL,24,8,4,4,5.8,75.7,100,-24.3,0.095,0.67,8.3,0.017,0.093,0.053,12.5,0.306,0.344,0.182,109.49,4.8
452,Josh Magette,ORL,30,8,3,5,4.7,89.7,87.3,2.4,0.238,1,19.2,0.022,0.128,0.071,19.2,0.367,0.378,0.226,99.44,5.7
456,Mychal Mulder,GSW,26,7,3,4,29.1,113.3,107.1,6.2,0.053,1.6,9.4,0.016,0.093,0.057,5.9,0.507,0.533,0.165,99.33,5
456,Kevin Hervey,OKC,23,7,3,4,2.8,73.3,86.7,-13.3,0.1,0,8.3,0,0.1,0.043,0,0.091,0.091,0.22,110.7,-11.4
456,Zhaire Smith,PHI,21,7,3,4,4.6,102.8,115.1,-12.3,0.083,1,11.8,0,0.08,0.031,11.8,0.273,0.313,0.165,107.63,-0.8
456,Jonah Bolden,PHX,24,7,6,1,6.7,105.7,108.9,-3.2,0,0,0,0.064,0.14,0.1,13.3,0.364,0.392,0.13,105.07,0.3
460,Tacko Fall,BOS,24,6,5,1,4,103.6,90.9,12.7,0,0,0,0,0.367,0.22,18.8,0.75,0.713,0.281,109.38,20
460,Antonius Cleveland,DAL,26,6,4,2,3.7,97.9,123.9,-26,0,0,0,0,0.25,0.077,12.5,0.333,0.363,0.143,99.87,1.6
460,Gabe Vincent,MIA,24,6,4,2,6.9,90.8,97.7,-6.9,0.125,0,13.6,0,0.07,0.034,0,0.316,0.316,0.194,100.52,1.5
460,Frank Mason,MIL,26,6,5,1,8.8,88,97.4,-9.3,0.314,1.83,28.9,0.045,0.081,0.062,15.8,0.316,0.337,0.201,105.48,3.9
460,DaQuan Jeffries,SAC,22,6,1,5,3.2,89.4,83.7,5.7,0.067,0,12.5,0.036,0,0.023,0,0.5,0.5,0.137,118.91,3.4
465,Chandler Parsons,ATL,31,5,0,5,10.8,85.7,114.7,-29,0.1,1,12.5,0.015,0.12,0.06,12.5,0.389,0.389,0.15,112.87,3.8
465,Henry Ellenson,BKN,23,5,2,3,3,81.6,54.3,27.3,0.125,0,12.5,0.111,0.19,0.154,0,0.143,0.143,0.159,115.9,4.1
465,Zach Norvell Jr.,GSW,22,5,2,3,8.2,103.3,135.6,-32.3,0.091,1,16.7,0,0.207,0.086,16.7,0.375,0.402,0.147,107.05,2.6
465,Stephen Curry,GSW,32,5,1,4,27.9,108.5,123.7,-15.3,0.355,2.06,23.2,0.023,0.162,0.084,11.3,0.476,0.557,0.286,109.39,13.3
465,Brian Bowen II,IND,21,5,4,1,5.8,111.7,93.1,18.6,0,0,0,0.033,0.182,0.111,10,0.222,0.222,0.139,98.33,0.9
465,KZ Okpala,MIA,21,5,2,3,5.2,86.3,118,-31.7,0.077,1,14.3,0.038,0.16,0.098,14.3,0.6,0.595,0.102,93.32,10.3
465,Justin Patton,OKC,23,5,2,3,4.8,94.8,126.8,-32,0.111,1,14.3,0.042,0.174,0.106,14.3,0.45,0.45,0.194,112.86,2.9
465,Devon Hall,OKC,24,5,3,2,3.9,134.9,88.4,46.5,0.176,3,27.3,0,0.043,0.025,9.1,0.2,0.37,0.167,104.58,2.7
465,Vic Law,ORL,24,5,1,4,1.9,59.1,78.9,-19.9,0,0,0,0,0.111,0.045,0,0,0,0.16,105.94,-26.7
465,Paul Watson,TOR,25,5,3,2,5.2,95.1,81,14,0.238,0,35.7,0,0.143,0.061,0,0,0.056,0.123,110.5,2
465,Miye Oni,UTA,22,5,4,1,2.1,52,120,-68,0,0,0,0,0.154,0.077,33.3,0,0,0.1,112.71,-3.1
465,Jarrell Brantley,UTA,24,5,2,3,2.7,83.9,81.3,2.6,0.1,0.5,33.3,0,0.313,0.167,66.7,0,0,0.057,112.58,6.6
477,Joe Chealey,CHA,24,4,1,3,8.4,69.6,93,-23.4,0.063,0.5,9.1,0,0,0,18.2,0,0.127,0.128,100.45,-4
477,Matt Mooney,CLE,23,4,0,4,4.7,92.5,75,17.5,0.071,0,20,0,0.158,0.065,0,0.25,0.25,0.08,102.4,7.5
477,Donta Hall,DET,22,4,1,3,12,95.7,125.8,-30.1,0.071,1,18.2,0.105,0.257,0.163,18.2,0.25,0.452,0.078,93.71,3.4
477,Jarrod Uthoff,MEM,27,4,3,1,3.4,120.7,96.3,24.4,0,0,0,0.071,0,0.04,0,0.143,0.254,0.205,97.75,-3.1
477,Daryl Macon,MIA,24,4,4,0,3.5,78.6,71,7.6,0.143,0.5,16.7,0,0,0,33.3,0.5,0.5,0.167,100.43,-2.8
477,Jalen Lecque,PHX,20,4,1,3,6.6,90.9,120,-29.1,0.133,2,14.3,0,0,0,7.1,0.4,0.46,0.214,104.8,2.8
477,Shamorie Ponds,TOR,22,4,4,0,2.6,121.7,127.3,-5.5,0.4,0,25,0,0.167,0.063,0,0.7,0.765,0.222,102.05,19.1
477,Dewan Hernandez,TOR,23,4,4,0,2.8,107.7,108,-0.3,0,0,0,0.2,0.333,0.28,14.3,0.2,0.34,0.233,107.84,0
477,Stanton Kidd,UTA,28,4,3,1,3.8,91.2,88.9,2.3,0.1,0.5,16.7,0,0.158,0.091,33.3,0,0,0.139,109.92,-7.7
486,Jeremiah Martin,BKN,24,3,3,0,5.3,105.9,100,5.9,0.154,0,28.6,0,0.1,0.057,0,0.2,0.2,0.139,102.32,5.6
486,Justin Anderson,BKN,26,3,2,1,5.6,69.2,94.6,-25.4,0,0,0,0,0.091,0.049,0,0.167,0.218,0.159,107.82,-4.7
486,Chasson Randle,GSW,27,3,2,1,13.5,110.3,112.4,-2,0.161,0,41.7,0,0.053,0.027,0,0,0.377,0.08,104.54,3.4
486,Jeremy Pargo,GSW,34,3,0,3,14.8,112.1,109.7,2.4,0.308,2,23.5,0.024,0.048,0.036,11.8,0.568,0.557,0.268,99.66,7
486,Naz Mitrou-Long,IND,26,3,2,1,14.2,100,79.1,20.9,0.25,3.5,28,0,0.115,0.058,8,0.438,0.438,0.173,102.17,12.5
486,Kostas Antetokounmpo,LAL,22,3,3,0,1.7,108.3,125,-16.7,0.167,0,100,0,0.333,0.143,0,0,0,0,112.83,7.3
486,Dion Waiters,LAL,28,3,1,2,14,115.7,102.2,13.5,0.125,1,9.4,0,0.208,0.116,9.4,0.538,0.53,0.296,101.55,10.7
486,Udonis Haslem,MIA,40,3,3,0,6.9,83.3,114,-30.6,0.1,0,11.1,0,0.421,0.195,0,0.167,0.322,0.182,98.97,7.7
486,Zylan Cheatham,NOP,24,3,2,1,10.2,74.6,118.5,-43.9,0.133,0.67,20,0.031,0.152,0.092,30,0.4,0.4,0.114,100.14,0.9
486,Isaiah Roby,OKC,22,3,2,1,3.8,88.5,100,-11.5,0,0,0,0,0.167,0.08,50,0,0,0.071,111.58,-2
486,Jared Harper,PHX,22,3,1,2,2.6,83.3,144.4,-61.1,0,0,0,0,0,0,0,0.25,0.25,0.222,109.6,-2.6
486,Tariq Owens,PHX,25,3,0,3,5.1,83.9,127.3,-43.4,0,0,0,0.105,0.067,0.088,0,0.2,0.34,0.171,99.74,3.1
486,Zach Collins,POR,22,3,2,1,28.8,116.3,103.2,13.1,0.083,1,17.6,0.056,0.082,0.071,17.6,0.553,0.624,0.139,103.61,5.1
486,Quinndary Weatherspoon,SAS,23,3,0,3,5,93.9,79.4,14.5,0.091,0,25,0,0.056,0.031,0,0,0,0.086,106.74,-2.1
500,Max Strus,CHI,24,2,0,2,3.1,193.3,87.5,105.8,0,0,0,0.167,0,0.063,0,0.667,0.727,0.158,119.36,12.3
500,Josh Reaves,DAL,23,2,1,1,0.7,0,100,-100,0,0,0,0,0,0,0,0,0,0.333,129.29,-33.3
500,William Howard,HOU,26,2,1,1,6.6,62.1,113.3,-51.3,0.2,1,16.7,0,0.25,0.077,16.7,0,0,0.152,106.73,-8.6
500,Ryan Anderson,HOU,32,2,1,1,7,124.2,103,21.2,0.167,2,20,0,0.467,0.28,10,0.357,0.357,0.242,113.41,11.5
500,Talen Horton-Tucker,LAL,19,2,1,1,2.7,55.6,120,-64.4,1,0,66.7,0,0,0,0,0,0,0.1,85.77,14.8
500,Dusty Hannahs,MEM,26,2,0,2,6.7,144.8,127.6,17.2,0,0,0,0,0.063,0.032,0,0.556,0.607,0.286,103.62,8
500,Josh Gray,NOP,26,2,1,1,11.4,76.6,91.5,-14.9,0.154,0.4,22.2,0.053,0.04,0.045,55.6,0.5,0.5,0.137,99.31,-2.4
500,Marial Shayok,PHI,24,2,1,1,5.2,96,136,-40,0.111,1,14.3,0,0.273,0.136,14.3,0.3,0.3,0.214,116.34,3.3
500,Kyle Guy,SAC,22,2,1,1,2,100,130,-30,0,0,0,0,0,0,0,0.5,0.5,0.2,121.01,4.2
509,Marques Bolden,CLE,22,1,0,1,2.8,114.3,57.1,57.1,0,0,0,0,0.5,0.333,0,0,0,0,119.29,30.8
509,Malik Newman,CLE,23,1,0,1,3.7,57.1,87.5,-30.4,0,0,0,0,0,0,25,0,0.347,0.571,97.74,-15.4
509,J.P. Macura,CLE,25,1,1,0,0.6,150,0,150,0,0,0,0,0,0,0,0,0,0,115.51,0
509,Eric Mika,SAC,25,1,0,1,19,122,102.4,19.5,0,0,0,0.111,0.263,0.189,0,0.667,0.773,0.089,103.35,7.7
509,Luka Samanic,SAS,20,1,0,1,12,100,73.1,26.9,0.333,0,42.9,0,0.133,0.071,0,0,0,0.154,102,2.5
509,Justin Wright-Foreman,UTA,22,1,0,1,1.5,66.7,0,66.7,0,0,0,0,0,0,0,0,0,0,93.91,0
