Rk,Player,Pos,Age,Tm,G,MP,FG%,Dist.,2P_% of FGA by Distance,0-3_% of FGA by Distance,3-10_% of FGA by Distance,10-16_% of FGA by Distance,16-3P_% of FGA by Distance,3P_% of FGA by Distance,2P_FG% by Distance,0-3_FG% by Distance,3-10_FG% by Distance,10-16_FG% by Distance,16-3P_FG% by Distance,3P_FG% by Distance,2P_% of FG Ast'd,3P_% of FG Ast'd,%FGA_Dunks,#_Dunks,%3PA_Corner 3s,3P%_Corner 3s
1,Steven Adams,C,26,OKC,58,1564,0.591,4.3,0.993,0.53,0.388,0.072,0.002,0.007,0.593,0.745,0.39,0.563,1,0.333,0.67,1,0.181,74,0.333,0
2,Bam Adebayo,PF,22,MIA,65,2235,0.567,5.7,0.982,0.483,0.303,0.149,0.047,0.018,0.576,0.735,0.454,0.421,0.235,0.077,0.717,1,0.224,146,0.615,0.125
3,LaMarcus Aldridge,C,34,SAS,53,1754,0.493,13.7,0.802,0.202,0.129,0.227,0.245,0.198,0.519,0.719,0.471,0.461,0.433,0.389,0.567,0.951,0.044,31,0.185,0.379
4,Nickeil Alexander-Walker,SG,21,NOP,41,501,0.339,16.3,0.485,0.229,0.172,0.057,0.026,0.515,0.336,0.462,0.205,0.231,0.333,0.342,0.135,0.9,0.004,1,0.188,0.364
5,Grayson Allen,SG,24,MEM,30,498,0.449,15.7,0.483,0.188,0.199,0.091,0.006,0.517,0.541,0.758,0.4,0.438,0,0.363,0.587,0.97,0.063,10,0.275,0.48
6,Jarrett Allen,C,21,BRK,64,1647,0.646,2.4,0.988,0.772,0.201,0.012,0.002,0.012,0.654,0.737,0.373,0.2,0,0,0.79,,0.472,165,0.8,0
7,Kadeem Allen,SG,27,NYK,10,117,0.432,15.1,0.636,0.159,0.182,0.227,0.068,0.364,0.5,0.571,0.375,0.6,0.333,0.313,0.286,0.8,0,0,0.313,0.4
8,Al-Farouq Aminu,PF,29,ORL,18,380,0.291,13.3,0.581,0.267,0.244,0,0.07,0.419,0.32,0.435,0.19,,0.333,0.25,0.438,0.889,0.012,1,0.222,0.375
9,Justin Anderson,SF,26,BRK,3,17,0.167,13.7,0.5,0.5,0,0,0,0.5,0.333,0.333,,,,0,1,,0.167,1,0.333,0
10,Kyle Anderson,PF,26,MEM,59,1140,0.493,11.1,0.779,0.286,0.261,0.132,0.1,0.221,0.56,0.65,0.548,0.432,0.5,0.258,0.574,1,0.036,10,0.613,0.237
11,Ryan Anderson,PF,31,HOU,2,14,0.286,21.4,0.286,0.143,0,0.143,0,0.714,0.5,0,,1,,0.2,0,1,0,0,0,
12,Giannis Antetokounmpo,PF,25,MIL,57,1763,0.547,9.9,0.762,0.478,0.161,0.072,0.051,0.238,0.622,0.767,0.344,0.427,0.414,0.306,0.433,0.59,0.164,174,0.037,0.5
13,Kostas Antetokounmpo,PF,22,LAL,3,5,,,,,,,,,,,,,,,,,,0,,
14,Thanasis Antetokounmpo,SF,27,MIL,18,93,0.528,6.7,0.806,0.722,0.028,0.056,0,0.194,0.655,0.654,0,1,,0,0.526,,0.222,8,0.429,0
15,Carmelo Anthony,PF,35,POR,50,1623,0.426,14.5,0.714,0.197,0.1,0.227,0.19,0.286,0.447,0.537,0.441,0.422,0.388,0.371,0.396,0.931,0.032,15,0.186,0.528
16,OG Anunoby,SF,22,TOR,63,1897,0.507,11.6,0.592,0.454,0.108,0.021,0.009,0.408,0.593,0.686,0.281,0.364,0.2,0.381,0.643,0.951,0.156,79,0.488,0.371
17,Ryan Arcidiacono,PG,25,CHI,58,930,0.409,18.4,0.373,0.15,0.1,0.1,0.023,0.627,0.439,0.606,0.318,0.318,0.4,0.391,0.5,0.889,0,0,0.29,0.475
18,Trevor Ariza,SF,34,TOT,53,1493,0.438,17,0.361,0.269,0.065,0.012,0.015,0.639,0.556,0.701,0.19,0,0,0.372,0.692,0.948,0.059,16,0.377,0.397
19,D.J. Augustin,PG,32,ORL,49,1215,0.393,16,0.562,0.184,0.174,0.128,0.076,0.438,0.43,0.589,0.246,0.49,0.367,0.345,0.198,0.6,0,0,0.121,0.333
20,Deandre Ayton,C,21,PHO,30,996,0.548,6.3,0.994,0.471,0.23,0.194,0.099,0.006,0.552,0.703,0.449,0.411,0.348,0,0.729,,0.163,67,0,
21,Dwayne Bacon,SG,24,CHO,39,687,0.348,11.6,0.725,0.32,0.238,0.107,0.061,0.275,0.373,0.449,0.345,0.231,0.333,0.284,0.47,0.895,0.012,3,0.149,0.3
22,Marvin Bagley III,PF,20,SAC,13,334,0.467,8.2,0.868,0.431,0.293,0.06,0.084,0.132,0.51,0.681,0.306,0.2,0.571,0.182,0.635,1,0.174,25,0.045,0
23,Lonzo Ball,PG,22,NOP,56,1817,0.412,17.8,0.422,0.213,0.08,0.049,0.081,0.578,0.453,0.619,0.26,0.323,0.294,0.383,0.417,0.82,0.025,15,0.212,0.377
24,Mo Bamba,C,21,ORL,60,868,0.468,12.2,0.631,0.411,0.128,0.032,0.06,0.369,0.534,0.681,0.194,0.444,0.294,0.356,0.537,1,0.145,39,0.106,0.182
25,J.J. Barea,PG,35,DAL,26,391,0.413,15,0.575,0.263,0.145,0.106,0.061,0.425,0.437,0.574,0.269,0.316,0.455,0.382,0.111,0.414,0,0,0.105,0.5
26,Harrison Barnes,PF,27,SAC,64,2231,0.459,12,0.658,0.286,0.281,0.063,0.028,0.342,0.498,0.69,0.365,0.311,0.3,0.383,0.519,0.871,0.041,26,0.35,0.341
27,RJ Barrett,SG,19,NYK,56,1704,0.402,10.7,0.729,0.392,0.201,0.065,0.072,0.271,0.432,0.568,0.267,0.277,0.288,0.32,0.354,0.937,0.056,35,0.299,0.356
28,Will Barton,SF,29,DEN,58,1916,0.45,13.5,0.61,0.286,0.186,0.079,0.06,0.39,0.498,0.616,0.328,0.414,0.568,0.375,0.393,0.704,0.037,25,0.122,0.486
29,Keita Bates-Diop,SF,24,TOT,39,665,0.428,13.3,0.548,0.361,0.135,0.038,0.014,0.452,0.509,0.653,0.25,0.125,0.333,0.33,0.672,0.968,0.038,8,0.404,0.421
30,Nicolas Batum,SF,31,CHO,22,505,0.346,18.1,0.395,0.222,0.012,0.074,0.086,0.605,0.438,0.611,1,0.333,0,0.286,0.214,0.929,0.037,3,0.388,0.316
31,Aron Baynes,C,33,PHO,42,934,0.48,13.3,0.559,0.333,0.171,0.039,0.016,0.441,0.582,0.638,0.569,0.333,0.167,0.351,0.734,1,0.081,28,0.143,0.25
32,Kent Bazemore,SF-SG,30,TOT,64,1604,0.374,15,0.539,0.267,0.135,0.071,0.067,0.461,0.401,0.53,0.239,0.314,0.303,0.342,0.477,0.949,0.028,14,0.456,0.298
33,Darius Bazley,PF,19,OKC,53,909,0.383,13,0.565,0.3,0.222,0.026,0.017,0.435,0.446,0.623,0.216,0.333,0.5,0.3,0.638,0.967,0.1,20,0.43,0.326
34,Bradley Beal,SG,26,WAS,57,2053,0.455,14.7,0.631,0.239,0.141,0.135,0.115,0.369,0.515,0.689,0.397,0.438,0.387,0.353,0.376,0.635,0.035,41,0.119,0.316
35,Malik Beasley,SG,23,TOT,55,1209,0.425,16.7,0.483,0.189,0.129,0.096,0.069,0.517,0.465,0.634,0.261,0.471,0.378,0.388,0.667,0.888,0.03,13,0.185,0.451
36,Marco Belinelli,SG,33,SAS,52,779,0.391,20.6,0.428,0.085,0.041,0.052,0.251,0.572,0.422,0.609,0.182,0.357,0.412,0.368,0.939,0.877,0,0,0.213,0.333
37,Jordan Bell,C-PF,25,TOT,29,256,0.522,7.2,0.821,0.627,0.119,0.045,0.03,0.179,0.564,0.643,0.5,0,0,0.333,0.742,0.75,0.134,8,0.667,0.5
38,DeAndre' Bembry,SG,25,ATL,43,915,0.456,9.7,0.715,0.469,0.206,0.031,0.009,0.285,0.546,0.607,0.426,0.571,0,0.231,0.584,1,0.096,19,0.4,0.308
39,Dragan Bender,SF,22,TOT,16,286,0.446,13.9,0.533,0.272,0.261,0,0,0.467,0.531,0.68,0.375,,,0.349,0.846,1,0.065,6,0.279,0.417
40,Dāvis Bertāns,PF,27,WAS,54,1583,0.434,22.2,0.226,0.097,0.059,0.034,0.036,0.774,0.471,0.644,0.306,0.429,0.318,0.424,0.754,0.915,0.025,14,0.078,0.568
41,Patrick Beverley,PG,31,LAC,48,1299,0.428,17.3,0.391,0.197,0.138,0.043,0.012,0.609,0.504,0.594,0.467,0.286,0.25,0.379,0.313,0.973,0.006,1,0.313,0.419
42,Khem Birch,C,27,ORL,40,777,0.487,4.7,0.991,0.443,0.487,0.061,0,0.009,0.491,0.686,0.339,0.286,,0,0.696,,0.191,20,1,0
43,Goga Bitadze,C,20,IND,49,410,0.473,13.7,0.721,0.248,0.163,0.155,0.155,0.279,0.591,0.781,0.571,0.35,0.55,0.167,0.873,1,0.085,11,0.111,0.25
44,Bismack Biyombo,C,27,CHO,53,1029,0.543,3.6,1,0.604,0.32,0.065,0.011,0,0.543,0.702,0.315,0.278,0,,0.834,,0.212,56,,
45,Nemanja Bjelica,PF,31,SAC,64,1821,0.475,15.4,0.512,0.255,0.197,0.028,0.031,0.488,0.524,0.617,0.454,0.353,0.368,0.424,0.537,0.944,0.026,16,0.136,0.525
46,Eric Bledsoe,PG,30,MIL,56,1524,0.482,12.1,0.696,0.341,0.19,0.095,0.069,0.304,0.54,0.717,0.349,0.397,0.391,0.348,0.313,0.457,0.003,2,0.124,0.28
47,Bogdan Bogdanović,SG,27,SAC,53,1510,0.433,18.9,0.405,0.114,0.121,0.091,0.08,0.595,0.541,0.658,0.468,0.448,0.588,0.361,0.357,0.839,0.003,2,0.182,0.348
48,Bojan Bogdanović,SF,30,UTA,63,2083,0.447,15.4,0.511,0.195,0.207,0.08,0.029,0.489,0.479,0.698,0.361,0.333,0.259,0.414,0.507,0.857,0.029,22,0.282,0.473
49,Jonah Bolden,PF,24,TOT,7,47,0.364,9.6,0.636,0.636,0,0,0,0.364,0.571,0.571,,,,0,0.5,,0.182,1,0.5,0
50,Marques Bolden,C,21,CLE,1,3,,,,,,,,,,,,,,,,,,0,,
51,Jordan Bone,PG,22,DET,10,53,0.25,17.8,0.5,0.05,0.15,0.25,0.05,0.5,0.3,1,0,0.4,0,0.2,0.667,0.5,0,0,0,
52,Isaac Bonga,SF,20,WAS,58,1025,0.522,9.9,0.701,0.467,0.179,0.038,0.016,0.299,0.574,0.651,0.485,0.143,0.333,0.4,0.595,1,0.043,6,0.418,0.478
53,Devin Booker,SG,23,PHO,62,2241,0.487,14.1,0.687,0.233,0.131,0.21,0.114,0.313,0.544,0.723,0.452,0.472,0.417,0.36,0.44,0.619,0.016,18,0.094,0.364
54,Chris Boucher,PF,27,TOR,55,724,0.458,11.5,0.619,0.481,0.104,0.012,0.023,0.381,0.565,0.616,0.444,0,0.333,0.283,0.67,1,0.173,42,0.152,0.133
55,Brian Bowen,SG,21,IND,5,29,0.222,10.9,0.778,0.333,0.222,0.111,0.111,0.222,0.286,0,1,0,0,0,0.5,,0,0,1,0
56,Ky Bowman,PG,22,GSW,45,1015,0.417,14.8,0.667,0.209,0.159,0.146,0.153,0.333,0.472,0.657,0.314,0.468,0.388,0.308,0.446,0.727,0.04,11,0.234,0.44
57,Avery Bradley,SG,29,LAL,49,1186,0.444,16.9,0.548,0.17,0.091,0.076,0.211,0.452,0.51,0.646,0.429,0.448,0.457,0.364,0.738,0.921,0.005,2,0.468,0.358
58,Tony Bradley,C,22,UTA,50,535,0.665,2.7,0.994,0.748,0.226,0.013,0.006,0.006,0.662,0.759,0.371,0.5,0,1,0.657,1,0.206,27,0,
59,Jarrell Brantley,PF,23,UTA,5,13,,,,,,,,,,,,,,,,,,0,,
60,Ignas Brazdeikis,SF,21,NYK,9,53,0.273,15.7,0.591,0.273,0.136,0.045,0.136,0.409,0.385,0.833,0,0,0,0.111,0.2,1,0,0,0.111,0
61,Mikal Bridges,SF,23,PHO,65,1772,0.516,12.4,0.609,0.403,0.111,0.064,0.032,0.391,0.621,0.738,0.4,0.346,0.462,0.352,0.766,1,0.111,39,0.478,0.408
62,Miles Bridges,SF,21,CHO,65,1995,0.424,12.9,0.602,0.308,0.226,0.05,0.017,0.398,0.486,0.621,0.335,0.316,0.538,0.33,0.514,0.939,0.07,47,0.353,0.377
63,Oshae Brissett,SF,21,TOR,19,135,0.361,11.7,0.583,0.389,0.167,0.028,0,0.417,0.476,0.714,0,0,,0.2,0.6,1,0.194,6,0.533,0.25
64,Ryan Broekhoff,SG,29,DAL,17,180,0.373,22.5,0.136,0.068,0.034,0.034,0,0.864,0.25,0.25,0.5,0,,0.392,0.5,0.95,0,0,0.294,0.4
65,Malcolm Brogdon,PG,27,IND,48,1472,0.439,13.8,0.704,0.326,0.083,0.106,0.188,0.296,0.491,0.535,0.291,0.529,0.484,0.313,0.197,0.393,0.009,6,0.072,0.214
66,Dillon Brooks,SG,24,MEM,65,1851,0.402,15.6,0.613,0.178,0.147,0.174,0.114,0.387,0.423,0.503,0.353,0.429,0.381,0.369,0.533,0.879,0.013,9,0.101,0.361
67,Bruce Brown,SG,23,DET,58,1634,0.443,8.5,0.785,0.391,0.347,0.036,0.011,0.215,0.47,0.6,0.355,0.25,0.2,0.344,0.382,0.97,0.056,21,0.625,0.417
68,Charlie Brown,SG,22,ATL,10,40,0.316,14.3,0.526,0.263,0.211,0.053,0,0.474,0.3,0.2,0.5,0,,0.333,1,1,0.053,1,0.222,0
69,Jaylen Brown,SF,23,BOS,50,1702,0.49,13.3,0.636,0.275,0.202,0.093,0.066,0.364,0.552,0.708,0.417,0.5,0.392,0.381,0.469,0.888,0.047,31,0.278,0.474
70,Moses Brown,C,20,POR,9,33,0.4,2,1,0.8,0.2,0,0,0,0.4,0.375,0.5,,,,0.75,,0.2,1,,
71,Sterling Brown,SF,24,MIL,45,665,0.367,16.3,0.477,0.239,0.119,0.06,0.06,0.523,0.423,0.558,0.308,0.462,0.077,0.316,0.5,0.889,0.028,5,0.316,0.444
72,Troy Brown Jr.,SG,20,WAS,61,1519,0.453,13.3,0.713,0.277,0.196,0.103,0.138,0.287,0.496,0.7,0.374,0.365,0.357,0.345,0.531,0.98,0.036,15,0.255,0.486
73,Jalen Brunson,PG,23,DAL,57,1022,0.466,13.6,0.691,0.178,0.258,0.139,0.116,0.309,0.515,0.623,0.5,0.5,0.4,0.358,0.239,0.814,0,0,0.233,0.357
74,Thomas Bryant,C,22,WAS,38,901,0.599,9.8,0.824,0.436,0.143,0.104,0.14,0.176,0.64,0.813,0.477,0.438,0.419,0.407,0.79,0.909,0.186,56,0.111,0.333
75,Reggie Bullock,SG,28,NYK,29,684,0.402,18,0.504,0.161,0.071,0.076,0.196,0.496,0.469,0.694,0.188,0.412,0.409,0.333,0.717,0.973,0.004,1,0.27,0.3
76,Trey Burke,PG,27,PHI,25,329,0.465,14.4,0.701,0.252,0.118,0.134,0.197,0.299,0.483,0.688,0.2,0.588,0.32,0.421,0.395,0.938,0,0,0.132,0.8
77,Alec Burks,SG,28,TOT,59,1612,0.404,15.4,0.611,0.204,0.163,0.128,0.116,0.389,0.428,0.545,0.342,0.4,0.37,0.366,0.437,0.7,0.014,10,0.172,0.426
78,Deonte Burton,SG,26,OKC,34,284,0.371,14.5,0.562,0.333,0.162,0.019,0.048,0.438,0.492,0.657,0.235,0,0.4,0.217,0.724,0.9,0.038,4,0.239,0.182
79,Jimmy Butler,SF,30,MIA,54,1851,0.454,10.2,0.838,0.335,0.258,0.15,0.096,0.162,0.494,0.649,0.435,0.389,0.275,0.248,0.391,0.552,0.072,52,0.197,0.217
80,Bruno Caboclo,SF,24,TOT,27,220,0.416,11.6,0.636,0.416,0.169,0,0.052,0.364,0.571,0.656,0.385,,0.5,0.143,0.679,1,0.13,8,0.464,0.231
81,Kentavious Caldwell-Pope,SG,26,LAL,63,1603,0.472,16.1,0.526,0.24,0.073,0.099,0.114,0.474,0.543,0.661,0.529,0.391,0.434,0.394,0.752,0.931,0.034,14,0.38,0.417
82,Vlatko Čančar,SF,22,DEN,14,45,0.4,12.9,0.6,0.4,0.133,0,0.067,0.4,0.556,0.667,0.5,,0,0.167,0.6,1,0.133,2,0.167,0
83,Clint Capela,C,25,HOU,39,1279,0.629,2.3,1,0.76,0.232,0.008,0,0,0.629,0.722,0.333,0.333,,,0.803,,0.327,123,,
84,DeMarre Carroll,SF,33,TOT,21,231,0.389,15.1,0.5,0.241,0.204,0.056,0,0.5,0.519,0.615,0.364,0.667,,0.259,0.643,0.857,0,0,0.37,0.5
85,Jevon Carter,PG,24,PHO,50,754,0.4,18.3,0.429,0.161,0.083,0.073,0.112,0.571,0.409,0.485,0.176,0.4,0.478,0.393,0.417,0.913,0.005,1,0.308,0.389
86,Vince Carter,SF,43,ATL,60,876,0.352,20.4,0.336,0.079,0.082,0.102,0.072,0.664,0.451,0.417,0.56,0.419,0.409,0.302,0.457,0.869,0.007,2,0.188,0.342
87,Wendell Carter Jr.,C,20,CHI,43,1256,0.534,6,0.915,0.571,0.204,0.096,0.044,0.085,0.564,0.694,0.286,0.515,0.267,0.207,0.695,1,0.236,73,0.414,0.167
88,Michael Carter-Williams,SG,28,ORL,42,773,0.434,10.5,0.719,0.347,0.277,0.07,0.025,0.281,0.489,0.595,0.418,0.412,0,0.294,0.482,0.95,0.054,11,0.294,0.3
89,Alex Caruso,PG,25,LAL,58,1032,0.423,13.7,0.588,0.315,0.142,0.088,0.042,0.412,0.471,0.72,0.189,0.13,0.273,0.355,0.569,0.895,0.046,9,0.327,0.343
90,Willie Cauley-Stein,C,26,TOT,54,1097,0.579,5.4,0.997,0.56,0.238,0.093,0.106,0.003,0.581,0.787,0.389,0.286,0.188,0,0.789,,0.295,84,0,
91,Tyson Chandler,C,37,HOU,26,219,0.778,1.4,1,1,0,0,0,0,0.778,0.778,,,,,0.857,,0.611,11,,
92,Wilson Chandler,SF,32,BRK,35,734,0.404,18.8,0.339,0.098,0.164,0.038,0.038,0.661,0.597,0.722,0.533,0.286,0.857,0.306,0.514,1,0.005,1,0.256,0.387
93,Joe Chealey,PG,24,CHO,4,33,0,16.7,0.429,0,0.429,0,0,0.571,0,,0,,,0,,,0,0,0.75,0
94,Zylan Cheatham,SF,24,NOP,3,31,0.4,9,0.8,0.4,0.2,0.2,0,0.2,0.5,1,0,0,,0,1,,0,0,0,
95,Chris Chiozza,PG,24,TOT,21,249,0.405,16.2,0.481,0.228,0.139,0.063,0.051,0.519,0.368,0.5,0.364,0,0.25,0.439,0.214,0.778,0,0,0.098,0.5
96,Marquese Chriss,PF,22,GSW,59,1196,0.545,5.8,0.899,0.613,0.223,0.029,0.034,0.101,0.584,0.674,0.395,0.364,0.385,0.205,0.743,1,0.304,99,0.077,0.667
97,Gary Clark,PF,25,TOT,35,425,0.376,21.8,0.149,0.109,0.03,0.01,0,0.851,0.667,0.818,0.333,0,,0.326,0.6,1,0.03,3,0.326,0.429
98,Brandon Clarke,PF,23,MEM,50,1086,0.623,7.4,0.873,0.48,0.208,0.159,0.025,0.127,0.654,0.781,0.494,0.523,0.4,0.404,0.82,1,0.164,66,0.385,0.35
99,Jordan Clarkson,SG,27,TOT,63,1527,0.465,15,0.531,0.203,0.23,0.073,0.025,0.469,0.55,0.719,0.48,0.364,0.368,0.368,0.241,0.754,0.013,10,0.232,0.427
100,Nicolas Claxton,PF,20,BRK,15,187,0.563,6.3,0.854,0.521,0.292,0.021,0.021,0.146,0.634,0.8,0.357,1,0,0.143,0.692,1,0.313,14,0.571,0
101,Chris Clemons,SG,22,HOU,29,251,0.405,21.2,0.254,0.198,0.008,0.024,0.024,0.746,0.563,0.6,1,0.333,0.333,0.351,0.333,0.545,0.032,4,0.021,0.5
102,Antonius Cleveland,SG,25,DAL,6,22,0.333,11,0.833,0.333,0.167,0.167,0.167,0.167,0.4,0.5,1,0,0,0,0,,0,0,0,
103,Amir Coffey,SG,22,LAC,13,98,0.394,10.6,0.788,0.303,0.242,0.182,0.061,0.212,0.462,0.5,0.25,0.667,0.5,0.143,0.5,1,0.03,1,0.286,0
104,John Collins,PF,22,ATL,41,1363,0.583,9.4,0.757,0.469,0.185,0.068,0.035,0.243,0.642,0.768,0.473,0.293,0.524,0.401,0.748,0.966,0.221,117,0.129,0.368
105,Zach Collins,PF,22,POR,3,86,0.474,12.9,0.632,0.368,0.105,0.105,0.053,0.368,0.5,0.714,0,0.5,0,0.429,0.833,1,0.053,1,0.143,0
106,Mike Conley,PG,32,UTA,41,1171,0.405,16,0.562,0.136,0.214,0.14,0.072,0.438,0.429,0.576,0.385,0.338,0.457,0.376,0.239,0.6,0,0,0.188,0.45
107,Pat Connaughton,SG,27,MIL,61,1119,0.456,15.1,0.475,0.383,0.061,0.011,0.019,0.525,0.605,0.71,0.25,0,0,0.321,0.72,0.932,0.107,27,0.109,0.4
108,Quinn Cook,PG,26,LAL,38,409,0.439,15.7,0.618,0.191,0.139,0.092,0.197,0.382,0.477,0.636,0.333,0.625,0.353,0.379,0.353,0.76,0,0,0.242,0.375
109,Tyler Cook,PF,22,CLE,11,35,0.7,2.9,1,0.8,0.1,0.1,0,0,0.7,0.625,1,1,,,0.571,,0.4,1,,
110,Robert Covington,PF,29,TOT,62,1867,0.432,18.6,0.346,0.221,0.091,0.014,0.02,0.654,0.589,0.671,0.441,0.444,0.462,0.349,0.78,0.919,0.017,10,0.118,0.38
111,Allen Crabbe,SG,27,TOT,37,653,0.356,20.7,0.328,0.068,0.085,0.096,0.079,0.672,0.466,0.75,0.333,0.412,0.429,0.303,0.667,1,0.006,1,0.244,0.414
112,Torrey Craig,SF,29,DEN,50,869,0.462,15.2,0.476,0.322,0.091,0.029,0.034,0.524,0.606,0.746,0.316,0.167,0.429,0.33,0.65,0.972,0.043,7,0.367,0.3
113,Jae Crowder,SF,29,TOT,58,1695,0.384,19.2,0.308,0.193,0.045,0.019,0.051,0.692,0.532,0.636,0.348,0.2,0.423,0.318,0.631,0.85,0.008,4,0.225,0.325
114,Jarrett Culver,SG,20,MIN,63,1506,0.404,12.1,0.612,0.38,0.186,0.03,0.016,0.388,0.471,0.583,0.274,0.412,0.222,0.299,0.396,0.758,0.06,31,0.176,0.205
115,Seth Curry,SG,29,DAL,59,1448,0.5,18.9,0.436,0.092,0.13,0.1,0.115,0.564,0.56,0.714,0.449,0.566,0.557,0.453,0.423,0.787,0,0,0.163,0.429
116,Stephen Curry,PG,31,GSW,5,139,0.402,19.8,0.402,0.207,0.061,0.012,0.122,0.598,0.636,0.706,0.4,1,0.6,0.245,0.333,0.667,0,0,0.122,0.333
117,Troy Daniels,SG,28,TOT,42,457,0.39,21.3,0.289,0.063,0.069,0.069,0.088,0.711,0.478,0.7,0.545,0.455,0.286,0.354,0.727,0.95,0,0,0.283,0.406
118,Anthony Davis,PF,26,LAL,55,1889,0.511,11,0.805,0.346,0.174,0.157,0.128,0.195,0.554,0.753,0.434,0.417,0.346,0.335,0.582,1,0.159,144,0.175,0.441
119,Ed Davis,C,30,UTA,25,268,0.412,3.5,1,0.618,0.353,0,0.029,0,0.412,0.571,0.083,,1,,0.5,,0.059,2,,
120,Terence Davis,SG,22,TOR,64,1087,0.463,16,0.432,0.302,0.084,0.036,0.01,0.568,0.55,0.686,0.303,0.143,0,0.396,0.409,0.909,0.059,16,0.239,0.472
121,Dewayne Dedmon,C,30,TOT,44,774,0.4,13.5,0.58,0.325,0.153,0.047,0.055,0.42,0.541,0.675,0.333,0.417,0.429,0.206,0.738,0.955,0.11,24,0.187,0.15
122,Matthew Dellavedova,PG,29,CLE,57,821,0.354,16.6,0.48,0.137,0.229,0.103,0.011,0.52,0.488,0.542,0.4,0.611,0.5,0.231,0.317,0.905,0,0,0.165,0.333
123,DeMar DeRozan,SF,30,SAS,61,2091,0.526,9.6,0.969,0.269,0.26,0.258,0.181,0.031,0.535,0.739,0.478,0.453,0.428,0.267,0.271,0.875,0.03,28,0.333,0.4
124,Cheick Diallo,C,23,PHO,44,467,0.65,4.9,0.985,0.613,0.19,0.102,0.08,0.015,0.652,0.762,0.462,0.571,0.364,0.5,0.83,1,0.161,20,0.5,1
125,Hamidou Diallo,SF,21,OKC,38,699,0.452,7.7,0.84,0.484,0.247,0.064,0.046,0.16,0.5,0.67,0.222,0.357,0.4,0.2,0.674,0.857,0.155,28,0.743,0.269
126,Gorgui Dieng,C,30,TOT,58,1012,0.461,14.6,0.586,0.294,0.105,0.079,0.108,0.414,0.532,0.673,0.333,0.407,0.432,0.359,0.71,0.961,0.085,26,0.261,0.432
127,Spencer Dinwiddie,SG,26,BRK,64,1994,0.415,13.3,0.608,0.31,0.191,0.078,0.028,0.392,0.485,0.637,0.354,0.263,0.31,0.308,0.176,0.496,0.014,14,0.13,0.327
128,Donte DiVincenzo,SG,23,MIL,59,1362,0.462,15.3,0.511,0.347,0.075,0.04,0.049,0.489,0.576,0.669,0.265,0.444,0.5,0.344,0.526,0.803,0.035,15,0.149,0.303
129,Luka Dončić,PG,20,DAL,54,1799,0.461,14.8,0.558,0.252,0.234,0.059,0.014,0.442,0.574,0.754,0.435,0.385,0.467,0.318,0.166,0.237,0.012,13,0.018,0.333
130,Luguentz Dort,SG,20,OKC,29,637,0.414,13.2,0.535,0.357,0.159,0.019,0,0.465,0.512,0.661,0.24,0,,0.301,0.651,1,0.083,12,0.452,0.333
131,Damyean Dotson,SG,25,NYK,48,836,0.414,19.6,0.438,0.128,0.055,0.062,0.193,0.562,0.48,0.676,0.25,0.389,0.446,0.362,0.541,0.814,0,0,0.153,0.32
132,Sekou Doumbouya,SF,19,DET,38,754,0.39,12.9,0.585,0.326,0.195,0.03,0.034,0.415,0.464,0.545,0.391,0.286,0.25,0.286,0.719,0.929,0.072,15,0.357,0.286
133,PJ Dozier,PG,23,DEN,21,234,0.396,14.3,0.692,0.22,0.209,0.165,0.099,0.308,0.46,0.65,0.263,0.4,0.556,0.25,0.483,0.571,0.011,1,0.107,0
134,Goran Dragić,PG,33,MIA,54,1531,0.437,16.3,0.528,0.178,0.154,0.107,0.089,0.472,0.491,0.678,0.373,0.338,0.508,0.377,0.349,0.644,0,0,0.163,0.412
135,Andre Drummond,C,26,TOT,57,1879,0.533,4.3,0.955,0.589,0.334,0.027,0.005,0.045,0.551,0.662,0.393,0.19,0,0.143,0.574,0.8,0.136,95,0.2,0.429
136,Jared Dudley,SF,34,LAL,40,311,0.4,19.4,0.32,0.16,0.08,0,0.08,0.68,0.25,0.125,0.5,,0.25,0.471,1,1,0,0,0.265,0.556
137,Kris Dunn,PG,25,CHI,51,1269,0.444,11.3,0.673,0.398,0.187,0.056,0.032,0.327,0.535,0.647,0.438,0.263,0.182,0.259,0.423,0.966,0.023,8,0.259,0.276
138,Carsen Edwards,SG,21,BOS,35,316,0.327,19.8,0.398,0.115,0.08,0.071,0.133,0.602,0.356,0.385,0,0.25,0.6,0.309,0.5,0.714,0.009,0,0.118,0.125
139,Henry Ellenson,PF,23,BRK,5,15,0.143,16,0.429,0.286,0.143,0,0,0.571,0.333,0.5,0,,,0,0,,0,0,0.5,0
140,Wayne Ellington,SG,32,NYK,36,558,0.351,23.1,0.178,0.046,0.029,0.006,0.098,0.822,0.355,0.75,0,1,0.235,0.35,0.636,0.94,0,0,0.105,0.6
141,Joel Embiid,C,25,PHI,44,1329,0.474,12.8,0.77,0.248,0.187,0.195,0.14,0.23,0.511,0.718,0.473,0.394,0.357,0.348,0.471,0.911,0.06,39,0.037,0.333
142,James Ennis,SF,29,TOT,61,1053,0.435,14,0.527,0.374,0.088,0.034,0.031,0.473,0.523,0.655,0.192,0.1,0.333,0.338,0.716,0.915,0.092,21,0.36,0.42
143,Drew Eubanks,PF,22,SAS,14,130,0.75,5.4,0.964,0.464,0.429,0.036,0.036,0.036,0.741,0.769,0.75,0,1,1,0.75,1,0.214,6,1,1
144,Jacob Evans,SG,22,TOT,29,418,0.336,16.2,0.709,0.119,0.104,0.194,0.291,0.291,0.337,0.375,0.214,0.385,0.333,0.333,0.625,0.923,0.007,1,0.256,0.3
145,Dante Exum,SG,24,TOT,35,485,0.471,11.4,0.639,0.378,0.252,0.008,0,0.361,0.539,0.644,0.367,1,,0.349,0.268,0.8,0.067,7,0.302,0.231
146,Tacko Fall,C,24,BOS,6,24,0.75,2.9,1,0.583,0.417,0,0,0,0.75,0.857,0.6,,,,0.889,,0.417,5,,
147,Derrick Favors,C,28,NOP,45,1089,0.62,4,0.977,0.692,0.18,0.072,0.033,0.023,0.631,0.716,0.455,0.409,0.3,0.143,0.729,1,0.167,47,0.714,0.2
148,Cristiano Felício,PF,27,CHI,22,386,0.63,3.5,0.963,0.667,0.222,0.056,0.019,0.037,0.654,0.75,0.5,0.333,0,0,0.5,,0.13,6,0,
149,Terrance Ferguson,SF,21,OKC,50,1170,0.372,20.5,0.221,0.121,0.045,0.01,0.045,0.779,0.636,0.667,0.444,1,0.667,0.297,0.893,0.978,0.035,5,0.413,0.344
150,Bruno Fernando,C,21,ATL,56,713,0.518,7,0.814,0.578,0.186,0.04,0.01,0.186,0.605,0.713,0.297,0.625,0,0.135,0.694,1,0.226,38,0.405,0.067
151,Yogi Ferrell,PG,26,SAC,44,484,0.396,17.4,0.592,0.136,0.053,0.207,0.195,0.408,0.48,0.522,0.111,0.514,0.515,0.275,0.25,0.737,0,0,0.188,0.538
152,Dorian Finney-Smith,PF,26,DAL,64,1898,0.468,15.5,0.42,0.326,0.068,0.004,0.022,0.58,0.599,0.671,0.355,0.5,0.3,0.374,0.609,0.97,0.14,55,0.498,0.439
153,Bryn Forbes,SG,26,SAS,63,1579,0.417,21,0.344,0.069,0.081,0.048,0.146,0.656,0.47,0.675,0.404,0.393,0.435,0.388,0.723,0.932,0,0,0.089,0.412
154,Evan Fournier,SG,27,ORL,61,1931,0.47,16.5,0.533,0.173,0.15,0.107,0.104,0.467,0.525,0.673,0.477,0.398,0.478,0.406,0.44,0.824,0.003,2,0.143,0.534
155,De'Aaron Fox,PG,22,SAC,45,1426,0.475,10.5,0.779,0.314,0.28,0.137,0.048,0.221,0.523,0.673,0.433,0.368,0.515,0.307,0.142,0.574,0.04,23,0.137,0.143
156,Melvin Frazier,SG,23,ORL,15,51,0.353,15.6,0.588,0.118,0.176,0.176,0.118,0.412,0.2,0.5,0,0.333,0,0.571,1,0.5,0,0,0.429,0.667
157,Michael Frazier,SG,25,HOU,8,66,0.364,18.6,0.273,0.182,0.091,0,0,0.727,0.667,1,0,,,0.25,1,1,0.091,1,0.25,0.5
158,Tim Frazier,PG,29,DET,27,355,0.362,15.2,0.681,0.149,0.213,0.106,0.213,0.319,0.375,0.571,0.35,0.3,0.3,0.333,0.292,0.7,0,0,0.167,0.6
159,Markelle Fultz,PG,21,ORL,64,1813,0.473,10.6,0.825,0.348,0.201,0.178,0.099,0.175,0.52,0.651,0.426,0.408,0.448,0.254,0.314,0.867,0.037,20,0.136,0.313
160,Wenyen Gabriel,PF,22,TOT,28,210,0.435,12.5,0.565,0.391,0.152,0.022,0,0.435,0.538,0.722,0,1,,0.3,0.5,1,0.152,6,0.35,0.571
161,Daniel Gafford,C,21,CHI,43,609,0.701,1.8,1,0.828,0.164,0.007,0,0,0.701,0.766,0.409,0,,,0.702,,0.455,54,,
162,Danilo Gallinari,PF,31,OKC,55,1690,0.439,18.5,0.462,0.15,0.099,0.077,0.136,0.538,0.474,0.643,0.27,0.414,0.471,0.409,0.512,0.861,0.044,29,0.102,0.366
163,Langston Galloway,SG,28,DET,66,1702,0.435,18.6,0.389,0.109,0.137,0.076,0.068,0.611,0.493,0.678,0.392,0.439,0.459,0.399,0.712,0.992,0.002,1,0.381,0.54
164,Darius Garland,PG,20,CLE,59,1824,0.401,16,0.577,0.18,0.153,0.149,0.094,0.423,0.434,0.468,0.439,0.423,0.379,0.355,0.28,0.733,0,0,0.182,0.389
165,Marc Gasol,C,35,TOR,36,990,0.419,17.3,0.462,0.136,0.174,0.102,0.051,0.538,0.44,0.625,0.512,0.25,0.083,0.402,0.646,1,0.034,7,0.094,0.5
166,Rudy Gay,PF,33,SAS,60,1287,0.442,15.1,0.631,0.175,0.151,0.203,0.102,0.369,0.517,0.716,0.382,0.471,0.471,0.314,0.512,0.845,0.05,20,0.286,0.283
167,Paul George,SF,29,LAC,42,1222,0.432,17.8,0.506,0.139,0.122,0.116,0.129,0.494,0.463,0.702,0.354,0.385,0.379,0.399,0.335,0.684,0.018,11,0.159,0.585
168,Taj Gibson,C,34,NYK,62,1025,0.584,6.7,0.951,0.577,0.136,0.08,0.157,0.049,0.599,0.703,0.436,0.478,0.422,0.286,0.724,1,0.14,34,0.571,0.25
169,Harry Giles,PF,21,SAC,38,579,0.56,7.9,1,0.377,0.261,0.184,0.179,0,0.56,0.833,0.389,0.421,0.378,,0.759,,0.164,30,,
170,Shai Gilgeous-Alexander,SG,21,OKC,63,2214,0.473,11.2,0.763,0.282,0.273,0.138,0.07,0.237,0.511,0.614,0.408,0.512,0.492,0.351,0.245,0.564,0.018,17,0.135,0.433
171,Rudy Gobert,C,27,UTA,62,2142,0.698,2.1,1,0.836,0.158,0.006,0,0,0.698,0.761,0.388,0,,,0.734,,0.437,206,,
172,Brandon Goodwin,PG,24,ATL,34,430,0.4,15.8,0.542,0.205,0.184,0.116,0.037,0.458,0.485,0.641,0.371,0.409,0.429,0.299,0.28,0.615,0,0,0.184,0.125
173,Aaron Gordon,PF,24,ORL,58,1914,0.433,13,0.689,0.321,0.132,0.15,0.085,0.311,0.492,0.7,0.354,0.358,0.161,0.301,0.5,0.897,0.127,85,0.186,0.333
174,Eric Gordon,SG,31,HOU,34,972,0.37,19,0.342,0.201,0.11,0.021,0.011,0.658,0.467,0.557,0.375,0.333,0,0.319,0.543,0.793,0.011,5,0.083,0.208
175,Devonte' Graham,PG,24,CHO,63,2211,0.382,19.4,0.393,0.132,0.11,0.074,0.077,0.607,0.397,0.543,0.274,0.352,0.365,0.373,0.307,0.546,0.004,4,0.063,0.432
176,Treveon Graham,SG,26,TOT,55,929,0.36,14.6,0.504,0.256,0.211,0.029,0.008,0.496,0.443,0.484,0.392,0.571,0,0.275,0.63,0.97,0.004,1,0.292,0.229
177,Jerami Grant,PF,25,DEN,64,1676,0.471,13.4,0.606,0.312,0.159,0.07,0.065,0.394,0.518,0.672,0.371,0.359,0.306,0.4,0.766,1,0.111,56,0.291,0.344
178,Josh Gray,PG,26,NOP,2,23,0.5,1.5,1,1,0,0,0,0,0.5,0.5,,,,,0,,0,0,,
179,Danny Green,SG,32,LAL,61,1529,0.419,19.6,0.296,0.132,0.075,0.045,0.045,0.704,0.516,0.679,0.469,0.421,0.211,0.378,0.662,0.973,0.014,5,0.391,0.41
180,Draymond Green,PF,29,GSW,43,1222,0.389,15,0.592,0.231,0.184,0.092,0.085,0.408,0.465,0.685,0.31,0.414,0.259,0.279,0.724,1,0.019,6,0.093,0.333
181,JaMychal Green,PF,29,LAC,55,1130,0.414,18.3,0.325,0.212,0.089,0.01,0.013,0.675,0.52,0.641,0.296,0.333,0.25,0.363,0.549,1,0.043,12,0.216,0.386
182,Javonte Green,SF,26,BOS,44,414,0.5,8.3,0.765,0.51,0.224,0.02,0.01,0.235,0.573,0.66,0.364,0.5,1,0.261,0.605,1,0.173,13,0.391,0.333
183,Jeff Green,PF,33,TOT,40,754,0.444,16.1,0.471,0.253,0.169,0.031,0.019,0.529,0.553,0.697,0.432,0.25,0.2,0.348,0.588,0.938,0.088,19,0.37,0.392
184,Blake Griffin,PF,30,DET,18,512,0.352,13.8,0.556,0.276,0.212,0.036,0.032,0.444,0.439,0.565,0.358,0.222,0.125,0.243,0.393,0.593,0.02,5,0.216,0.167
185,Marko Guduric,SG,24,MEM,42,476,0.396,16.2,0.474,0.247,0.11,0.032,0.084,0.526,0.493,0.605,0.412,0.2,0.385,0.309,0.583,0.96,0.006,1,0.235,0.316
186,Kyle Guy,SG,22,SAC,2,4,0.5,22.5,0.5,0,0,0,0.5,0.5,1,,,,1,0,1,,0,0,1,0
187,Rui Hachimura,PF,21,WAS,41,1217,0.478,10.3,0.84,0.355,0.195,0.164,0.125,0.16,0.517,0.71,0.337,0.413,0.386,0.274,0.657,1,0.099,43,0.288,0.286
188,Devon Hall,SG,24,OKC,5,20,0.2,12.6,0.6,0.4,0.2,0,0,0.4,0.333,0.5,0,,,0,0,,0,0,0,
189,Donta Hall,PF,22,DET,4,48,0.25,1.5,1,1,0,0,0,0,0.25,0.25,,,,,0,,0.5,1,,
190,Dusty Hannahs,SG,26,MEM,2,13,0.444,14.3,0.667,0.111,0.444,0,0.111,0.333,0.333,1,0.25,,0,0.667,0.5,0.5,0,0,0,
191,Tim Hardaway Jr.,SG,27,DAL,63,1815,0.437,18.5,0.426,0.13,0.115,0.081,0.1,0.574,0.478,0.602,0.363,0.484,0.443,0.407,0.503,0.838,0.023,15,0.237,0.463
192,James Harden,SG,30,HOU,61,2241,0.435,16.5,0.445,0.237,0.185,0.019,0.004,0.555,0.538,0.652,0.401,0.462,0.5,0.352,0.136,0.151,0.013,16,0.044,0.353
193,Maurice Harkless,SF,26,TOT,62,1427,0.502,10.4,0.654,0.519,0.095,0.014,0.025,0.346,0.584,0.667,0.222,0.5,0.286,0.347,0.639,0.912,0.205,49,0.551,0.37
194,Jared Harper,PG,22,PHO,3,8,0.25,16.3,0.5,0,0.5,0,0,0.5,0.5,,0.5,,,0,0,,0,0,0,
195,Montrezl Harrell,C,26,LAC,63,1749,0.58,4.2,0.978,0.61,0.305,0.046,0.017,0.022,0.593,0.705,0.44,0.297,0.143,0,0.618,,0.172,134,0,
196,Gary Harris,SG,25,DEN,56,1780,0.42,13.9,0.595,0.291,0.148,0.081,0.075,0.405,0.479,0.649,0.234,0.286,0.513,0.333,0.757,0.9,0.05,25,0.295,0.484
197,Joe Harris,SF,28,BRK,63,1946,0.471,15.5,0.477,0.291,0.113,0.028,0.044,0.523,0.536,0.634,0.338,0.45,0.452,0.412,0.767,0.961,0.003,2,0.168,0.5
198,Tobias Harris,PF,27,PHI,65,2243,0.472,13.4,0.691,0.221,0.217,0.157,0.097,0.309,0.521,0.662,0.498,0.463,0.347,0.362,0.488,0.872,0.048,44,0.189,0.443
199,Shaquille Harrison,SF,26,CHI,43,484,0.467,9.1,0.745,0.515,0.17,0.048,0.012,0.255,0.496,0.576,0.286,0.5,0,0.381,0.508,0.813,0.03,5,0.381,0.313
200,Josh Hart,SF,24,NOP,57,1563,0.416,18.4,0.324,0.212,0.064,0.033,0.015,0.676,0.571,0.686,0.484,0.188,0.143,0.342,0.472,0.973,0.008,4,0.274,0.416
201,Isaiah Hartenstein,C,21,HOU,23,266,0.657,4.2,0.925,0.716,0.179,0.03,0,0.075,0.71,0.792,0.417,0.5,,0,0.818,,0.179,12,0.2,0
202,Udonis Haslem,PF,39,MIA,3,21,0.167,10.8,0.667,0.333,0.333,0,0,0.333,0.25,0,0.5,,,0,1,,0.167,0,0,
203,Jaxson Hayes,C,19,NOP,56,951,0.66,2.9,0.983,0.83,0.128,0.026,0,0.017,0.667,0.744,0.233,0.333,,0.25,0.825,1,0.43,90,0.25,1
204,Gordon Hayward,SF,29,BOS,45,1501,0.502,13.9,0.689,0.213,0.188,0.178,0.11,0.311,0.553,0.752,0.447,0.491,0.448,0.392,0.515,0.851,0.038,22,0.222,0.381
205,John Henson,PF,29,TOT,40,600,0.556,8.2,0.789,0.462,0.31,0.006,0.012,0.211,0.644,0.785,0.453,1,0,0.222,0.77,1,0.175,29,0.278,0.3
206,Dewan Hernandez,C,23,TOR,4,11,0.2,7.2,0.8,0.4,0.4,0,0,0.2,0.25,0,0.5,,,0,0,,0,0,0,
207,Juan Hernangómez,PF,24,TOT,48,833,0.405,14.7,0.478,0.352,0.097,0.02,0.008,0.522,0.475,0.575,0.167,0.4,0,0.341,0.679,0.977,0.077,16,0.217,0.357
208,Willy Hernangómez,C,25,CHO,31,375,0.532,7.3,0.842,0.489,0.273,0.058,0.022,0.158,0.59,0.706,0.447,0.375,0.333,0.227,0.58,1,0.115,14,0.136,0.333
209,Tyler Herro,SG,20,MIA,47,1280,0.414,18.2,0.524,0.118,0.1,0.12,0.186,0.476,0.434,0.508,0.434,0.422,0.394,0.391,0.471,0.778,0.004,2,0.146,0.459
210,Kevin Hervey,PF,23,OKC,7,19,0.091,21.9,0.273,0.091,0,0.091,0.091,0.727,0.333,1,,0,0,0,0,,0,0,0.125,0
211,Mario Hezonja,PF,24,POR,47,767,0.429,12.5,0.661,0.349,0.18,0.074,0.058,0.339,0.48,0.5,0.529,0.429,0.273,0.328,0.45,0.905,0.053,8,0.156,0.2
212,Buddy Hield,SG,27,SAC,64,2045,0.429,19,0.418,0.13,0.08,0.087,0.121,0.582,0.477,0.688,0.353,0.391,0.395,0.395,0.401,0.709,0.017,16,0.173,0.477
213,George Hill,PG,33,MIL,52,1103,0.53,14.6,0.548,0.315,0.113,0.057,0.063,0.452,0.571,0.755,0.211,0.368,0.476,0.48,0.476,0.63,0.03,10,0.23,0.543
214,Solomon Hill,SF,28,TOT,54,992,0.403,18.3,0.371,0.145,0.137,0.036,0.052,0.629,0.446,0.472,0.412,0.333,0.538,0.378,0.61,0.932,0.02,4,0.256,0.475
215,Jaylen Hoard,SF,20,POR,13,103,0.469,5.6,0.906,0.625,0.156,0.094,0.031,0.094,0.517,0.75,0,0,0,0,0.467,,0.031,1,0,
216,Aaron Holiday,PG,23,IND,58,1368,0.407,15.3,0.591,0.224,0.165,0.095,0.107,0.409,0.416,0.559,0.329,0.255,0.396,0.394,0.262,0.825,0.006,2,0.158,0.438
217,Jrue Holiday,SG,29,NOP,55,1922,0.452,12.1,0.654,0.338,0.214,0.063,0.039,0.346,0.502,0.629,0.367,0.441,0.25,0.357,0.307,0.557,0.025,19,0.137,0.409
218,Justin Holiday,SG,30,IND,65,1617,0.44,19.2,0.333,0.181,0.046,0.051,0.056,0.667,0.472,0.59,0.25,0.364,0.375,0.424,0.765,0.975,0.053,18,0.382,0.427
219,Rondae Hollis-Jefferson,SF,25,TOR,52,998,0.471,4.4,0.942,0.681,0.18,0.061,0.02,0.058,0.493,0.572,0.226,0.5,0.167,0.118,0.65,1,0.095,24,0.529,0
220,Richaun Holmes,C,26,SAC,39,1125,0.654,4.5,1,0.579,0.268,0.128,0.025,0,0.654,0.753,0.488,0.634,0.25,,0.738,,0.234,71,,
221,Rodney Hood,SF,27,POR,21,619,0.506,16.2,0.587,0.116,0.163,0.186,0.122,0.413,0.515,0.8,0.286,0.5,0.571,0.493,0.308,0.886,0.023,4,0.366,0.538
222,Al Horford,C,33,PHI,60,1848,0.442,15.6,0.596,0.18,0.176,0.118,0.122,0.404,0.513,0.763,0.374,0.442,0.413,0.337,0.605,0.978,0.035,21,0.121,0.281
223,Talen Horton-Tucker,SG,19,LAL,2,5,0,26,0,0,0,0,0,1,,,,,,0,,,0,0,0,
224,Danuel House,SF,26,HOU,58,1739,0.427,17.3,0.355,0.251,0.073,0.025,0.006,0.645,0.544,0.669,0.2,0.333,0.333,0.363,0.731,0.956,0.077,29,0.421,0.351
225,Dwight Howard,C,34,LAL,62,1193,0.732,2.6,0.981,0.798,0.175,0,0.008,0.019,0.734,0.815,0.378,,0.5,0.6,0.627,1,0.459,111,0.2,0
226,William Howard,SG,26,HOU,2,13,0,25.3,0,0,0,0,0,1,,,,,,0,,,0,0,0.25,0
227,Kevin Huerter,SG,21,ATL,56,1760,0.413,18.1,0.452,0.139,0.118,0.121,0.074,0.548,0.453,0.576,0.417,0.419,0.333,0.38,0.392,0.85,0.018,10,0.165,0.455
228,De'Andre Hunter,SF,22,ATL,63,2018,0.41,15.6,0.555,0.225,0.133,0.085,0.111,0.445,0.454,0.591,0.297,0.379,0.421,0.355,0.564,0.944,0.037,19,0.336,0.363
229,Chandler Hutchison,SF,23,CHI,28,527,0.457,8,0.783,0.509,0.229,0.04,0.006,0.217,0.496,0.607,0.3,0.286,0,0.316,0.618,1,0.137,20,0.553,0.381
230,Serge Ibaka,C,30,TOR,50,1377,0.518,12.3,0.734,0.242,0.266,0.111,0.114,0.266,0.562,0.762,0.488,0.478,0.394,0.398,0.798,1,0.091,52,0.114,0.263
231,Andre Iguodala,SG,36,MIA,14,259,0.49,16,0.529,0.275,0.078,0.059,0.118,0.471,0.593,0.786,0.25,0,0.667,0.375,0.75,0.889,0.118,6,0.458,0.364
232,Ersan İlyasova,PF,32,MIL,56,895,0.472,13.8,0.572,0.307,0.169,0.055,0.041,0.428,0.548,0.652,0.347,0.563,0.583,0.371,0.791,0.978,0.01,3,0.25,0.29
233,Joe Ingles,SF,32,UTA,64,1916,0.441,18.1,0.372,0.136,0.164,0.051,0.022,0.628,0.516,0.716,0.383,0.48,0.364,0.397,0.358,0.642,0.004,2,0.19,0.356
234,Brandon Ingram,PF,22,NOP,56,1919,0.466,14,0.648,0.255,0.133,0.166,0.093,0.352,0.509,0.669,0.373,0.437,0.394,0.387,0.325,0.898,0.063,55,0.257,0.429
235,Kyrie Irving,PG,27,BRK,20,658,0.478,14.6,0.659,0.19,0.173,0.195,0.101,0.341,0.522,0.671,0.444,0.506,0.405,0.394,0.203,0.357,0,0,0.099,0.5
236,Jonathan Isaac,SF,22,ORL,32,949,0.463,12,0.717,0.366,0.096,0.149,0.106,0.283,0.515,0.661,0.323,0.375,0.382,0.33,0.588,0.933,0.137,36,0.253,0.391
237,Wesley Iwundu,SF,25,ORL,45,810,0.397,14.3,0.655,0.227,0.16,0.108,0.16,0.345,0.441,0.591,0.355,0.381,0.355,0.313,0.607,0.714,0.057,9,0.328,0.318
238,Frank Jackson,PG,21,NOP,51,656,0.385,15.6,0.533,0.214,0.148,0.113,0.058,0.467,0.438,0.509,0.368,0.448,0.333,0.325,0.517,0.897,0.008,2,0.367,0.409
239,Jaren Jackson Jr.,C,20,MEM,54,1512,0.468,14.8,0.515,0.244,0.228,0.033,0.01,0.485,0.535,0.696,0.394,0.391,0.286,0.397,0.653,0.919,0.08,52,0.179,0.393
240,Josh Jackson,SG,22,MEM,18,357,0.439,14.5,0.535,0.258,0.194,0.045,0.039,0.465,0.542,0.775,0.333,0.143,0.5,0.319,0.511,0.957,0.058,8,0.319,0.348
241,Justin Jackson,PF,24,DAL,58,929,0.399,15.6,0.514,0.193,0.196,0.109,0.016,0.486,0.494,0.583,0.492,0.353,0.4,0.298,0.81,0.933,0.003,1,0.232,0.257
242,Reggie Jackson,PG,29,TOT,23,556,0.416,15.5,0.56,0.171,0.233,0.105,0.051,0.44,0.431,0.591,0.4,0.296,0.308,0.398,0.161,0.644,0.008,2,0.159,0.444
243,Justin James,SG,23,SAC,34,218,0.423,14.1,0.667,0.218,0.192,0.128,0.128,0.333,0.462,0.706,0.333,0.5,0.2,0.346,0.708,0.889,0.115,7,0.346,0.444
244,LeBron James,PG,35,LAL,60,2094,0.498,12.8,0.676,0.366,0.139,0.072,0.099,0.324,0.57,0.728,0.423,0.341,0.359,0.349,0.247,0.459,0.066,76,0.055,0.429
245,Amile Jefferson,PF,26,ORL,18,74,0.357,6.1,1,0.286,0.5,0.143,0.071,0,0.357,0.25,0.429,0.5,0,,0.4,,0,0,,
246,DaQuan Jeffries,SG,22,SAC,6,19,0.429,15.3,0.429,0.286,0.143,0,0,0.571,0.667,1,0,,,0.25,1,1,0.143,1,0.5,0
247,Ty Jerome,PG,22,PHO,28,315,0.349,16.1,0.557,0.142,0.217,0.151,0.047,0.443,0.407,0.533,0.348,0.375,0.4,0.277,0.25,0.923,0,0,0.213,0.3
248,Alize Johnson,SF,23,IND,13,54,0.467,4.3,1,0.533,0.333,0.133,0,0,0.467,0.75,0.2,0,,,0.571,,0,0,,
249,B.J. Johnson,SF,24,ORL,8,46,0.278,14.9,0.667,0.222,0.056,0.167,0.222,0.333,0.333,0.75,0,0.333,0,0.167,0.25,1,0.167,3,0.5,0.333
250,Cameron Johnson,PF,23,PHO,49,996,0.418,19.5,0.295,0.157,0.04,0.049,0.049,0.705,0.469,0.627,0.154,0.375,0.313,0.397,0.711,0.989,0.028,9,0.41,0.426
251,James Johnson,PF,32,TOT,32,619,0.479,13.2,0.577,0.372,0.153,0.042,0.009,0.423,0.565,0.713,0.303,0.222,0.5,0.363,0.457,0.879,0.07,12,0.176,0.313
252,Keldon Johnson,SF,20,SAS,9,92,0.516,7.9,0.839,0.484,0.226,0.097,0.032,0.161,0.538,0.667,0.429,0,1,0.4,0.643,1,0.032,1,0.6,0.333
253,Stanley Johnson,PF,23,TOR,20,96,0.258,14.4,0.581,0.323,0.097,0.065,0.097,0.419,0.333,0.5,0,0,0.333,0.154,0,1,0,0,0.462,0
254,Tyler Johnson,SG,27,PHO,31,515,0.38,17.6,0.515,0.164,0.105,0.105,0.14,0.485,0.466,0.571,0.389,0.5,0.375,0.289,0.61,0.917,0,0,0.181,0.467
255,Nikola Jokić,C,24,DEN,65,2101,0.528,11.9,0.767,0.234,0.283,0.142,0.107,0.233,0.594,0.727,0.602,0.478,0.433,0.314,0.515,0.859,0.015,15,0.04,0.444
256,Damian Jones,C,24,ATL,55,887,0.68,3.3,0.949,0.815,0.107,0.006,0.022,0.051,0.704,0.759,0.421,0,0.25,0.222,0.824,1,0.534,85,0.778,0.286
257,Derrick Jones Jr.,SF,22,MIA,51,1249,0.514,11.6,0.61,0.477,0.111,0.012,0.009,0.39,0.67,0.734,0.472,0.25,0.333,0.27,0.788,0.971,0.266,76,0.524,0.212
258,Tyus Jones,PG,23,MEM,65,1232,0.459,13.6,0.711,0.175,0.242,0.198,0.096,0.289,0.492,0.653,0.423,0.435,0.488,0.379,0.387,0.745,0,0,0.177,0.5
259,DeAndre Jordan,C,31,BRK,56,1234,0.666,1.8,1,0.836,0.15,0.007,0.007,0,0.666,0.729,0.349,0,0.5,,0.743,,0.463,113,,
260,Cory Joseph,PG,28,SAC,64,1538,0.42,15,0.637,0.152,0.217,0.141,0.127,0.363,0.46,0.696,0.425,0.327,0.383,0.351,0.213,0.894,0,0,0.269,0.389
261,Mfiondu Kabengele,C,22,LAC,12,64,0.438,18,0.375,0.188,0.125,0.063,0,0.625,0.417,0.833,0,0,,0.45,0.8,0.778,0.125,4,0.2,0.75
262,Frank Kaminsky,C,26,PHO,32,718,0.455,13.3,0.599,0.283,0.208,0.068,0.039,0.401,0.527,0.57,0.569,0.368,0.273,0.348,0.682,1,0.047,10,0.063,0.429
263,Enes Kanter,C,27,BOS,51,891,0.566,3.6,0.977,0.669,0.26,0.016,0.032,0.023,0.576,0.63,0.469,0.2,0.5,0.143,0.497,1,0.045,11,0.143,0
264,Luke Kennard,SG,23,DET,28,922,0.442,18.2,0.465,0.126,0.117,0.111,0.111,0.535,0.491,0.721,0.425,0.342,0.447,0.399,0.474,0.808,0.003,1,0.186,0.353
265,Stanton Kidd,SF,27,UTA,4,15,0,11.7,0.667,0,0.667,0,0,0.333,0,,0,,,0,,,0,0,0,
266,Michael Kidd-Gilchrist,PF-SF,26,TOT,21,231,0.317,13.3,0.667,0.217,0.3,0.05,0.1,0.333,0.35,0.538,0.333,0.333,0,0.25,0.643,1,0,0,0.3,0.333
267,Louis King,SF,20,DET,10,62,0.381,16.4,0.476,0.143,0.19,0.143,0,0.524,0.4,0.333,0.75,0,,0.364,0,1,0.048,1,0.364,0.75
268,Maxi Kleber,C,28,DAL,66,1695,0.459,16.5,0.386,0.29,0.06,0.026,0.011,0.614,0.594,0.667,0.393,0.333,0.4,0.374,0.822,1,0.118,51,0.378,0.37
269,Brandon Knight,PG,28,TOT,25,462,0.353,22.1,0.216,0.066,0.066,0.078,0.006,0.784,0.389,0.364,0.273,0.538,0,0.344,0.143,0.533,0,0,0.107,0.357
270,Kevin Knox,SF,20,NYK,65,1166,0.359,16.6,0.504,0.195,0.125,0.082,0.102,0.496,0.391,0.564,0.26,0.333,0.268,0.327,0.506,0.923,0.045,13,0.241,0.271
271,John Konchar,SG,23,MEM,15,167,0.657,7.9,0.743,0.571,0.143,0.029,0,0.257,0.731,0.75,0.6,1,,0.444,0.684,0.5,0.114,2,0.444,0
272,Furkan Korkmaz,SG,22,PHI,64,1398,0.432,18.9,0.383,0.115,0.132,0.078,0.058,0.617,0.487,0.695,0.382,0.425,0.4,0.397,0.719,0.984,0.019,10,0.199,0.492
273,Luke Kornet,C,24,CHI,36,559,0.439,16.1,0.422,0.289,0.102,0.021,0.011,0.578,0.646,0.741,0.474,0.5,0,0.287,0.863,1,0.134,23,0.213,0.174
274,Kyle Korver,SF,38,MIL,50,833,0.429,23.2,0.201,0.039,0.019,0.035,0.108,0.799,0.481,0.4,0.2,0.556,0.536,0.415,0.8,0.965,0,0,0.242,0.44
275,Rodions Kurucs,PF,21,BRK,39,501,0.448,13.6,0.515,0.381,0.119,0.007,0.007,0.485,0.507,0.627,0.188,0,0,0.385,0.886,0.96,0.082,9,0.215,0.357
276,Kyle Kuzma,PF,24,LAL,54,1327,0.432,15.1,0.599,0.19,0.235,0.08,0.094,0.401,0.523,0.795,0.399,0.426,0.364,0.297,0.603,0.929,0.037,20,0.212,0.52
277,Skal Labissière,C,23,POR,33,567,0.551,8.3,0.912,0.374,0.279,0.177,0.082,0.088,0.582,0.673,0.463,0.615,0.5,0.231,0.731,1,0.197,27,0.154,0
278,Jeremy Lamb,SG,27,IND,46,1291,0.451,15.1,0.67,0.194,0.146,0.146,0.184,0.33,0.508,0.624,0.457,0.543,0.398,0.335,0.368,0.755,0.01,5,0.165,0.346
279,Romeo Langford,SG,20,BOS,27,298,0.375,12.1,0.641,0.313,0.266,0.047,0.016,0.359,0.463,0.55,0.353,0.667,0,0.217,0.526,1,0.063,3,0.391,0.333
280,Zach LaVine,SG,24,CHI,60,2085,0.45,13.9,0.596,0.374,0.083,0.048,0.093,0.404,0.497,0.623,0.182,0.228,0.405,0.38,0.406,0.549,0.077,88,0.167,0.481
281,Vic Law,SF,24,ORL,5,9,0,21.3,0.667,0,0,0,0.667,0.333,0,,,,0,0,,,0,0,1,0
282,Jake Layman,PF,25,MIN,23,505,0.453,13.3,0.598,0.352,0.14,0.039,0.067,0.402,0.533,0.635,0.28,0.571,0.5,0.333,0.789,0.917,0.073,12,0.208,0.333
283,T.J. Leaf,PF,22,IND,25,193,0.435,8.4,0.797,0.493,0.217,0.072,0.014,0.203,0.455,0.559,0.333,0.2,0,0.357,0.56,1,0.072,5,0.286,0.5
284,Jalen Lecque,PG,19,PHO,4,26,0.4,13.4,0.6,0.4,0,0.1,0.1,0.4,0.667,0.75,,1,0,0,0.25,,0.1,1,0.5,0
285,Courtney Lee,SG,34,DAL,24,345,0.488,17.3,0.427,0.171,0.134,0.024,0.098,0.573,0.543,0.714,0.545,0,0.375,0.447,0.421,0.857,0.024,2,0.383,0.444
286,Damion Lee,SG,27,GSW,49,1423,0.417,16.9,0.532,0.145,0.151,0.139,0.098,0.468,0.471,0.662,0.403,0.465,0.3,0.356,0.766,0.953,0.01,4,0.218,0.385
287,Alex Len,C,26,TOT,49,895,0.556,7.2,0.815,0.563,0.195,0.05,0.007,0.185,0.626,0.694,0.508,0.333,0.5,0.25,0.727,1,0.265,70,0.464,0.346
288,Kawhi Leonard,SF,28,LAC,51,1643,0.469,14.4,0.713,0.167,0.18,0.229,0.136,0.287,0.51,0.682,0.459,0.455,0.457,0.366,0.285,0.664,0.061,54,0.048,0.5
289,Meyers Leonard,C,27,MIA,49,987,0.52,16,0.466,0.242,0.148,0.058,0.018,0.534,0.625,0.815,0.515,0.154,0.5,0.429,0.831,0.941,0.166,29,0.16,0.368
290,Caris LeVert,SG,25,BRK,39,1131,0.414,12.5,0.69,0.24,0.253,0.149,0.048,0.31,0.429,0.582,0.325,0.374,0.379,0.381,0.289,0.472,0.025,15,0.101,0.368
291,Damian Lillard,PG,29,POR,58,2140,0.457,16.6,0.507,0.3,0.077,0.061,0.069,0.493,0.518,0.607,0.27,0.423,0.488,0.394,0.089,0.283,0.015,14,0.037,0.381
292,Nassir Little,PF,19,POR,48,573,0.43,11.6,0.609,0.397,0.166,0.033,0.013,0.391,0.554,0.667,0.4,0.2,0,0.237,0.686,1,0.139,18,0.407,0.167
293,Kevon Looney,C,23,GSW,20,262,0.367,9.8,0.823,0.38,0.253,0.063,0.127,0.177,0.431,0.7,0.2,0.4,0.1,0.071,0.5,1,0.051,4,0.429,0.167
294,Brook Lopez,C,31,MIL,61,1622,0.427,15.8,0.503,0.224,0.18,0.086,0.012,0.497,0.557,0.695,0.427,0.469,0.571,0.296,0.669,1,0.067,35,0.183,0.346
295,Robin Lopez,C,31,MIL,60,862,0.502,11.8,0.648,0.264,0.341,0.037,0.007,0.352,0.588,0.681,0.495,0.7,1,0.344,0.587,1,0.044,10,0.51,0.388
296,Kevin Love,PF,31,CLE,56,1780,0.45,18.3,0.464,0.133,0.116,0.111,0.103,0.536,0.537,0.66,0.393,0.605,0.467,0.374,0.586,0.932,0.007,3,0.141,0.455
297,Kyle Lowry,PG,33,TOR,52,1901,0.417,18.3,0.417,0.211,0.092,0.045,0.07,0.583,0.505,0.647,0.324,0.424,0.365,0.354,0.218,0.542,0,0,0.086,0.324
298,Timothé Luwawu-Cabarrot,SG,24,BRK,39,671,0.406,15.7,0.432,0.302,0.083,0.021,0.026,0.568,0.47,0.534,0.313,0.25,0.4,0.358,0.667,1,0,0,0.431,0.404
299,Trey Lyles,PF,24,SAS,63,1271,0.446,15.4,0.51,0.265,0.108,0.07,0.067,0.49,0.503,0.637,0.27,0.542,0.304,0.387,0.75,1,0.061,19,0.274,0.457
300,Daryl Macon,SG,24,MIA,4,14,0.333,22.3,0.333,0,0,0,0.333,0.667,0,,,,0,0.5,,1,0,0,0.5,1
301,J.P. Macura,SG,24,CLE,1,1,,,,,,,,,,,,,,,,,,0,,
302,Josh Magette,PG,30,ORL,8,38,0.333,15,0.733,0.067,0.267,0.2,0.2,0.267,0.364,1,0.5,0.333,0,0.25,0,1,0,0,0,
303,Ian Mahinmi,C,33,WAS,38,808,0.495,6.7,0.876,0.481,0.352,0.029,0.014,0.124,0.538,0.683,0.351,0.333,0.667,0.192,0.677,1,0.157,27,0.154,0.25
304,Thon Maker,C,22,DET,60,776,0.482,12,0.668,0.332,0.223,0.057,0.057,0.332,0.55,0.734,0.349,0.455,0.364,0.344,0.761,0.955,0.155,27,0.469,0.333
305,Terance Mann,SG,23,LAC,35,271,0.407,9.9,0.778,0.333,0.241,0.167,0.037,0.222,0.452,0.722,0.308,0.222,0,0.25,0.263,1,0.056,3,0.667,0.25
306,Boban Marjanović,C,31,DAL,37,337,0.555,7.4,0.913,0.434,0.306,0.121,0.052,0.087,0.582,0.8,0.415,0.333,0.333,0.267,0.522,1,0.116,17,0.067,1
307,Lauri Markkanen,PF,22,CHI,50,1492,0.425,15.5,0.464,0.274,0.149,0.027,0.014,0.536,0.518,0.648,0.341,0.313,0.25,0.344,0.535,0.991,0.096,47,0.142,0.422
308,Caleb Martin,SF,24,CHO,18,317,0.44,14.4,0.56,0.393,0.06,0,0.107,0.44,0.362,0.424,0.2,,0.222,0.541,0.588,1,0.06,3,0.189,0.571
309,Cody Martin,SF,24,CHO,48,903,0.43,12,0.628,0.44,0.101,0.019,0.068,0.372,0.546,0.681,0.238,0,0.286,0.234,0.535,0.944,0.101,16,0.364,0.214
310,Jeremiah Martin,PG,23,BRK,3,16,0.2,13.2,0.8,0.2,0.2,0,0.4,0.2,0.25,1,0,,0,0,1,,0,0,1,0
311,Kelan Martin,SF,24,MIN,31,495,0.392,16.5,0.47,0.182,0.16,0.088,0.039,0.53,0.541,0.727,0.414,0.625,0,0.26,0.696,0.84,0.022,3,0.396,0.316
312,Frank Mason III,PG,25,MIL,6,53,0.263,16.9,0.474,0.211,0.158,0,0.105,0.526,0.333,0.5,0,,0.5,0.2,0,1,0,0,0.3,0
313,Garrison Mathews,SG,23,WAS,18,227,0.429,23.7,0.179,0.018,0.054,0.054,0.054,0.821,0.5,1,0.333,0.333,0.667,0.413,0.6,0.947,0,0,0.239,0.455
314,Wesley Matthews,SG,33,MIL,62,1529,0.397,19.7,0.309,0.137,0.085,0.052,0.035,0.691,0.468,0.691,0.235,0.381,0.286,0.365,0.621,0.931,0.005,2,0.278,0.403
315,Patrick McCaw,SF,24,TOR,37,908,0.414,13.7,0.562,0.315,0.142,0.062,0.043,0.438,0.484,0.549,0.348,0.4,0.571,0.324,0.568,1,0.006,1,0.479,0.324
316,CJ McCollum,SG,28,POR,62,2229,0.453,15.5,0.622,0.172,0.161,0.145,0.144,0.378,0.497,0.598,0.379,0.494,0.511,0.38,0.2,0.661,0.004,3,0.148,0.559
317,T.J. McConnell,PG,27,IND,63,1188,0.517,8.8,0.959,0.323,0.235,0.282,0.119,0.041,0.524,0.59,0.6,0.48,0.302,0.333,0.22,1,0,0,0.4,0.167
318,Jalen McDaniels,PF,22,CHO,16,293,0.471,11.6,0.657,0.357,0.214,0.071,0.014,0.343,0.522,0.6,0.4,0.4,1,0.375,0.5,1,0.057,4,0.583,0.429
319,Doug McDermott,PF,28,IND,62,1242,0.491,17,0.46,0.257,0.077,0.041,0.086,0.54,0.544,0.683,0.526,0.25,0.286,0.445,0.87,1,0.022,8,0.249,0.439
320,JaVale McGee,C,32,LAL,61,1023,0.64,3.6,0.979,0.7,0.226,0.046,0.007,0.021,0.643,0.753,0.344,0.462,0.5,0.5,0.736,0.667,0.406,109,0,
321,Rodney McGruder,SG,28,LAC,50,749,0.391,15.2,0.494,0.186,0.244,0.058,0.006,0.506,0.506,0.621,0.447,0.444,0,0.278,0.718,1,0.013,2,0.468,0.216
322,Alfonzo McKinnie,SF,27,CLE,40,593,0.427,12.2,0.62,0.363,0.181,0.041,0.035,0.38,0.557,0.694,0.387,0.571,0,0.215,0.678,1,0.07,10,0.446,0.276
323,Jordan McLaughlin,PG,23,MIN,30,590,0.489,13.4,0.573,0.365,0.185,0.017,0.006,0.427,0.569,0.646,0.394,1,0,0.382,0.328,0.759,0.045,7,0.118,0.444
324,Ben McLemore,SG,26,HOU,63,1437,0.445,21.4,0.17,0.143,0.026,0.002,0,0.83,0.688,0.776,0.167,1,,0.395,0.873,0.961,0.045,19,0.295,0.452
325,Jordan McRae,SG,28,TOT,37,784,0.407,15,0.656,0.194,0.169,0.148,0.145,0.344,0.433,0.62,0.355,0.333,0.377,0.357,0.394,0.689,0.03,10,0.183,0.478
326,Nicolò Melli,C,29,NOP,52,889,0.442,19.3,0.353,0.155,0.09,0.061,0.047,0.647,0.592,0.767,0.4,0.471,0.538,0.361,0.603,1,0.047,12,0.239,0.349
327,De'Anthony Melton,PG,21,MEM,52,1011,0.419,13.5,0.669,0.292,0.181,0.071,0.125,0.331,0.47,0.621,0.391,0.36,0.295,0.316,0.532,0.892,0.054,17,0.154,0.444
328,Chimezie Metu,PF,22,SAS,16,73,0.571,9.1,0.971,0.371,0.257,0.114,0.229,0.029,0.588,0.769,0.444,0.5,0.5,0,0.7,,0.2,6,0,
329,Khris Middleton,SF,28,MIL,55,1653,0.499,16.6,0.626,0.129,0.128,0.198,0.171,0.374,0.547,0.691,0.459,0.518,0.538,0.418,0.395,0.707,0.013,11,0.151,0.521
330,Eric Mika,PF,25,SAC,1,19,0.667,5.7,1,0.667,0,0.333,0,0,0.667,0.5,,1,,,1,,0.333,1,,
331,C.J. Miles,SG,32,WAS,10,161,0.322,18,0.407,0.169,0.153,0.017,0.068,0.593,0.333,0.5,0.222,0,0.25,0.314,0.75,0.909,0.017,1,0.2,0.286
332,Malcolm Miller,SF,26,TOR,25,125,0.333,20.2,0.208,0.083,0.125,0,0,0.792,0.4,0.5,0.333,,,0.316,1,1,0,0,0.263,0.6
333,Patty Mills,PG,31,SAS,63,1430,0.429,20.4,0.325,0.118,0.043,0.038,0.125,0.675,0.529,0.676,0.52,0.364,0.444,0.38,0.515,0.784,0,0,0.203,0.443
334,Paul Millsap,PF,34,DEN,44,1075,0.486,10.8,0.718,0.339,0.248,0.096,0.036,0.282,0.504,0.679,0.302,0.459,0.357,0.44,0.629,1,0.052,17,0.275,0.433
335,Shake Milton,SG,23,PHI,32,611,0.498,15.6,0.512,0.24,0.152,0.097,0.023,0.488,0.541,0.692,0.424,0.381,0.4,0.453,0.45,0.875,0.009,2,0.217,0.391
336,Donovan Mitchell,SG,23,UTA,63,2165,0.453,14.6,0.653,0.171,0.235,0.134,0.113,0.347,0.501,0.626,0.424,0.5,0.471,0.364,0.22,0.609,0.026,25,0.129,0.4
337,Naz Mitrou-Long,SG,26,IND,3,43,0.375,21.6,0.313,0.063,0.063,0.188,0,0.688,0.8,1,0,1,,0.182,0.25,1,0,0,0.182,0.5
338,Adam Mokoka,SG,21,CHI,11,112,0.429,14.2,0.464,0.429,0,0,0.036,0.536,0.462,0.5,,,0,0.4,0.667,1,0,0,0.533,0.375
339,Malik Monk,SG,21,CHO,55,1169,0.434,14,0.582,0.287,0.203,0.061,0.031,0.418,0.542,0.671,0.424,0.4,0.4,0.284,0.526,0.862,0.059,27,0.162,0.273
340,Matt Mooney,SG,22,CLE,4,19,0.25,18.8,0.5,0,0,0.25,0.25,0.5,0.5,,,1,0,0,1,,0,0,0.5,0
341,E'Twaun Moore,SG,30,NOP,51,958,0.424,14.6,0.61,0.163,0.246,0.122,0.078,0.39,0.456,0.672,0.455,0.26,0.313,0.375,0.456,0.95,0.012,4,0.331,0.358
342,Ja Morant,PG,20,MEM,59,1771,0.491,9.2,0.826,0.421,0.233,0.129,0.044,0.174,0.517,0.602,0.403,0.505,0.343,0.367,0.289,0.569,0.073,44,0.101,0.5
343,Juwan Morgan,PF,22,UTA,16,74,0.529,8.5,0.706,0.647,0.059,0,0,0.294,0.667,0.636,1,,,0.2,0.625,1,0.059,0,0.6,0
344,Marcus Morris,SF-PF,30,TOT,55,1727,0.433,17.8,0.568,0.087,0.129,0.172,0.18,0.432,0.451,0.554,0.33,0.504,0.437,0.41,0.344,0.782,0.003,2,0.213,0.449
345,Markieff Morris,PF,30,TOT,52,1106,0.445,16,0.506,0.195,0.155,0.122,0.033,0.494,0.502,0.663,0.439,0.327,0.5,0.386,0.63,0.988,0.047,19,0.29,0.393
346,Monte Morris,PG,24,DEN,65,1402,0.459,13.9,0.702,0.19,0.194,0.169,0.149,0.298,0.494,0.728,0.33,0.366,0.556,0.375,0.351,0.852,0.002,1,0.368,0.396
347,Johnathan Motley,PF,24,LAC,13,41,0.733,3.8,0.933,0.733,0.2,0,0,0.067,0.714,0.909,0,,,1,0.7,1,0.2,3,0,
348,Emmanuel Mudiay,PG,23,UTA,48,752,0.471,12.3,0.737,0.273,0.194,0.208,0.062,0.263,0.512,0.582,0.446,0.483,0.5,0.355,0.294,0.704,0.024,4,0.303,0.304
349,Mychal Mulder,SG,25,GSW,7,204,0.388,21.2,0.224,0.09,0.09,0.015,0.03,0.776,0.667,0.667,0.667,0,1,0.308,1,1,0,0,0.269,0.571
350,Dejounte Murray,PG,23,SAS,58,1447,0.475,11,0.832,0.305,0.182,0.192,0.153,0.168,0.494,0.616,0.316,0.505,0.451,0.378,0.29,0.971,0.035,17,0.333,0.4
351,Jamal Murray,PG,22,DEN,55,1804,0.455,15.5,0.641,0.187,0.135,0.142,0.177,0.359,0.517,0.658,0.439,0.458,0.473,0.345,0.479,0.657,0.039,29,0.092,0.393
352,Džanan Musa,SF,20,BRK,35,404,0.36,13.8,0.532,0.345,0.151,0.036,0,0.468,0.473,0.521,0.381,0.4,,0.231,0.629,0.867,0,0,0.154,0.3
353,Mike Muscala,C,28,OKC,41,492,0.403,20.8,0.245,0.145,0.019,0.063,0.019,0.755,0.538,0.652,0.333,0.2,1,0.358,0.857,1,0.019,3,0.158,0.368
354,Sviatoslav Mykhailiuk,SF,22,DET,56,1265,0.41,19.5,0.296,0.173,0.094,0.017,0.012,0.704,0.425,0.571,0.184,0.286,0.4,0.404,0.529,0.939,0.025,9,0.218,0.419
355,Abdel Nader,SF,26,OKC,48,756,0.455,14.6,0.523,0.264,0.182,0.041,0.036,0.477,0.53,0.707,0.375,0.333,0.25,0.371,0.689,0.974,0.036,8,0.324,0.412
356,Larry Nance Jr.,C,27,CLE,56,1472,0.531,12.5,0.631,0.394,0.109,0.074,0.053,0.369,0.636,0.753,0.447,0.375,0.522,0.352,0.613,0.982,0.188,73,0.27,0.419
357,Shabazz Napier,PG,28,TOT,51,1234,0.412,17.2,0.462,0.22,0.08,0.092,0.07,0.538,0.518,0.692,0.273,0.316,0.517,0.32,0.202,0.507,0,0,0.104,0.174
358,Raul Neto,PG,27,PHI,49,565,0.451,14.1,0.594,0.291,0.166,0.086,0.051,0.406,0.49,0.647,0.31,0.267,0.556,0.394,0.314,0.857,0,0,0.099,0.571
359,Malik Newman,SG,22,CLE,1,4,0,22,0.5,0,0,0,0.5,0.5,0,,,,0,0,,,0,0,0,
360,Georges Niang,PF,26,UTA,58,772,0.453,18.9,0.302,0.121,0.128,0.038,0.015,0.698,0.538,0.75,0.5,0.2,0,0.416,0.465,1,0.004,1,0.405,0.48
361,Nerlens Noel,C,25,OKC,55,1014,0.685,5.1,0.988,0.618,0.181,0.13,0.059,0.012,0.689,0.86,0.543,0.273,0.267,0.333,0.838,1,0.445,106,0.333,1
362,Zach Norvell,SG,22,TOT,5,41,0.25,22.5,0.333,0,0.083,0.083,0.167,0.667,0,,0,0,0,0.375,,1,0,0,0.125,0
363,Jaylen Nowell,SG,20,MIN,15,151,0.358,14.4,0.509,0.283,0.17,0.038,0.019,0.491,0.593,0.6,0.556,0.5,1,0.115,0.563,0.667,0.057,3,0.308,0.125
364,Frank Ntilikina,PG,21,NYK,57,1187,0.393,16.6,0.589,0.201,0.078,0.117,0.192,0.411,0.444,0.567,0.346,0.282,0.453,0.321,0.264,0.795,0.027,5,0.182,0.48
365,Kendrick Nunn,SG,24,MIA,62,1846,0.448,15.8,0.574,0.201,0.141,0.112,0.12,0.426,0.512,0.632,0.4,0.495,0.461,0.362,0.38,0.756,0.029,21,0.229,0.361
366,David Nwaba,SF,27,BRK,20,268,0.521,11.5,0.606,0.408,0.183,0.014,0,0.394,0.581,0.655,0.462,0,,0.429,0.64,1,0.07,5,0.464,0.462
367,Royce O'Neale,PF,26,UTA,64,1862,0.439,18.3,0.343,0.215,0.103,0.006,0.019,0.657,0.536,0.638,0.364,0,0.5,0.389,0.864,1,0.053,14,0.327,0.42
368,Kyle O'Quinn,C,29,PHI,26,258,0.486,12.9,0.681,0.389,0.056,0.097,0.139,0.319,0.571,0.643,0.5,0.286,0.6,0.304,0.643,0.857,0.056,4,0.174,0
369,Semi Ojeleye,PF,25,BOS,61,891,0.409,17.7,0.384,0.164,0.138,0.025,0.057,0.616,0.475,0.538,0.409,0,0.667,0.367,0.621,0.972,0.05,6,0.439,0.465
370,Jahlil Okafor,C,24,NOP,28,424,0.611,3.8,0.986,0.576,0.361,0.042,0,0.014,0.613,0.747,0.423,0.333,,0.5,0.552,1,0.132,16,0,
371,Elie Okobo,PG,22,PHO,54,707,0.398,13.5,0.608,0.315,0.127,0.133,0.033,0.392,0.427,0.579,0.261,0.292,0.167,0.352,0.468,0.8,0.006,1,0.183,0.385
372,Josh Okogie,SG,21,MIN,62,1547,0.427,11.7,0.613,0.405,0.176,0.03,0.003,0.387,0.529,0.64,0.329,0.25,0,0.266,0.55,0.927,0.085,30,0.299,0.348
373,KZ Okpala,SF,20,MIA,5,26,0.6,7.6,0.8,0.4,0.4,0,0,0.2,0.75,1,0.5,,,0,0.333,,0.4,2,1,0
374,Victor Oladipo,SG,27,IND,13,337,0.391,16.5,0.571,0.261,0.075,0.106,0.13,0.429,0.457,0.405,0.583,0.353,0.571,0.304,0.452,0.524,0.012,2,0.101,0.143
375,Kelly Olynyk,C,28,MIA,59,1089,0.476,17.7,0.416,0.221,0.095,0.066,0.035,0.584,0.538,0.714,0.267,0.429,0.364,0.432,0.704,0.938,0.022,7,0.168,0.355
376,Miye Oni,SG,22,UTA,5,11,0,19.5,0.5,0,0,0.5,0,0.5,0,,,0,,0,,,0,0,1,0
377,Cedi Osman,SF,24,CLE,65,1910,0.437,15.8,0.473,0.269,0.125,0.057,0.021,0.527,0.497,0.604,0.355,0.371,0.308,0.383,0.545,0.894,0.007,4,0.221,0.38
378,Kelly Oubre Jr.,SF,24,PHO,56,1933,0.452,12.7,0.628,0.334,0.166,0.082,0.046,0.372,0.511,0.587,0.387,0.426,0.553,0.352,0.574,0.954,0.103,71,0.283,0.333
379,Tariq Owens,PF,24,PHO,3,15,0.2,14.6,0.6,0.2,0.2,0,0.2,0.4,0.333,1,0,,0,0,0,,0,0,0.5,0
380,Jeremy Pargo,PG,33,GSW,3,44,0.5,14,0.682,0.273,0.136,0.136,0.136,0.318,0.533,0.833,0,0.667,0.333,0.429,0,0.667,0,0,0,
381,Jabari Parker,PF,24,TOT,33,852,0.499,10.6,0.709,0.434,0.178,0.055,0.043,0.291,0.594,0.717,0.451,0.364,0.235,0.267,0.595,0.968,0.19,70,0.319,0.324
382,Chandler Parsons,SF,31,ATL,5,54,0.278,22.3,0.222,0.056,0.111,0,0.056,0.778,0.25,0,0.5,,0,0.286,0,1,0,0,0.143,0.5
383,Eric Paschall,PF,23,GSW,60,1654,0.497,11.2,0.798,0.33,0.22,0.1,0.148,0.202,0.55,0.725,0.411,0.422,0.453,0.287,0.569,0.973,0.111,66,0.256,0.303
384,Anžejs Pasečņiks,C,24,WAS,24,405,0.528,5.7,0.981,0.462,0.358,0.113,0.047,0.019,0.538,0.735,0.447,0.167,0.2,0,0.643,,0.066,6,0,
385,Patrick Patterson,PF,30,LAC,51,607,0.404,20.6,0.245,0.112,0.059,0.037,0.037,0.755,0.457,0.524,0.455,0.429,0.286,0.387,0.81,1,0.048,7,0.38,0.407
386,Justin Patton,C,22,OKC,5,24,0.4,13.5,0.6,0.2,0.3,0,0.1,0.4,0.5,0.5,0.667,,0,0.25,1,1,0.1,1,0.5,0
387,Chris Paul,PG,34,OKC,63,2003,0.489,17.1,0.653,0.071,0.12,0.309,0.153,0.347,0.557,0.86,0.505,0.526,0.52,0.362,0.13,0.327,0,0,0.097,0.296
388,Elfrid Payton,PG,25,NYK,45,1246,0.439,8.7,0.843,0.407,0.268,0.105,0.064,0.157,0.482,0.575,0.407,0.348,0.429,0.203,0.212,0.857,0.02,9,0.159,0.273
389,Gary Payton II,PG,27,WAS,29,432,0.414,11.7,0.603,0.431,0.129,0.034,0.009,0.397,0.5,0.64,0.067,0.25,1,0.283,0.629,1,0.095,10,0.391,0.278
390,Norvel Pelle,C,26,PHI,20,178,0.514,2,1,0.857,0.114,0.029,0,0,0.514,0.567,0.25,0,,,0.611,,0.257,8,,
391,Theo Pinson,SG,24,BRK,33,365,0.29,15.9,0.484,0.348,0.09,0.032,0.013,0.516,0.4,0.481,0.143,0,1,0.188,0.167,0.667,0.026,2,0.05,0
392,Mason Plumlee,C,29,DEN,53,900,0.617,3.5,0.984,0.694,0.218,0.052,0.02,0.016,0.627,0.767,0.333,0.231,0,0,0.712,,0.339,76,0.5,0
393,Jakob Poeltl,C,24,SAS,58,965,0.619,3.5,1,0.647,0.266,0.087,0,0,0.619,0.688,0.466,0.579,,,0.741,,0.119,24,,
394,Vincent Poirier,C,26,BOS,21,114,0.485,8.2,0.939,0.455,0.212,0.121,0.152,0.061,0.484,0.533,0.571,0,0.6,0.5,0.733,1,0.182,6,0,
395,Shamorie Ponds,PG,21,TOR,4,11,0.6,11.4,0.6,0.6,0,0,0,0.4,0.667,0.667,,,,0.5,0.5,1,0,0,0,
396,Jordan Poole,SG,20,GSW,57,1274,0.333,19.1,0.472,0.129,0.094,0.086,0.163,0.528,0.392,0.523,0.426,0.349,0.293,0.279,0.462,0.851,0.006,3,0.113,0.367
397,Kevin Porter Jr.,SF,19,CLE,50,1162,0.442,14,0.625,0.295,0.121,0.105,0.105,0.375,0.506,0.718,0.353,0.295,0.295,0.335,0.444,0.755,0.088,36,0.196,0.419
398,Michael Porter Jr.,PF,21,DEN,48,670,0.495,13.2,0.642,0.34,0.137,0.049,0.116,0.358,0.536,0.701,0.308,0.286,0.424,0.422,0.592,0.837,0.109,26,0.206,0.524
399,Otto Porter,SF,26,CHI,14,331,0.443,16.2,0.557,0.164,0.193,0.086,0.114,0.443,0.487,0.391,0.704,0.333,0.375,0.387,0.342,0.917,0.007,1,0.226,0.429
400,Bobby Portis,C,24,NYK,66,1393,0.45,13.9,0.683,0.212,0.211,0.114,0.146,0.317,0.493,0.616,0.484,0.388,0.407,0.358,0.566,0.985,0.029,15,0.193,0.417
401,Kristaps Porziņģis,PF,24,DAL,51,1597,0.42,16.7,0.553,0.187,0.124,0.168,0.074,0.447,0.477,0.722,0.29,0.382,0.383,0.349,0.695,0.968,0.094,70,0.033,0.417
402,Dwight Powell,C,28,DAL,40,1061,0.638,6.1,0.83,0.677,0.135,0.013,0.004,0.17,0.716,0.813,0.323,0,0,0.256,0.809,1,0.279,57,0.308,0.333
403,Norman Powell,SG,26,TOR,44,1269,0.502,14.1,0.543,0.349,0.122,0.027,0.045,0.457,0.589,0.683,0.413,0.357,0.478,0.398,0.679,0.947,0.058,27,0.314,0.432
404,Chasson Randle,PG,26,GSW,3,40,0,19.8,0.5,0,0,0.25,0.25,0.5,0,,,0,0,0,,,0,0,0,
405,Julius Randle,PF,25,NYK,64,2080,0.46,10.5,0.77,0.358,0.235,0.097,0.081,0.23,0.515,0.631,0.424,0.439,0.358,0.277,0.404,0.938,0.056,51,0.169,0.385
406,Josh Reaves,SG,22,DAL,2,1,0,13,1,0,0,1,0,0,0,,,0,,,,,0,0,,
407,Cam Reddish,SF,20,ATL,58,1551,0.384,15.4,0.549,0.227,0.134,0.085,0.103,0.451,0.428,0.54,0.365,0.319,0.351,0.332,0.508,0.867,0.056,17,0.284,0.338
408,J.J. Redick,SG,35,NOP,54,1425,0.45,21,0.382,0.072,0.052,0.059,0.199,0.618,0.446,0.575,0.241,0.364,0.477,0.452,0.811,0.929,0,0,0.151,0.5
409,Naz Reid,C,20,MIN,30,495,0.412,12.2,0.601,0.379,0.198,0.025,0,0.399,0.466,0.598,0.25,0.167,,0.33,0.603,0.938,0.062,12,0.155,0.467
410,Josh Richardson,SG,26,PHI,48,1474,0.429,15.9,0.627,0.171,0.139,0.152,0.166,0.373,0.489,0.622,0.388,0.345,0.568,0.327,0.415,0.814,0.024,14,0.117,0.32
411,Austin Rivers,SG,27,HOU,60,1402,0.421,15.5,0.463,0.271,0.157,0.028,0.007,0.537,0.495,0.564,0.426,0.167,0.667,0.358,0.283,0.747,0.002,1,0.216,0.42
412,Duncan Robinson,SF,25,MIA,65,1949,0.467,23.3,0.114,0.062,0.028,0.01,0.015,0.886,0.614,0.816,0.529,0.167,0.222,0.448,0.837,0.959,0.007,2,0.243,0.508
413,Glenn Robinson III,SF,26,TOT,60,1743,0.486,14.4,0.67,0.215,0.17,0.114,0.171,0.33,0.535,0.702,0.459,0.455,0.455,0.387,0.778,0.919,0.069,35,0.377,0.417
414,Jerome Robinson,SG,22,TOT,55,748,0.347,17.4,0.519,0.125,0.134,0.12,0.139,0.481,0.393,0.63,0.207,0.5,0.267,0.298,0.455,0.903,0.028,3,0.308,0.25
415,Justin Robinson,PG,22,WAS,9,49,0.417,20.4,0.583,0,0.083,0,0.5,0.417,0.286,,1,,0.167,0.6,0.5,1,0,0,0,
416,Mitchell Robinson,C,21,NYK,61,1412,0.742,1.3,1,0.924,0.073,0.003,0,0,0.742,0.775,0.36,0,,,0.668,,0.616,185,,
417,Isaiah Roby,SF,21,OKC,3,11,0,4,1,0,1,0,0,0,0,,0,,,,,,0,0,,
418,Rajon Rondo,PG,33,LAL,48,984,0.418,13.6,0.619,0.305,0.171,0.064,0.079,0.381,0.473,0.58,0.357,0.381,0.385,0.328,0.125,0.659,0,0,0.192,0.333
419,Derrick Rose,PG,31,DET,50,1298,0.49,10.9,0.805,0.301,0.252,0.145,0.106,0.195,0.535,0.665,0.458,0.468,0.438,0.306,0.173,0.644,0.003,2,0.122,0.444
420,Terrence Ross,SG,28,ORL,63,1723,0.407,20,0.416,0.09,0.068,0.106,0.152,0.584,0.477,0.786,0.321,0.402,0.415,0.357,0.617,0.87,0.031,20,0.081,0.405
421,Terry Rozier,PG,25,CHO,63,2164,0.423,15.6,0.55,0.221,0.149,0.103,0.078,0.45,0.436,0.553,0.343,0.361,0.384,0.407,0.319,0.808,0.009,6,0.187,0.405
422,Ricky Rubio,PG,29,PHO,57,1802,0.412,13.8,0.692,0.252,0.134,0.134,0.172,0.308,0.44,0.526,0.268,0.512,0.39,0.351,0.28,0.879,0,0,0.271,0.412
423,D'Angelo Russell,PG,23,TOT,45,1452,0.426,19.1,0.491,0.078,0.118,0.155,0.139,0.509,0.487,0.712,0.39,0.42,0.517,0.367,0.243,0.538,0.004,3,0.081,0.429
424,Domantas Sabonis,C,23,IND,62,2159,0.54,7.2,0.921,0.511,0.225,0.047,0.138,0.079,0.565,0.686,0.382,0.35,0.487,0.254,0.651,1,0.064,51,0.09,0.167
425,Luka Šamanić,PF,20,SAS,1,12,0,14.8,0.5,0.25,0.25,0,0,0.5,0,0,0,,,0,,,0,0,0,
426,JaKarr Sampson,SF,26,IND,26,340,0.593,6.7,0.84,0.605,0.136,0.086,0.012,0.16,0.676,0.735,0.545,0.429,1,0.154,0.848,1,0.247,18,0.769,0.1
427,Dario Šarić,PF,25,PHO,58,1441,0.462,14.4,0.545,0.306,0.136,0.034,0.068,0.455,0.563,0.667,0.359,0.625,0.469,0.341,0.681,0.973,0.011,5,0.173,0.189
428,Tomáš Satoranský,PG,28,CHI,65,1878,0.43,12.7,0.639,0.287,0.212,0.1,0.04,0.361,0.491,0.595,0.402,0.473,0.273,0.322,0.341,0.906,0.034,17,0.286,0.368
429,Admiral Schofield,SF,22,WAS,27,293,0.4,17.9,0.373,0.187,0.107,0.067,0.013,0.627,0.571,0.571,0.5,0.6,1,0.298,0.688,1,0.04,2,0.277,0.462
430,Dennis Schröder,PG,26,OKC,63,1952,0.468,14.9,0.661,0.221,0.124,0.177,0.14,0.339,0.512,0.641,0.444,0.443,0.455,0.381,0.359,0.852,0.003,3,0.106,0.529
431,Mike Scott,PF,31,PHI,63,1119,0.408,18.6,0.361,0.185,0.082,0.056,0.038,0.639,0.496,0.576,0.462,0.389,0.333,0.358,0.667,1,0.019,4,0.221,0.267
432,Thabo Sefolosha,PF,35,HOU,41,436,0.407,16.9,0.407,0.253,0.066,0.033,0.055,0.593,0.595,0.826,0.167,0.333,0.2,0.278,0.591,1,0,0,0.444,0.417
433,Collin Sexton,SG,21,CLE,65,2143,0.472,11.1,0.765,0.33,0.215,0.153,0.068,0.235,0.501,0.615,0.391,0.446,0.419,0.38,0.293,0.742,0.024,23,0.11,0.536
434,Landry Shamet,SG,22,LAC,47,1294,0.416,20.9,0.236,0.12,0.043,0.043,0.031,0.764,0.494,0.69,0.133,0.533,0.182,0.392,0.61,0.971,0.009,1,0.269,0.417
435,Marial Shayok,SG,24,PHI,2,10,0.2,19,0.4,0.2,0,0,0.2,0.6,0,0,,,0,0.333,,1,0,0,0.667,0
436,Iman Shumpert,SG,29,BRK,13,241,0.328,18.5,0.484,0.156,0.031,0.078,0.219,0.516,0.419,0.6,0.5,0.4,0.286,0.242,0.769,0.875,0,0,0.242,0.25
437,Pascal Siakam,PF,25,TOR,53,1882,0.459,12.4,0.68,0.289,0.234,0.073,0.084,0.32,0.506,0.709,0.376,0.342,0.31,0.359,0.424,0.643,0.042,40,0.234,0.373
438,Chris Silva,PF,23,MIA,41,307,0.623,4,0.971,0.681,0.203,0.058,0.029,0.029,0.642,0.745,0.357,0.5,0.5,0,0.674,,0.275,18,0.5,0
439,Ben Simmons,PG,23,PHI,54,1930,0.585,3.6,0.99,0.642,0.303,0.039,0.006,0.01,0.588,0.72,0.374,0.167,0,0.333,0.507,1,0.169,98,0.333,1
440,Anfernee Simons,SG,20,POR,65,1400,0.402,15.8,0.583,0.211,0.133,0.13,0.109,0.417,0.448,0.568,0.343,0.353,0.456,0.338,0.372,0.689,0.027,12,0.169,0.378
441,Alen Smailagić,PF,19,GSW,14,139,0.5,11.4,0.675,0.325,0.25,0.075,0.025,0.325,0.63,0.846,0.5,0,1,0.231,0.529,1,0.025,1,0.308,0.25
442,Marcus Smart,SG,25,BOS,53,1721,0.38,18.6,0.418,0.104,0.165,0.104,0.044,0.582,0.424,0.53,0.365,0.47,0.286,0.348,0.304,0.719,0.008,4,0.149,0.345
443,Dennis Smith Jr.,PG,22,NYK,34,537,0.341,12.7,0.744,0.332,0.128,0.081,0.204,0.256,0.357,0.543,0.222,0.235,0.186,0.296,0.179,0.563,0.043,7,0.148,0.375
444,Ish Smith,PG,31,WAS,60,1570,0.451,13.3,0.742,0.229,0.176,0.153,0.184,0.258,0.48,0.639,0.382,0.494,0.364,0.367,0.188,0.745,0,0,0.273,0.341
445,Zhaire Smith,SG,20,PHI,7,32,0.273,10.3,0.727,0.545,0,0.091,0.091,0.273,0.375,0.5,,0,0,0,0.667,,0.273,2,0.333,0
446,Tony Snell,SF,28,DET,59,1641,0.445,19.4,0.335,0.102,0.118,0.068,0.047,0.665,0.531,0.692,0.489,0.346,0.556,0.402,0.647,0.892,0.024,9,0.374,0.432
447,Omari Spellman,PF,22,GSW,49,886,0.431,14.3,0.627,0.305,0.112,0.078,0.132,0.373,0.454,0.556,0.303,0.478,0.333,0.391,0.607,1,0.102,19,0.182,0.55
448,Max Strus,SG,23,CHI,2,6,0.667,9,0.667,0.667,0,0,0,0.333,1,1,,,,0,0.5,,0,0,0,
449,Edmond Sumner,PG,24,IND,25,345,0.423,11.2,0.658,0.378,0.234,0.045,0,0.342,0.507,0.69,0.269,0.2,,0.263,0.568,1,0.036,4,0.289,0.545
450,Caleb Swanigan,PF,22,TOT,27,288,0.596,5.3,0.957,0.617,0.191,0.106,0.043,0.043,0.622,0.724,0.444,0.4,0.5,0,0.75,,0.021,1,0.5,0
451,Jayson Tatum,PF,21,BOS,59,2043,0.448,14.1,0.623,0.255,0.164,0.119,0.085,0.377,0.479,0.616,0.379,0.402,0.368,0.398,0.434,0.557,0.055,56,0.181,0.395
452,Jeff Teague,PG,31,TOT,59,1464,0.436,10.9,0.761,0.303,0.297,0.123,0.039,0.239,0.457,0.574,0.407,0.317,0.368,0.368,0.159,0.465,0.01,4,0.085,0.5
453,Garrett Temple,SG,33,BRK,55,1547,0.378,18.8,0.34,0.181,0.055,0.052,0.052,0.66,0.483,0.579,0.379,0.333,0.407,0.324,0.593,0.866,0.008,3,0.292,0.347
454,Daniel Theis,C,27,BOS,58,1382,0.565,8.9,0.788,0.495,0.183,0.073,0.037,0.212,0.631,0.725,0.457,0.536,0.429,0.321,0.789,1,0.207,71,0.111,0.333
455,Isaiah Thomas,PG,30,WAS,40,925,0.408,17.7,0.556,0.066,0.157,0.185,0.148,0.444,0.405,0.536,0.299,0.392,0.476,0.413,0.385,0.769,0,0,0.111,0.238
456,Khyri Thomas,SG,23,DET,8,61,0.294,22.7,0.176,0,0.059,0.059,0.059,0.824,0,,0,0,0,0.357,,1,0,0,0.143,0.5
457,Matt Thomas,SG,25,TOR,33,321,0.486,21,0.324,0.054,0.054,0.099,0.117,0.676,0.528,0.5,0.5,0.455,0.615,0.467,0.737,1,0,0,0.253,0.579
458,Tristan Thompson,C,28,CLE,57,1721,0.512,5.2,0.959,0.496,0.372,0.073,0.018,0.041,0.518,0.624,0.435,0.317,0.1,0.391,0.599,0.667,0.185,95,0.087,0
459,Matisse Thybulle,SG,22,PHI,57,1110,0.41,16.9,0.393,0.256,0.081,0.034,0.021,0.607,0.5,0.65,0.263,0.25,0,0.352,0.717,1,0.128,27,0.317,0.444
460,Anthony Tolliver,PF,34,TOT,47,732,0.348,20.8,0.219,0.129,0.058,0.013,0.019,0.781,0.441,0.4,0.444,0.5,0.667,0.322,0.867,0.974,0.013,2,0.231,0.393
461,Juan Toscano-Anderson,SF,26,GSW,13,272,0.46,11.6,0.635,0.397,0.19,0.016,0.032,0.365,0.525,0.72,0.25,0,0,0.348,0.476,1,0.111,6,0.348,0.375
462,Karl-Anthony Towns,C,24,MIN,35,1187,0.508,14,0.555,0.328,0.148,0.032,0.047,0.445,0.586,0.721,0.457,0.25,0.276,0.412,0.505,0.816,0.064,38,0.101,0.429
463,Gary Trent Jr.,SG,21,POR,53,1059,0.426,18.8,0.426,0.111,0.086,0.111,0.117,0.574,0.477,0.667,0.3,0.436,0.463,0.388,0.408,0.846,0.02,7,0.274,0.364
464,Allonzo Trier,PG,24,NYK,24,291,0.481,17.5,0.5,0.208,0.057,0.085,0.151,0.5,0.604,0.682,0.167,0.667,0.625,0.358,0.281,0.789,0.057,5,0.132,0.429
465,P.J. Tucker,PF,34,HOU,64,2203,0.433,18.2,0.313,0.152,0.094,0.037,0.029,0.687,0.573,0.649,0.486,0.5,0.545,0.37,0.731,0.989,0,0,0.759,0.4
466,Rayjon Tucker,SG,22,UTA,14,78,0.421,11.6,0.684,0.263,0.316,0.105,0,0.316,0.615,1,0.333,0.5,,0,0.625,,0.053,1,0.167,0
467,Evan Turner,PG,31,ATL,19,251,0.373,10.4,0.925,0.299,0.149,0.343,0.134,0.075,0.403,0.55,0.5,0.261,0.333,0,0.4,,0,0,0.2,0
468,Myles Turner,C,23,IND,55,1628,0.451,15.8,0.557,0.211,0.147,0.108,0.091,0.443,0.542,0.688,0.513,0.536,0.255,0.336,0.705,1,0.062,26,0.153,0.343
469,Jarrod Uthoff,SF,26,MEM,4,14,0.143,17.7,0.429,0.143,0.143,0.143,0,0.571,0.333,0,0,1,,0,1,,0,0,0,
470,Jonas Valančiūnas,C,27,MEM,62,1630,0.586,7.1,0.88,0.429,0.358,0.067,0.026,0.12,0.616,0.734,0.54,0.318,0.471,0.367,0.584,1,0.09,55,0.114,0.333
471,Denzel Valentine,SF,26,CHI,36,488,0.409,19.5,0.422,0.046,0.152,0.143,0.08,0.578,0.51,0.545,0.444,0.529,0.579,0.336,0.412,0.783,0,0,0.153,0.429
472,Jarred Vanderbilt,SF-PF,20,TOT,11,46,0.625,4,0.875,0.875,0,0,0,0.125,0.714,0.714,,,,0,0.6,,0.25,2,1,0
473,Fred VanVleet,PG,25,TOR,48,1719,0.409,15.4,0.518,0.311,0.104,0.04,0.063,0.482,0.43,0.546,0.192,0.286,0.341,0.388,0.179,0.702,0,0,0.157,0.453
474,Gabe Vincent,PG,23,MIA,6,42,0.211,23.2,0.158,0,0.053,0.105,0,0.842,0,,0,0,,0.25,,1,0,0,0.125,0
475,Noah Vonleh,C-PF,24,TOT,33,364,0.562,6.9,0.831,0.506,0.315,0,0.011,0.169,0.635,0.711,0.536,,0,0.2,0.553,1,0.169,13,0.2,0.333
476,Nikola Vučević,C,29,ORL,54,1763,0.47,12.2,0.726,0.238,0.288,0.123,0.077,0.274,0.523,0.673,0.485,0.393,0.414,0.329,0.731,0.988,0.029,23,0.028,0.857
477,Dean Wade,PF,23,CLE,12,71,0.692,8.5,0.692,0.615,0.077,0,0,0.308,0.778,0.75,1,,,0.5,0.714,1,0.308,4,0.5,0.5
478,Moritz Wagner,C,22,WAS,37,707,0.575,9.4,0.706,0.504,0.184,0.013,0.004,0.294,0.671,0.791,0.381,0.333,0,0.343,0.769,1,0.096,19,0.149,0.4
479,Dion Waiters,SG,28,MIA,3,42,0.385,19.3,0.346,0.192,0.038,0,0.115,0.654,0.222,0.2,0,,0.333,0.471,0.5,0.75,0,0,0.176,0.333
480,Kemba Walker,PG,29,BOS,50,1592,0.421,17.4,0.474,0.201,0.117,0.079,0.077,0.526,0.47,0.605,0.278,0.455,0.422,0.377,0.254,0.479,0,0,0.043,0.316
481,Lonnie Walker,SG,21,SAS,53,767,0.434,11.9,0.734,0.341,0.187,0.075,0.131,0.266,0.444,0.582,0.3,0.3,0.371,0.408,0.563,0.966,0.056,12,0.254,0.444
482,Tyrone Wallace,SG,25,ATL,14,160,0.318,11.9,0.659,0.432,0.136,0.068,0.023,0.341,0.448,0.579,0.167,0.333,0,0.067,0.615,0,0.023,1,0.267,0
483,Taurean Prince,SF,25,BRK,64,1857,0.376,17.5,0.417,0.188,0.112,0.074,0.042,0.583,0.429,0.54,0.313,0.345,0.387,0.339,0.576,0.877,0.02,14,0.309,0.331
484,Derrick Walton,PG,24,TOT,26,248,0.462,20.5,0.385,0.077,0,0.154,0.154,0.615,0.533,0.667,,0.5,0.5,0.417,0.25,0.9,0,0,0.25,0.167
485,Brad Wanamaker,PG,30,BOS,63,1215,0.428,12.2,0.717,0.283,0.248,0.091,0.094,0.283,0.452,0.656,0.278,0.448,0.3,0.367,0.427,0.879,0.006,2,0.033,0.667
486,T.J. Warren,SF,26,IND,61,1984,0.529,11.8,0.788,0.274,0.178,0.222,0.114,0.212,0.571,0.769,0.432,0.503,0.444,0.375,0.611,0.942,0.039,34,0.478,0.432
487,P.J. Washington,PF,21,CHO,58,1759,0.455,12.3,0.61,0.324,0.25,0.024,0.012,0.39,0.507,0.66,0.34,0.214,0.429,0.374,0.786,0.965,0.109,59,0.274,0.508
488,Yuta Watanabe,SG,25,MEM,16,99,0.414,11.4,0.724,0.345,0.172,0.138,0.069,0.276,0.429,0.6,0.4,0,0.5,0.375,0.556,1,0.138,2,0.25,0.5
489,Tremont Waters,PG,22,BOS,10,89,0.343,16.3,0.514,0.2,0.171,0.086,0.057,0.486,0.5,0.714,0.333,0,1,0.176,0.222,0,0,0,0.118,0
490,Paul Watson,SF-SG,25,TOT,5,25,0,17.8,0.5,0,0.375,0,0.125,0.5,0,,0,,0,0,,,0,0,0.25,0
491,Quinndary Weatherspoon,SG,23,SAS,3,15,0,20.3,0.667,0,0,0.333,0.333,0.333,0,,,0,0,0,,,0,0,0,
492,Russell Westbrook,PG,31,HOU,53,1905,0.474,10.1,0.832,0.413,0.143,0.128,0.148,0.168,0.518,0.64,0.363,0.422,0.41,0.254,0.232,0.647,0.043,39,0.199,0.225
493,Coby White,SG,19,CHI,65,1674,0.394,16,0.525,0.258,0.106,0.054,0.107,0.475,0.43,0.529,0.321,0.372,0.329,0.354,0.263,0.759,0.01,4,0.141,0.377
494,Derrick White,SG,25,SAS,61,1468,0.459,13.4,0.655,0.265,0.209,0.108,0.073,0.345,0.513,0.585,0.546,0.38,0.353,0.356,0.385,0.772,0.019,8,0.138,0.409
495,Hassan Whiteside,C,30,POR,61,1911,0.618,5.1,0.99,0.558,0.259,0.108,0.065,0.01,0.619,0.743,0.503,0.37,0.432,0.571,0.652,1,0.189,124,0,
496,Andrew Wiggins,SF-SG,24,TOT,54,1858,0.447,13.6,0.658,0.251,0.212,0.102,0.094,0.342,0.506,0.686,0.454,0.33,0.337,0.332,0.393,0.775,0.034,31,0.138,0.326
497,Grant Williams,PF,21,BOS,62,970,0.417,13.9,0.557,0.271,0.203,0.063,0.021,0.443,0.551,0.654,0.538,0.333,0,0.247,0.593,0.857,0.031,4,0.412,0.286
498,Johnathan Williams,C,24,WAS,11,135,0.64,8.8,0.92,0.44,0.28,0.08,0.12,0.08,0.696,0.909,0.571,0,0.667,0,0.563,,0.16,4,0.5,0
499,Kenrich Williams,PF,25,NOP,35,779,0.343,18.1,0.329,0.245,0.049,0.014,0.021,0.671,0.511,0.543,0.429,0.5,0.333,0.26,0.667,0.96,0.035,4,0.438,0.357
500,Lou Williams,SG,33,LAC,60,1757,0.416,14.8,0.666,0.191,0.187,0.144,0.144,0.334,0.442,0.574,0.406,0.354,0.402,0.363,0.196,0.636,0.006,3,0.22,0.354
501,Marvin Williams,PF,33,TOT,52,1011,0.442,17.3,0.422,0.141,0.197,0.06,0.024,0.578,0.552,0.829,0.469,0.333,0.167,0.361,0.672,0.981,0.012,2,0.354,0.471
502,Robert Williams,C,22,BOS,23,323,0.677,2.8,1,0.758,0.194,0,0.048,0,0.677,0.766,0.417,,0.333,,0.738,,0.419,23,,
503,Nigel Williams-Goss,PG,25,UTA,9,28,0.143,15.3,0.714,0,0.429,0.143,0.143,0.286,0.2,,0.333,0,0,0,1,,0,0,0,
504,Zion Williamson,PF,19,NOP,19,565,0.589,3.6,0.955,0.767,0.154,0.021,0.014,0.045,0.595,0.674,0.289,0.333,0,0.462,0.747,1,0.192,51,0,
505,D.J. Wilson,PF,23,MIL,31,280,0.396,16.5,0.455,0.238,0.109,0.059,0.05,0.545,0.565,0.792,0.273,0.167,0.6,0.255,0.846,0.929,0.139,11,0.236,0.615
506,Justise Winslow,SF,23,MIA,11,352,0.388,10.4,0.791,0.256,0.372,0.085,0.078,0.209,0.431,0.606,0.354,0.455,0.2,0.222,0.5,0.833,0.031,3,0.296,0.125
507,Christian Wood,PF,24,DET,62,1325,0.567,10.1,0.724,0.409,0.234,0.041,0.039,0.276,0.636,0.793,0.445,0.381,0.4,0.386,0.714,0.926,0.242,115,0.279,0.385
508,Delon Wright,SG,27,DAL,65,1412,0.47,11,0.693,0.365,0.273,0.031,0.024,0.307,0.508,0.647,0.356,0.417,0.222,0.385,0.306,0.8,0.021,7,0.171,0.55
509,Justin Wright-Foreman,PG,22,UTA,1,2,,,,,,,,,,,,,,,,,,0,,
510,Thaddeus Young,PF,31,CHI,64,1591,0.448,11.9,0.631,0.329,0.25,0.023,0.028,0.369,0.501,0.601,0.413,0.214,0.353,0.356,0.568,0.937,0.048,26,0.423,0.362
511,Trae Young,PG,21,ATL,60,2120,0.437,16.8,0.545,0.183,0.167,0.146,0.05,0.455,0.501,0.596,0.452,0.467,0.413,0.361,0.161,0.298,0,0,0.033,0.579
512,Cody Zeller,C,27,CHO,58,1341,0.524,6.6,0.843,0.57,0.242,0.027,0.004,0.157,0.577,0.659,0.422,0.154,1,0.24,0.704,0.944,0.14,63,0.053,0.5
513,Ante Žižić,C,23,CLE,22,221,0.569,4.1,1,0.514,0.361,0.111,0.014,0,0.569,0.622,0.462,0.75,0,,0.756,,0.042,1,,
514,Ivica Zubac,C,22,LAC,64,1156,0.601,3.5,0.994,0.685,0.232,0.042,0.036,0.006,0.605,0.67,0.41,0.5,0.75,0,0.733,,0.262,84,0,
